image_path,headline,true_label,blip2_caption,clip_label,roberta_text_label,roberta_cap_label,initial_impression,initial_reasoning,final_decision,changed_mind,confidence,explanation,nudge,raw_output
/content/FakeNews/assets/content/fakeddit_images/44.jpg,bernie sander announces his campaign for president,0,"yoda is sitting in a chair with the caption, ""yoda is a wise man""",Real,Fake,Fake,Fake,"The headline 'bernie sander announces his campaign for president' is suspicious because the name is misspelled ('sander' instead of 'sanders'), which is a common sign of misinformation or careless fake news.",Fake,No,High,"My initial impression was that the headline was likely fake due to the misspelling of 'Bernie Sanders' as 'bernie sander,' which undermines credibility. The AI-generated image description was not aligned with the headline at all, describing Yoda sitting in a chair, which is unrelated and suggests hallucination or irrelevance. The vision tool classified the image as Real but with very low confidence and detected unrelated visual concepts, indicating the image content does not support the headline. The text tool flagged both the headline and the AI caption as Fake with high confidence, reinforcing the suspicion. The sentiment analysis showed the headline was neutral but the caption had some positive sentiment, which is irrelevant here. The consistency tool showed very low similarity scores between headline, caption, and image, confirming poor alignment and inconsistency. All evidence supports the conclusion that this news item is Fake.","Always check for spelling and factual accuracy in headlines, and be cautious when the accompanying image or description does not relate to the headline, as this often signals misinformation.","{
  ""Initial_Impression"": ""Fake"",
  ""Initial_Reasoning"": ""The headline 'bernie sander announces his campaign for president' is suspicious because the name is misspelled ('sander' instead of 'sanders'), which is a common sign of misinformation or careless fake news."",
  ""Final_Decision"": ""Fake"",
  ""Did_Decision_Change"": ""No"",
  ""Decision_Confidence"": ""High"",
  ""Explanation"": ""My initial impression was that the headline was likely fake due to the misspelling of 'Bernie Sanders' as 'bernie sander,' which undermines credibility. The AI-generated image description was not aligned with the headline at all, describing Yoda sitting in a chair, which is unrelated and suggests hallucination or irrelevance. The vision tool classified the image as Real but with very low confidence and detected unrelated visual concepts, indicating the image content does not support the headline. The text tool flagged both the headline and the AI caption as Fake with high confidence, reinforcing the suspicion. The sentiment analysis showed the headline was neutral but the caption had some positive sentiment, which is irrelevant here. The consistency tool showed very low similarity scores between headline, caption, and image, confirming poor alignment and inconsistency. All evidence supports the conclusion that this news item is Fake."",
  ""Nudge"": ""Always check for spelling and factual accuracy in headlines, and be cautious when the accompanying image or description does not relate to the headline, as this often signals misinformation.""
}"
/content/FakeNews/assets/content/fakeddit_images/225.jpg,my dom nsfw,0,a woman is standing in front of microphones,Fake,Fake,Fake,Fake,"The headline 'my dom nsfw' is vague, informal, and contains an acronym commonly associated with adult content, which often appears in misleading or sensational contexts.",Fake,No,High,"My initial impression based on the headline alone was that this news item is likely fake due to the informal and potentially sensational nature of the phrase 'my dom nsfw,' which is often linked to adult or misleading content. The AI-generated image description 'a woman is standing in front of microphones' does not align well with the headline, indicating a lack of coherence. The vision tool detected concepts like 'microphone' but flagged the image as fake with moderate confidence. The text tool classified both the headline and the AI caption as fake with high confidence and neutral sentiment, suggesting no genuine informative content. The consistency tool showed very low to negative similarity scores between the headline, caption, and image, confirming poor alignment and reinforcing the suspicion of misinformation. Overall, the forensic tools strongly support the initial intuition that this is fake news.","Be cautious of headlines that use vague, informal, or acronym-heavy language, especially related to adult content, as they often signal sensational or misleading information. Always check if the image and description logically align with the headline before trusting the content.","{
  ""Initial_Impression"": ""Fake"",
  ""Initial_Reasoning"": ""The headline 'my dom nsfw' is vague, informal, and contains an acronym commonly associated with adult content, which often appears in misleading or sensational contexts."",
  ""Final_Decision"": ""Fake"",
  ""Did_Decision_Change"": ""No"",
  ""Decision_Confidence"": ""High"",
  ""Explanation"": ""My initial impression based on the headline alone was that this news item is likely fake due to the informal and potentially sensational nature of the phrase 'my dom nsfw,' which is often linked to adult or misleading content. The AI-generated image description 'a woman is standing in front of microphones' does not align well with the headline, indicating a lack of coherence. The vision tool detected concepts like 'microphone' but flagged the image as fake with moderate confidence. The text tool classified both the headline and the AI caption as fake with high confidence and neutral sentiment, suggesting no genuine informative content. The consistency tool showed very low to negative similarity scores between the headline, caption, and image, confirming poor alignment and reinforcing the suspicion of misinformation. Overall, the forensic tools strongly support the initial intuition that this is fake news."",
  ""Nudge"": ""Be cautious of headlines that use vague, informal, or acronym-heavy language, especially related to adult content, as they often signal sensational or misleading information. Always check if the image and description logically align with the headline before trusting the content.""
}"
/content/FakeNews/assets/content/fakeddit_images/31.jpg,my inlaws moved into a building that hasnt updated its common room since,1,a room with purple walls and green furniture,Real,Real,Fake,Real,"The headline seems like a personal anecdote about an outdated common room, which is plausible and not sensational or extraordinary.",Real,No,Medium,"Initially, the headline appeared to be a straightforward, believable personal story about an old common room in a building. The AI-generated image description was somewhat aligned, describing a room with purple walls and green furniture, which could fit an outdated common room. The vision tool detected concepts like 'living room' and 'recreation room' and classified the image as Real with moderate confidence. The text tool found the headline to be Real with very high confidence, though it flagged the AI caption as Fake, likely due to its vagueness or lack of detail. The consistency tool showed low to moderate similarity scores between the headline, caption, and image, indicating some alignment but not strong. Overall, the tools support the headline's plausibility and the image's authenticity, so the final decision remains Real with medium confidence due to some minor inconsistencies and the AI caption's low reliability.","When evaluating similar content, focus on whether the headline makes a plausible claim and check if the image and description provide consistent, specific details rather than vague or generic ones.","{
  ""Initial_Impression"": ""Real"",
  ""Initial_Reasoning"": ""The headline seems like a personal anecdote about an outdated common room, which is plausible and not sensational or extraordinary."",
  ""Final_Decision"": ""Real"",
  ""Did_Decision_Change"": ""No"",
  ""Decision_Confidence"": ""Medium"",
  ""Explanation"": ""Initially, the headline appeared to be a straightforward, believable personal story about an old common room in a building. The AI-generated image description was somewhat aligned, describing a room with purple walls and green furniture, which could fit an outdated common room. The vision tool detected concepts like 'living room' and 'recreation room' and classified the image as Real with moderate confidence. The text tool found the headline to be Real with very high confidence, though it flagged the AI caption as Fake, likely due to its vagueness or lack of detail. The consistency tool showed low to moderate similarity scores between the headline, caption, and image, indicating some alignment but not strong. Overall, the tools support the headline's plausibility and the image's authenticity, so the final decision remains Real with medium confidence due to some minor inconsistencies and the AI caption's low reliability."",
  ""Nudge"": ""When evaluating similar content, focus on whether the headline makes a plausible claim and check if the image and description provide consistent, specific details rather than vague or generic ones.""
}"
/content/FakeNews/assets/content/fakeddit_images/148.jpg,a leaf fell perfectly in the wet cement,1,a leaf on the sidewalk,Real,Real,Fake,Real,"The headline describes a simple, plausible event of a leaf falling perfectly in wet cement, which is a believable and non-sensational claim.",Real,No,Medium,"Initially, the headline seemed realistic as it described a straightforward natural occurrence without sensationalism. The AI-generated image description 'a leaf on the sidewalk' was somewhat aligned but less specific than the headline, so it was treated cautiously. The vision tool detected relevant visual concepts like 'mortar' and 'crosswalk' and classified the image as Real with moderate confidence. The text tool strongly supported the headline as Real with high confidence, though it flagged the AI caption as Fake, likely due to its vagueness and lack of detail. Sentiment analysis showed the headline was mildly positive and non-sensational. Consistency scores showed moderate alignment between headline and caption (0.54) and weaker but positive alignment between image and text/caption (~0.35), indicating the image content somewhat matches the textual claims but not perfectly. Overall, the forensic evidence supports the headline's plausibility and the image's authenticity, so the final decision remains Real with medium confidence due to some moderate alignment scores and the AI caption's lower quality.","When evaluating similar content, focus on whether the claim is plausible and non-sensational, and check if the image and description provide clear, specific support rather than vague or generic details.","{
  ""Initial_Impression"": ""Real"",
  ""Initial_Reasoning"": ""The headline describes a simple, plausible event of a leaf falling perfectly in wet cement, which is a believable and non-sensational claim."",
  ""Final_Decision"": ""Real"",
  ""Did_Decision_Change"": ""No"",
  ""Decision_Confidence"": ""Medium"",
  ""Explanation"": ""Initially, the headline seemed realistic as it described a straightforward natural occurrence without sensationalism. The AI-generated image description 'a leaf on the sidewalk' was somewhat aligned but less specific than the headline, so it was treated cautiously. The vision tool detected relevant visual concepts like 'mortar' and 'crosswalk' and classified the image as Real with moderate confidence. The text tool strongly supported the headline as Real with high confidence, though it flagged the AI caption as Fake, likely due to its vagueness and lack of detail. Sentiment analysis showed the headline was mildly positive and non-sensational. Consistency scores showed moderate alignment between headline and caption (0.54) and weaker but positive alignment between image and text/caption (~0.35), indicating the image content somewhat matches the textual claims but not perfectly. Overall, the forensic evidence supports the headline's plausibility and the image's authenticity, so the final decision remains Real with medium confidence due to some moderate alignment scores and the AI caption's lower quality."",
  ""Nudge"": ""When evaluating similar content, focus on whether the claim is plausible and non-sensational, and check if the image and description provide clear, specific support rather than vague or generic details.""
}"
/content/FakeNews/assets/content/fakeddit_images/34.jpg,a philadelphia bar cut a hall of famers baseball card in half and made it part of their wallpaper in mint condition its worth,1,a baseball card with a picture of a man on it,Real,Real,Real,Fake,"The headline claims a Philadelphia bar cut a Hall of Famer's baseball card in half and made it part of their wallpaper, implying damage to a valuable collectible, which sounds unusual and potentially sensational or misleading.",Real,Yes,Medium,"Initially, the headline seemed suspicious because damaging a valuable Hall of Famer's baseball card to use as wallpaper sounds like a sensational or misleading claim. However, the AI-generated image description was aligned with the headline, describing a baseball card with a man's picture on it, which is consistent. The vision tool detected relevant visual concepts such as 'ballplayer' and 'baseball' and classified the image as Real with moderate confidence. The text tool classified both the headline and the AI caption as Real with high confidence and showed neutral sentiment, indicating no strong sensationalism. The consistency tool showed moderate semantic alignment between the headline and caption (0.59) and some alignment between the image and texts (around 0.31-0.33), supporting that the image content relates to the claim. While the image-to-text alignment is not very high, it is sufficient to support the headline's claim rather than contradict it. Overall, the forensic evidence suggests the news is likely Real, though the confidence is medium due to the moderate alignment scores and the unusual nature of the claim.","When encountering unusual or sensational claims, look for supporting visual and textual evidence and check if the image content genuinely aligns with the headline before accepting the story as true.","{
  ""Initial_Impression"": ""Fake"",
  ""Initial_Reasoning"": ""The headline claims a Philadelphia bar cut a Hall of Famer's baseball card in half and made it part of their wallpaper, implying damage to a valuable collectible, which sounds unusual and potentially sensational or misleading."",
  ""Final_Decision"": ""Real"",
  ""Did_Decision_Change"": ""Yes"",
  ""Decision_Confidence"": ""Medium"",
  ""Explanation"": ""Initially, the headline seemed suspicious because damaging a valuable Hall of Famer's baseball card to use as wallpaper sounds like a sensational or misleading claim. However, the AI-generated image description was aligned with the headline, describing a baseball card with a man's picture on it, which is consistent. The vision tool detected relevant visual concepts such as 'ballplayer' and 'baseball' and classified the image as Real with moderate confidence. The text tool classified both the headline and the AI caption as Real with high confidence and showed neutral sentiment, indicating no strong sensationalism. The consistency tool showed moderate semantic alignment between the headline and caption (0.59) and some alignment between the image and texts (around 0.31-0.33), supporting that the image content relates to the claim. While the image-to-text alignment is not very high, it is sufficient to support the headline's claim rather than contradict it. Overall, the forensic evidence suggests the news is likely Real, though the confidence is medium due to the moderate alignment scores and the unusual nature of the claim."",
  ""Nudge"": ""When encountering unusual or sensational claims, look for supporting visual and textual evidence and check if the image content genuinely aligns with the headline before accepting the story as true.""
}"
/content/FakeNews/assets/content/fakeddit_images/209.jpg,clean floors by day fight crime at night,0,a mop sitting on top of a tool rack,Real,Fake,Fake,Fake,"The headline 'clean floors by day fight crime at night' sounds sensational and implausible, suggesting a narrative that is likely exaggerated or fabricated.",Fake,No,High,"My initial impression based on the headline was that the news item is likely fake due to its sensational and improbable claim. The AI-generated image description 'a mop sitting on top of a tool rack' is somewhat aligned with the headline's mention of cleaning but does not support the crime-fighting claim, making it only partially reliable. The vision tool detected objects related to cleaning tools and labeled the image as Real but with low confidence, indicating the image itself is not manipulated. However, the text tool strongly flagged both the headline and the AI caption as fake with high confidence, and the headline's sentiment was notably negative, indicating sensationalism. The consistency tool showed low similarity scores between the headline, caption, and image, reflecting poor alignment and suggesting the content is misleading or fabricated. Overall, the forensic evidence confirms the initial intuition that this news item is fake.",Be cautious of headlines that combine unrelated or sensational claims; always check if the accompanying image and description logically support the headline before trusting the content.,"{
  ""Initial_Impression"": ""Fake"",
  ""Initial_Reasoning"": ""The headline 'clean floors by day fight crime at night' sounds sensational and implausible, suggesting a narrative that is likely exaggerated or fabricated."",
  ""Final_Decision"": ""Fake"",
  ""Did_Decision_Change"": ""No"",
  ""Decision_Confidence"": ""High"",
  ""Explanation"": ""My initial impression based on the headline was that the news item is likely fake due to its sensational and improbable claim. The AI-generated image description 'a mop sitting on top of a tool rack' is somewhat aligned with the headline's mention of cleaning but does not support the crime-fighting claim, making it only partially reliable. The vision tool detected objects related to cleaning tools and labeled the image as Real but with low confidence, indicating the image itself is not manipulated. However, the text tool strongly flagged both the headline and the AI caption as fake with high confidence, and the headline's sentiment was notably negative, indicating sensationalism. The consistency tool showed low similarity scores between the headline, caption, and image, reflecting poor alignment and suggesting the content is misleading or fabricated. Overall, the forensic evidence confirms the initial intuition that this news item is fake."",
  ""Nudge"": ""Be cautious of headlines that combine unrelated or sensational claims; always check if the accompanying image and description logically support the headline before trusting the content.""
}"
/content/FakeNews/assets/content/fakeddit_images/141.jpg,brake or break uk artwork by mendoza,0,a vintage advertisement for a bicycle with the words brake or break,Fake,Fake,Real,Fake,"The headline 'brake or break uk artwork by mendoza' is vague and somewhat nonsensical, which raises suspicion about its authenticity as news.",Fake,No,High,"My initial impression based on the headline alone was that the news item might be fake due to its unclear and ambiguous phrasing. The AI-generated image description, which describes a vintage bicycle advertisement with the words 'brake or break,' aligns moderately with the headline but is more coherent and plausible. The vision tool detected relevant bicycle-related concepts but flagged the image as fake with moderate confidence. The text tool strongly flagged the headline as fake while considering the AI caption as real, indicating a mismatch in credibility between the headline and the image description. The consistency tool showed moderate semantic similarity between the headline and caption but low cross-modal similarity between the image and both texts, suggesting weak alignment overall. These forensic signals confirm my initial suspicion that the headline is misleading or fabricated, and the content is likely fake news.","When encountering vague or oddly phrased headlines, look for clear, consistent details in the accompanying image and description to verify authenticity before accepting the news as true.","{
  ""Initial_Impression"": ""Fake"",
  ""Initial_Reasoning"": ""The headline 'brake or break uk artwork by mendoza' is vague and somewhat nonsensical, which raises suspicion about its authenticity as news."",
  ""Final_Decision"": ""Fake"",
  ""Did_Decision_Change"": ""No"",
  ""Decision_Confidence"": ""High"",
  ""Explanation"": ""My initial impression based on the headline alone was that the news item might be fake due to its unclear and ambiguous phrasing. The AI-generated image description, which describes a vintage bicycle advertisement with the words 'brake or break,' aligns moderately with the headline but is more coherent and plausible. The vision tool detected relevant bicycle-related concepts but flagged the image as fake with moderate confidence. The text tool strongly flagged the headline as fake while considering the AI caption as real, indicating a mismatch in credibility between the headline and the image description. The consistency tool showed moderate semantic similarity between the headline and caption but low cross-modal similarity between the image and both texts, suggesting weak alignment overall. These forensic signals confirm my initial suspicion that the headline is misleading or fabricated, and the content is likely fake news."",
  ""Nudge"": ""When encountering vague or oddly phrased headlines, look for clear, consistent details in the accompanying image and description to verify authenticity before accepting the news as true.""
}"
/content/FakeNews/assets/content/fakeddit_images/183.jpg,budapest,1,"the chain bridge in budapest, hungary",Real,Real,Real,Real,"The headline 'budapest' is a straightforward geographic reference without sensational or extraordinary claims, suggesting it is likely benign content.",Real,No,High,"My initial impression was that the headline 'budapest' is a simple, factual geographic term, which typically indicates benign content. The AI-generated image description 'the chain bridge in budapest, hungary' aligns well with the headline, describing a well-known landmark in Budapest. The vision tool detected relevant visual concepts such as 'bridge' and 'suspension bridge' and classified the image as Real with moderate confidence. The text tool classified both the headline and the AI caption as Real with good confidence and found no sensational sentiment. The consistency tool showed moderate semantic alignment between the headline and caption (0.55) and some alignment between the image and text/caption (~0.29), which is reasonable given the general nature of the headline. Overall, the tools confirmed my initial judgment that this is Real content with high confidence.","When evaluating news items with very brief or generic headlines, look for alignment with image descriptions and visual evidence to confirm authenticity rather than relying solely on the headline.","{
  ""Initial_Impression"": ""Real"",
  ""Initial_Reasoning"": ""The headline 'budapest' is a straightforward geographic reference without sensational or extraordinary claims, suggesting it is likely benign content."",
  ""Final_Decision"": ""Real"",
  ""Did_Decision_Change"": ""No"",
  ""Decision_Confidence"": ""High"",
  ""Explanation"": ""My initial impression was that the headline 'budapest' is a simple, factual geographic term, which typically indicates benign content. The AI-generated image description 'the chain bridge in budapest, hungary' aligns well with the headline, describing a well-known landmark in Budapest. The vision tool detected relevant visual concepts such as 'bridge' and 'suspension bridge' and classified the image as Real with moderate confidence. The text tool classified both the headline and the AI caption as Real with good confidence and found no sensational sentiment. The consistency tool showed moderate semantic alignment between the headline and caption (0.55) and some alignment between the image and text/caption (~0.29), which is reasonable given the general nature of the headline. Overall, the tools confirmed my initial judgment that this is Real content with high confidence."",
  ""Nudge"": ""When evaluating news items with very brief or generic headlines, look for alignment with image descriptions and visual evidence to confirm authenticity rather than relying solely on the headline.""
}"
/content/FakeNews/assets/content/fakeddit_images/9.jpg,i dont know he looks kinda sick,0,a blue toilet paper holder with a face on it,Real,Fake,Real,Fake,"The headline 'i dont know he looks kinda sick' is vague, informal, and suspiciously ambiguous, which often aligns with misleading or fake content rather than a straightforward news headline.",Fake,No,High,"My initial impression based on the headline alone was that this was likely fake news due to its vague and informal nature, which does not resemble typical credible news headlines. The AI-generated image description 'a blue toilet paper holder with a face on it' was somewhat aligned with the image content, as the vision tool detected concepts related to toilet tissue and similar objects, and classified the image as Real but with low confidence. However, the text tool flagged the headline as Fake with very high confidence, while the AI caption was considered Real but with low confidence. The sentiment analysis showed the headline had a negative tone, which can be a sign of sensationalism or informal speech. The consistency tool showed very low semantic similarity between the headline and the AI caption (0.07), and low cross-modal similarities between the image and both texts (0.22 and 0.36), indicating poor alignment overall. This weak alignment and the strong fake classification of the headline confirm my initial suspicion that this is not credible news. Therefore, I maintain the decision that this is Fake news with high confidence.","When encountering vague or informal headlines that seem out of place for news, consider checking the alignment between the headline, image, and description, and be cautious of content that lacks clear, factual information or context.","{
  ""Initial_Impression"": ""Fake"",
  ""Initial_Reasoning"": ""The headline 'i dont know he looks kinda sick' is vague, informal, and suspiciously ambiguous, which often aligns with misleading or fake content rather than a straightforward news headline."",
  ""Final_Decision"": ""Fake"",
  ""Did_Decision_Change"": ""No"",
  ""Decision_Confidence"": ""High"",
  ""Explanation"": ""My initial impression based on the headline alone was that this was likely fake news due to its vague and informal nature, which does not resemble typical credible news headlines. The AI-generated image description 'a blue toilet paper holder with a face on it' was somewhat aligned with the image content, as the vision tool detected concepts related to toilet tissue and similar objects, and classified the image as Real but with low confidence. However, the text tool flagged the headline as Fake with very high confidence, while the AI caption was considered Real but with low confidence. The sentiment analysis showed the headline had a negative tone, which can be a sign of sensationalism or informal speech. The consistency tool showed very low semantic similarity between the headline and the AI caption (0.07), and low cross-modal similarities between the image and both texts (0.22 and 0.36), indicating poor alignment overall. This weak alignment and the strong fake classification of the headline confirm my initial suspicion that this is not credible news. Therefore, I maintain the decision that this is Fake news with high confidence."",
  ""Nudge"": ""When encountering vague or informal headlines that seem out of place for news, consider checking the alignment between the headline, image, and description, and be cautious of content that lacks clear, factual information or context.""
}"
/content/FakeNews/assets/content/fakeddit_images/281.jpg,this door at a norwegian hotel has a mark that looks like norway,1,a small piece of paper is stuck to the wall,Real,Real,Fake,Real,"The headline describes a simple, plausible observation about a door at a Norwegian hotel having a mark resembling Norway, which seems like a benign and believable detail.",Real,No,High,"Initially, the headline seemed realistic as it described a straightforward and plausible observation about a door with a mark resembling Norway. The AI-generated image description, 'a small piece of paper is stuck to the wall,' was somewhat vague but not contradictory to the headline, so it was treated as potentially useful. The vision tool detected relevant visual concepts such as 'elevator door' and 'hotel room,' and classified the image as Real with moderate confidence. The text tool classified the headline as Real with very high confidence, while it flagged the AI caption as Fake, likely due to its vagueness and lack of detail. Sentiment analysis showed the headline was neutral to slightly positive, while the caption was slightly negative, indicating no sensationalism. The consistency tool showed low but positive similarity scores between headline, caption, and image, indicating some alignment but not strong. Overall, the forensic tools supported the initial impression that the news is Real, as the image and headline align reasonably and the content is plausible and non-sensational. Therefore, the final decision remains Real with high confidence.","When evaluating similar content, focus on whether the claim is plausible and non-sensational, and check if the image and description align well with the headline to avoid being misled by vague or unrelated captions.","{
  ""Initial_Impression"": ""Real"",
  ""Initial_Reasoning"": ""The headline describes a simple, plausible observation about a door at a Norwegian hotel having a mark resembling Norway, which seems like a benign and believable detail."",
  ""Final_Decision"": ""Real"",
  ""Did_Decision_Change"": ""No"",
  ""Decision_Confidence"": ""High"",
  ""Explanation"": ""Initially, the headline seemed realistic as it described a straightforward and plausible observation about a door with a mark resembling Norway. The AI-generated image description, 'a small piece of paper is stuck to the wall,' was somewhat vague but not contradictory to the headline, so it was treated as potentially useful. The vision tool detected relevant visual concepts such as 'elevator door' and 'hotel room,' and classified the image as Real with moderate confidence. The text tool classified the headline as Real with very high confidence, while it flagged the AI caption as Fake, likely due to its vagueness and lack of detail. Sentiment analysis showed the headline was neutral to slightly positive, while the caption was slightly negative, indicating no sensationalism. The consistency tool showed low but positive similarity scores between headline, caption, and image, indicating some alignment but not strong. Overall, the forensic tools supported the initial impression that the news is Real, as the image and headline align reasonably and the content is plausible and non-sensational. Therefore, the final decision remains Real with high confidence."",
  ""Nudge"": ""When evaluating similar content, focus on whether the claim is plausible and non-sensational, and check if the image and description align well with the headline to avoid being misled by vague or unrelated captions.""
}"
/content/FakeNews/assets/content/fakeddit_images/293.jpg,funding boost means new koala homes among the gum trees,1,a koala bear is wrapped in a blanket and sitting on a chair,Real,Real,Real,Real,"The headline about funding boosting new koala homes among gum trees sounds plausible and positive, typical of environmental or wildlife conservation news.",Real,No,High,"My initial impression was that the headline was real because it describes a believable and positive conservation effort. The AI-generated image description, while somewhat different in focus (a koala wrapped in a blanket on a chair), still aligns with the theme of koalas and care. The vision tool detected relevant visual concepts such as koala and related animals, and classified the image as Real with moderate confidence. The text tool strongly classified both the headline and the AI caption as Real, with the headline showing a positive sentiment and the caption neutral but not sensational. The consistency tool showed moderate alignment between the headline, caption, and image, indicating they are related and not contradictory. Overall, the forensic tools confirmed the initial intuition that this is a genuine news item about koala conservation.","When evaluating similar content, pay attention to whether the headline and image share a clear thematic connection and avoid jumping to conclusions based on minor differences in image description or sensational wording.","{
  ""Initial_Impression"": ""Real"",
  ""Initial_Reasoning"": ""The headline about funding boosting new koala homes among gum trees sounds plausible and positive, typical of environmental or wildlife conservation news."",
  ""Final_Decision"": ""Real"",
  ""Did_Decision_Change"": ""No"",
  ""Decision_Confidence"": ""High"",
  ""Explanation"": ""My initial impression was that the headline was real because it describes a believable and positive conservation effort. The AI-generated image description, while somewhat different in focus (a koala wrapped in a blanket on a chair), still aligns with the theme of koalas and care. The vision tool detected relevant visual concepts such as koala and related animals, and classified the image as Real with moderate confidence. The text tool strongly classified both the headline and the AI caption as Real, with the headline showing a positive sentiment and the caption neutral but not sensational. The consistency tool showed moderate alignment between the headline, caption, and image, indicating they are related and not contradictory. Overall, the forensic tools confirmed the initial intuition that this is a genuine news item about koala conservation."",
  ""Nudge"": ""When evaluating similar content, pay attention to whether the headline and image share a clear thematic connection and avoid jumping to conclusions based on minor differences in image description or sensational wording.""
}"
/content/FakeNews/assets/content/fakeddit_images/202.jpg,you please ramen noodle package you eat,0,a person holding a box of instant noodles,Real,Fake,Fake,Fake,"The headline 'you please ramen noodle package you eat' is incoherent and nonsensical, which strongly suggests it is not genuine news content.",Fake,No,High,"My initial impression based on the headline alone was that this news item is fake due to the incoherent and grammatically incorrect phrasing, which does not resemble legitimate news. The AI-generated image description 'a person holding a box of instant noodles' is somewhat aligned with the headline's mention of ramen noodles, so it is somewhat reliable as a complement. The vision tool detected relevant visual concepts like 'packet' and 'pantry' and classified the image as Real but with low confidence (around 0.5), indicating the image itself is plausible. However, the text tool strongly flagged both the headline and the AI caption as fake with very high confidence, reinforcing the suspicion that the text content is not genuine. The sentiment scores were neutral to low, indicating no sensationalism but rather incoherence. The consistency tool showed moderate but not strong alignment between headline and caption (0.46) and weak alignment between image and text or caption (around 0.3), suggesting the image and texts are only loosely related. Overall, the forensic evidence confirms the initial intuition that the headline is fake news, despite the image being real or plausible. Therefore, the final decision remains Fake with high confidence.","When encountering headlines that seem incoherent or grammatically incorrect, be skeptical and check if the text makes logical sense. Also, verify if the image and text content align well to avoid being misled by unrelated or manipulated visuals.","{
  ""Initial_Impression"": ""Fake"",
  ""Initial_Reasoning"": ""The headline 'you please ramen noodle package you eat' is incoherent and nonsensical, which strongly suggests it is not genuine news content."",
  ""Final_Decision"": ""Fake"",
  ""Did_Decision_Change"": ""No"",
  ""Decision_Confidence"": ""High"",
  ""Explanation"": ""My initial impression based on the headline alone was that this news item is fake due to the incoherent and grammatically incorrect phrasing, which does not resemble legitimate news. The AI-generated image description 'a person holding a box of instant noodles' is somewhat aligned with the headline's mention of ramen noodles, so it is somewhat reliable as a complement. The vision tool detected relevant visual concepts like 'packet' and 'pantry' and classified the image as Real but with low confidence (around 0.5), indicating the image itself is plausible. However, the text tool strongly flagged both the headline and the AI caption as fake with very high confidence, reinforcing the suspicion that the text content is not genuine. The sentiment scores were neutral to low, indicating no sensationalism but rather incoherence. The consistency tool showed moderate but not strong alignment between headline and caption (0.46) and weak alignment between image and text or caption (around 0.3), suggesting the image and texts are only loosely related. Overall, the forensic evidence confirms the initial intuition that the headline is fake news, despite the image being real or plausible. Therefore, the final decision remains Fake with high confidence."",
  ""Nudge"": ""When encountering headlines that seem incoherent or grammatically incorrect, be skeptical and check if the text makes logical sense. Also, verify if the image and text content align well to avoid being misled by unrelated or manipulated visuals.""
}"
/content/FakeNews/assets/content/fakeddit_images/42.jpg,no planes were hurt in the filming of this scene photo credit in comments,0,air france a330-300 and airbus a350-900,Fake,Fake,Real,Fake,"The headline 'no planes were hurt in the filming of this scene photo credit in comments' sounds like a humorous or sarcastic disclaimer often used in fake or staged content, suggesting the scene might be fabricated or digitally created.",Fake,No,High,"My initial impression was that the headline indicated a staged or fake scene, as it uses a common humorous disclaimer implying no real planes were harmed, which often hints at digital manipulation or fake content. The AI image description mentioning specific aircraft models (Air France A330-300 and Airbus A350-900) was somewhat aligned but generic and did not confirm authenticity. The vision tool detected relevant visual concepts like planes and airliners but flagged the image as Fake with moderate confidence (about 0.5). The text tool strongly flagged the headline as Fake with high confidence (0.96), while it considered the AI caption Real, indicating the caption is plausible but the headline is suspicious. Sentiment analysis showed the headline had a negative/sensational tone, consistent with fake or misleading content. The consistency tool showed low similarity scores between headline, caption, and image (all around 0.25-0.3), indicating weak alignment and suggesting the image and caption do not strongly support the headline's claim. Overall, the forensic tools confirmed my initial suspicion that this news item is Fake with high confidence.","Be cautious of headlines that use humorous or sarcastic disclaimers about safety or harm, as they often accompany staged or digitally altered content. Always check if the image and description align well with the headline before trusting such news.","{
  ""Initial_Impression"": ""Fake"",
  ""Initial_Reasoning"": ""The headline 'no planes were hurt in the filming of this scene photo credit in comments' sounds like a humorous or sarcastic disclaimer often used in fake or staged content, suggesting the scene might be fabricated or digitally created."",
  ""Final_Decision"": ""Fake"",
  ""Did_Decision_Change"": ""No"",
  ""Decision_Confidence"": ""High"",
  ""Explanation"": ""My initial impression was that the headline indicated a staged or fake scene, as it uses a common humorous disclaimer implying no real planes were harmed, which often hints at digital manipulation or fake content. The AI image description mentioning specific aircraft models (Air France A330-300 and Airbus A350-900) was somewhat aligned but generic and did not confirm authenticity. The vision tool detected relevant visual concepts like planes and airliners but flagged the image as Fake with moderate confidence (about 0.5). The text tool strongly flagged the headline as Fake with high confidence (0.96), while it considered the AI caption Real, indicating the caption is plausible but the headline is suspicious. Sentiment analysis showed the headline had a negative/sensational tone, consistent with fake or misleading content. The consistency tool showed low similarity scores between headline, caption, and image (all around 0.25-0.3), indicating weak alignment and suggesting the image and caption do not strongly support the headline's claim. Overall, the forensic tools confirmed my initial suspicion that this news item is Fake with high confidence."",
  ""Nudge"": ""Be cautious of headlines that use humorous or sarcastic disclaimers about safety or harm, as they often accompany staged or digitally altered content. Always check if the image and description align well with the headline before trusting such news.""
}"
/content/FakeNews/assets/content/fakeddit_images/263.jpg,a floating island,0,a small island in the middle of the ocean,Real,Fake,Fake,Fake,"The headline 'a floating island' is vague and potentially sensational, which often aligns with misleading or fake news content.",Fake,No,High,"My initial impression was that the headline 'a floating island' sounded vague and possibly sensational, which can be a hallmark of fake news. The AI-generated image description 'a small island in the middle of the ocean' aligns reasonably well with the headline, so it was considered reliable for further analysis. The vision tool detected relevant visual concepts such as 'islet' and 'iceberg' and classified the image as Real but with low confidence (around 0.51), indicating some uncertainty. However, the text tool strongly flagged both the headline and the AI caption as Fake with very high confidence (around 0.98 each), suggesting the textual content is likely misleading or false. The sentiment scores were neutral, so no sensational tone was detected. The consistency tool showed moderate semantic similarity between the headline and caption (0.74), but low cross-modal similarity between the image and both texts (around 0.3), indicating the image does not strongly support the textual claims. Overall, the strong textual fake classification combined with weak image-text alignment supports the conclusion that this news item is Fake. The tools confirmed my initial suspicion rather than changing it.","When encountering vague or sensational headlines like 'a floating island,' critically check if the accompanying image and description truly support the claim, and be cautious if the text seems misleading or lacks clear evidence.","{
  ""Initial_Impression"": ""Fake"",
  ""Initial_Reasoning"": ""The headline 'a floating island' is vague and potentially sensational, which often aligns with misleading or fake news content."",
  ""Final_Decision"": ""Fake"",
  ""Did_Decision_Change"": ""No"",
  ""Decision_Confidence"": ""High"",
  ""Explanation"": ""My initial impression was that the headline 'a floating island' sounded vague and possibly sensational, which can be a hallmark of fake news. The AI-generated image description 'a small island in the middle of the ocean' aligns reasonably well with the headline, so it was considered reliable for further analysis. The vision tool detected relevant visual concepts such as 'islet' and 'iceberg' and classified the image as Real but with low confidence (around 0.51), indicating some uncertainty. However, the text tool strongly flagged both the headline and the AI caption as Fake with very high confidence (around 0.98 each), suggesting the textual content is likely misleading or false. The sentiment scores were neutral, so no sensational tone was detected. The consistency tool showed moderate semantic similarity between the headline and caption (0.74), but low cross-modal similarity between the image and both texts (around 0.3), indicating the image does not strongly support the textual claims. Overall, the strong textual fake classification combined with weak image-text alignment supports the conclusion that this news item is Fake. The tools confirmed my initial suspicion rather than changing it."",
  ""Nudge"": ""When encountering vague or sensational headlines like 'a floating island,' critically check if the accompanying image and description truly support the claim, and be cautious if the text seems misleading or lacks clear evidence.""
}"
/content/FakeNews/assets/content/fakeddit_images/269.jpg,riva chosen by the people x,0,the cover of a book with the words 'crush by the people ',Fake,Fake,Real,Fake,"The headline 'riva chosen by the people x' is vague, oddly phrased, and contains a suspicious trailing 'x' which often appears in low-quality or fake news headlines. It lacks clear context or credible framing.",Fake,No,Medium,"My initial impression was that the headline seemed suspicious and likely fake due to its vague and awkward wording. The AI-generated image description 'the cover of a book with the words 'crush by the people'' was somewhat related but not well aligned with the headline, indicating some inconsistency. The vision tool detected concepts like 'book jacket' but flagged the image as Fake with moderate confidence (about 0.5). The text tool classified the headline as Fake with moderate confidence (~0.55), while the AI caption was classified as Real with higher confidence (~0.8), showing a discrepancy between the headline and the caption. Sentiment analysis showed neutral to slightly negative tone, not overly sensational. The consistency tool showed low similarity scores (~0.23 to 0.29) between headline, caption, and image, indicating weak alignment and possible mismatch. Overall, the forensic tools confirmed the initial suspicion that this news item is likely fake, though the confidence is medium due to some ambiguity and moderate confidence scores.","When evaluating news, pay close attention to clarity and coherence in headlines and check if the accompanying images and descriptions logically align with the claims. Vague or oddly phrased headlines with inconsistent visuals often signal misinformation.","{
  ""Initial_Impression"": ""Fake"",
  ""Initial_Reasoning"": ""The headline 'riva chosen by the people x' is vague, oddly phrased, and contains a suspicious trailing 'x' which often appears in low-quality or fake news headlines. It lacks clear context or credible framing."",
  ""Final_Decision"": ""Fake"",
  ""Did_Decision_Change"": ""No"",
  ""Decision_Confidence"": ""Medium"",
  ""Explanation"": ""My initial impression was that the headline seemed suspicious and likely fake due to its vague and awkward wording. The AI-generated image description 'the cover of a book with the words 'crush by the people'' was somewhat related but not well aligned with the headline, indicating some inconsistency. The vision tool detected concepts like 'book jacket' but flagged the image as Fake with moderate confidence (about 0.5). The text tool classified the headline as Fake with moderate confidence (~0.55), while the AI caption was classified as Real with higher confidence (~0.8), showing a discrepancy between the headline and the caption. Sentiment analysis showed neutral to slightly negative tone, not overly sensational. The consistency tool showed low similarity scores (~0.23 to 0.29) between headline, caption, and image, indicating weak alignment and possible mismatch. Overall, the forensic tools confirmed the initial suspicion that this news item is likely fake, though the confidence is medium due to some ambiguity and moderate confidence scores."",
  ""Nudge"": ""When evaluating news, pay close attention to clarity and coherence in headlines and check if the accompanying images and descriptions logically align with the claims. Vague or oddly phrased headlines with inconsistent visuals often signal misinformation.""
}"
/content/FakeNews/assets/content/fakeddit_images/278.jpg,avengers infinity war,0,a colorful windows logo with squares,Fake,Fake,Real,Fake,"The headline 'avengers infinity war' suggests a well-known movie title, but without additional context or credible source, it could be used misleadingly or out of context.",Fake,No,High,"Initially, the headline alone raised suspicion because it is a popular movie title that could be misused in misleading content. The AI-generated image description 'a colorful windows logo with squares' does not align with the headline about a superhero movie, indicating a mismatch. The vision tool detected visual concepts unrelated to the Avengers movie and classified the image as Fake with moderate confidence. The text tool strongly flagged the headline as Fake with very high confidence and negative sentiment, while the AI caption was considered Real but neutral in sentiment. Consistency scores between headline, caption, and image were very low, showing poor alignment. All evidence consistently points to the content being Fake, confirming the initial impression with high confidence.","When encountering headlines referencing popular movies or events, always check if the accompanying images and descriptions logically match the claim to avoid being misled by unrelated or manipulated content.","{
  ""Initial_Impression"": ""Fake"",
  ""Initial_Reasoning"": ""The headline 'avengers infinity war' suggests a well-known movie title, but without additional context or credible source, it could be used misleadingly or out of context."",
  ""Final_Decision"": ""Fake"",
  ""Did_Decision_Change"": ""No"",
  ""Decision_Confidence"": ""High"",
  ""Explanation"": ""Initially, the headline alone raised suspicion because it is a popular movie title that could be misused in misleading content. The AI-generated image description 'a colorful windows logo with squares' does not align with the headline about a superhero movie, indicating a mismatch. The vision tool detected visual concepts unrelated to the Avengers movie and classified the image as Fake with moderate confidence. The text tool strongly flagged the headline as Fake with very high confidence and negative sentiment, while the AI caption was considered Real but neutral in sentiment. Consistency scores between headline, caption, and image were very low, showing poor alignment. All evidence consistently points to the content being Fake, confirming the initial impression with high confidence."",
  ""Nudge"": ""When encountering headlines referencing popular movies or events, always check if the accompanying images and descriptions logically match the claim to avoid being misled by unrelated or manipulated content.""
}"
/content/FakeNews/assets/content/fakeddit_images/56.jpg,poll nfl drops as favorite us sport,1,"atlanta falcons vs new england patriots live stream, tv channel, time, how to watch nfl football online",Real,Real,Real,Real,"The headline 'poll nfl drops as favorite us sport' sounds like a plausible news item about changing sports popularity, which is a common topic in sports media.",Real,No,Medium,"Initially, the headline seemed credible as it discusses a realistic topic about the NFL's popularity dropping in polls, which is a typical sports news subject. The AI-generated image description about an NFL game broadcast is somewhat related but not directly aligned with the headline, so it was treated cautiously. The vision tool detected football-related concepts and classified the image as Real with moderate confidence. The text tool strongly classified both the headline and the AI caption as Real, with the headline showing some positive sentiment but not sensationalism. The consistency tool showed low but positive alignment scores between the headline, caption, and image, indicating some thematic connection but not strong direct correlation. Overall, the forensic tools support the headline's credibility, and no strong evidence of fabrication was found. Therefore, the final decision remains Real with medium confidence due to the moderate alignment scores.","When evaluating sports news about popularity or polls, check for supporting data or official poll sources and be cautious if the headline makes broad claims without evidence or context.","{
  ""Initial_Impression"": ""Real"",
  ""Initial_Reasoning"": ""The headline 'poll nfl drops as favorite us sport' sounds like a plausible news item about changing sports popularity, which is a common topic in sports media."",
  ""Final_Decision"": ""Real"",
  ""Did_Decision_Change"": ""No"",
  ""Decision_Confidence"": ""Medium"",
  ""Explanation"": ""Initially, the headline seemed credible as it discusses a realistic topic about the NFL's popularity dropping in polls, which is a typical sports news subject. The AI-generated image description about an NFL game broadcast is somewhat related but not directly aligned with the headline, so it was treated cautiously. The vision tool detected football-related concepts and classified the image as Real with moderate confidence. The text tool strongly classified both the headline and the AI caption as Real, with the headline showing some positive sentiment but not sensationalism. The consistency tool showed low but positive alignment scores between the headline, caption, and image, indicating some thematic connection but not strong direct correlation. Overall, the forensic tools support the headline's credibility, and no strong evidence of fabrication was found. Therefore, the final decision remains Real with medium confidence due to the moderate alignment scores."",
  ""Nudge"": ""When evaluating sports news about popularity or polls, check for supporting data or official poll sources and be cautious if the headline makes broad claims without evidence or context.""
}"
/content/FakeNews/assets/content/fakeddit_images/123.jpg,was browsing interior design when a nightmareclownmaskfromhell reflection of the shoes gave me goosebumps,0,"a room with a table, chair, and a stereo",Real,Fake,Fake,Fake,"The headline is unusual and sensational, mentioning a 'nightmareclownmaskfromhell' reflection causing goosebumps, which sounds exaggerated and not typical of genuine news.",Fake,No,High,"My initial impression based on the headline was that this news item is likely fake due to its sensational and bizarre nature. The AI-generated image description, 'a room with a table, chair, and a stereo,' is quite generic and does not align well with the headline's claim about a nightmare clown mask reflection. The vision tool detected concepts related to a room with office or recreation equipment and classified the image as Real but with low confidence (around 0.5), indicating no strong evidence of fakery in the image itself. However, the text tool strongly flagged the headline as Fake with very high confidence (0.99), and the AI caption was also flagged as Fake but with lower confidence (0.5). Sentiment scores were neutral, indicating no extreme sensational tone detected by the tool, but the headline's wording is still suspicious. The consistency tool showed very low similarity scores between the headline, caption, and image (all below 0.3), indicating poor alignment and suggesting the image and caption do not support the headline's claim. Overall, the forensic tools confirmed my initial suspicion that this is fake news, primarily due to the incoherence between the headline and the image content and the strong fake classification of the headline text.","When encountering sensational or bizarre headlines, always check if the accompanying image and description logically support the claim; inconsistencies often indicate misinformation.","{
  ""Initial_Impression"": ""Fake"",
  ""Initial_Reasoning"": ""The headline is unusual and sensational, mentioning a 'nightmareclownmaskfromhell' reflection causing goosebumps, which sounds exaggerated and not typical of genuine news."",
  ""Final_Decision"": ""Fake"",
  ""Did_Decision_Change"": ""No"",
  ""Decision_Confidence"": ""High"",
  ""Explanation"": ""My initial impression based on the headline was that this news item is likely fake due to its sensational and bizarre nature. The AI-generated image description, 'a room with a table, chair, and a stereo,' is quite generic and does not align well with the headline's claim about a nightmare clown mask reflection. The vision tool detected concepts related to a room with office or recreation equipment and classified the image as Real but with low confidence (around 0.5), indicating no strong evidence of fakery in the image itself. However, the text tool strongly flagged the headline as Fake with very high confidence (0.99), and the AI caption was also flagged as Fake but with lower confidence (0.5). Sentiment scores were neutral, indicating no extreme sensational tone detected by the tool, but the headline's wording is still suspicious. The consistency tool showed very low similarity scores between the headline, caption, and image (all below 0.3), indicating poor alignment and suggesting the image and caption do not support the headline's claim. Overall, the forensic tools confirmed my initial suspicion that this is fake news, primarily due to the incoherence between the headline and the image content and the strong fake classification of the headline text."",
  ""Nudge"": ""When encountering sensational or bizarre headlines, always check if the accompanying image and description logically support the claim; inconsistencies often indicate misinformation.""
}"
/content/FakeNews/assets/content/fakeddit_images/180.jpg,whats killing white middleaged american women,0,a grave with flowers and an american flag,Real,Real,Real,Real,"The headline addresses a serious social and health issue concerning mortality among a specific demographic group, which is a plausible and important topic rather than an obviously fabricated or sensational claim.",Real,No,Medium,"My initial impression was that the headline is likely real because it discusses a credible and significant public health concern. The AI-generated image description of a grave with flowers and an American flag aligns reasonably well with the headline's somber theme, indicating a focus on death or mortality. The vision tool detected relevant visual concepts such as cemetery and mausoleum and classified the image as real with moderate confidence. The text tool also classified both the headline and the AI caption as real, with the headline showing a negative sentiment consistent with the serious topic. The consistency tool showed low to moderate similarity scores between the headline, caption, and image, which is expected given the abstract nature of the headline and the symbolic image. Overall, the forensic tools support the initial impression that this is a real news item addressing a genuine issue, though the moderate confidence reflects some ambiguity due to the abstract image and low similarity scores.","When evaluating news about sensitive social issues, consider whether the claim is supported by credible data or sources and be cautious of headlines that use vague or emotionally charged language without clear evidence.","{
  ""Initial_Impression"": ""Real"",
  ""Initial_Reasoning"": ""The headline addresses a serious social and health issue concerning mortality among a specific demographic group, which is a plausible and important topic rather than an obviously fabricated or sensational claim."",
  ""Final_Decision"": ""Real"",
  ""Did_Decision_Change"": ""No"",
  ""Decision_Confidence"": ""Medium"",
  ""Explanation"": ""My initial impression was that the headline is likely real because it discusses a credible and significant public health concern. The AI-generated image description of a grave with flowers and an American flag aligns reasonably well with the headline's somber theme, indicating a focus on death or mortality. The vision tool detected relevant visual concepts such as cemetery and mausoleum and classified the image as real with moderate confidence. The text tool also classified both the headline and the AI caption as real, with the headline showing a negative sentiment consistent with the serious topic. The consistency tool showed low to moderate similarity scores between the headline, caption, and image, which is expected given the abstract nature of the headline and the symbolic image. Overall, the forensic tools support the initial impression that this is a real news item addressing a genuine issue, though the moderate confidence reflects some ambiguity due to the abstract image and low similarity scores."",
  ""Nudge"": ""When evaluating news about sensitive social issues, consider whether the claim is supported by credible data or sources and be cautious of headlines that use vague or emotionally charged language without clear evidence.""
}"
/content/FakeNews/assets/content/fakeddit_images/75.jpg,the d,1,the sign on the building is the name of the hotel,Real,Fake,Real,Fake,"The headline 'the d' is incomplete, vague, and nonsensical as a news headline, which strongly suggests it is not a legitimate news item.",Fake,No,High,"My initial impression was that the headline 'the d' is too vague and incomplete to be a real news headline, indicating likely fake content. The AI-generated image description 'the sign on the building is the name of the hotel' is somewhat generic but not contradictory. The vision tool detected concepts related to buildings and stores and classified the image as Real with moderate confidence, which means the image itself is likely authentic. However, the text tool flagged the headline as Fake with very high confidence, while the AI caption was flagged as Real. The sentiment scores were neutral, indicating no sensationalism. The consistency tool showed very low semantic similarity between the headline and caption (0.06), and low cross-modal similarity between image and text (0.31) and image and caption (0.29), indicating poor alignment overall. This weak alignment and the nonsensical headline confirm the content is not credible news. Therefore, the forensic evidence supports my initial judgment that this is Fake news with high confidence.","When evaluating news, pay close attention to whether the headline is clear, complete, and meaningful. Vague or incomplete headlines often signal unreliable or fake content.","{
  ""Initial_Impression"": ""Fake"",
  ""Initial_Reasoning"": ""The headline 'the d' is incomplete, vague, and nonsensical as a news headline, which strongly suggests it is not a legitimate news item."",
  ""Final_Decision"": ""Fake"",
  ""Did_Decision_Change"": ""No"",
  ""Decision_Confidence"": ""High"",
  ""Explanation"": ""My initial impression was that the headline 'the d' is too vague and incomplete to be a real news headline, indicating likely fake content. The AI-generated image description 'the sign on the building is the name of the hotel' is somewhat generic but not contradictory. The vision tool detected concepts related to buildings and stores and classified the image as Real with moderate confidence, which means the image itself is likely authentic. However, the text tool flagged the headline as Fake with very high confidence, while the AI caption was flagged as Real. The sentiment scores were neutral, indicating no sensationalism. The consistency tool showed very low semantic similarity between the headline and caption (0.06), and low cross-modal similarity between image and text (0.31) and image and caption (0.29), indicating poor alignment overall. This weak alignment and the nonsensical headline confirm the content is not credible news. Therefore, the forensic evidence supports my initial judgment that this is Fake news with high confidence."",
  ""Nudge"": ""When evaluating news, pay close attention to whether the headline is clear, complete, and meaningful. Vague or incomplete headlines often signal unreliable or fake content.""
}"
/content/FakeNews/assets/content/fakeddit_images/144.jpg,antichinese soviet,0,a poster with a man on a boat with a submarine,Fake,Fake,Real,Fake,"The headline 'antichinese soviet' is vague, provocative, and seems designed to evoke a conspiratorial or sensational reaction, which is common in fake news.",Fake,No,High,"My initial impression based on the headline alone was that this news item is likely fake due to its vague and provocative nature. The AI-generated image description 'a poster with a man on a boat with a submarine' is somewhat aligned with the image content but does not clarify or support the headline meaningfully, making it only partially reliable. The vision tool detected concepts like 'lifeboat,' 'submarine,' and 'scuba diver' but flagged the image as Fake with moderate confidence. The text tool strongly classified the headline as Fake with high confidence, while the AI caption was classified as Real, indicating a mismatch in credibility between the headline and the image description. Sentiment analysis showed neutral tone, so sensationalism is not a factor here. The consistency tool showed very low similarity scores between headline, caption, and image, indicating poor alignment and suggesting the image and caption do not support the headline's claim. Overall, the forensic tools confirmed my initial suspicion that this is fake news, and the evidence is strong and consistent.","When encountering vague or provocative headlines, especially those that seem conspiratorial or lack clear context, always check if the accompanying images and descriptions align well and come from credible sources before accepting the claim.","{
  ""Initial_Impression"": ""Fake"",
  ""Initial_Reasoning"": ""The headline 'antichinese soviet' is vague, provocative, and seems designed to evoke a conspiratorial or sensational reaction, which is common in fake news."",
  ""Final_Decision"": ""Fake"",
  ""Did_Decision_Change"": ""No"",
  ""Decision_Confidence"": ""High"",
  ""Explanation"": ""My initial impression based on the headline alone was that this news item is likely fake due to its vague and provocative nature. The AI-generated image description 'a poster with a man on a boat with a submarine' is somewhat aligned with the image content but does not clarify or support the headline meaningfully, making it only partially reliable. The vision tool detected concepts like 'lifeboat,' 'submarine,' and 'scuba diver' but flagged the image as Fake with moderate confidence. The text tool strongly classified the headline as Fake with high confidence, while the AI caption was classified as Real, indicating a mismatch in credibility between the headline and the image description. Sentiment analysis showed neutral tone, so sensationalism is not a factor here. The consistency tool showed very low similarity scores between headline, caption, and image, indicating poor alignment and suggesting the image and caption do not support the headline's claim. Overall, the forensic tools confirmed my initial suspicion that this is fake news, and the evidence is strong and consistent."",
  ""Nudge"": ""When encountering vague or provocative headlines, especially those that seem conspiratorial or lack clear context, always check if the accompanying images and descriptions align well and come from credible sources before accepting the claim.""
}"
/content/FakeNews/assets/content/fakeddit_images/118.jpg,kung fu yosemite park style,1,a man jumping in the air in front of a lake,Fake,Real,Real,Fake,"The headline 'kung fu yosemite park style' sounds unusual and vague, mixing a martial arts term with a national park name in a way that seems sensational or nonsensical, which often signals potential fake or misleading content.",Fake,No,Medium,"Initially, the headline seemed suspicious due to its odd combination of concepts that do not clearly relate, suggesting possible fake or misleading content. The AI-generated image description 'a man jumping in the air in front of a lake' is somewhat aligned with the headline in terms of action and outdoor setting, so it was considered a potentially useful complement. The vision tool detected concepts related to nature and balance but flagged the image as 'Fake' with moderate confidence (about 50%), indicating some uncertainty but leaning towards inauthenticity. The text tool classified both the headline and the AI caption as 'Real' with high confidence, but the headline's sentiment was strongly negative, which may reflect sensational or unusual wording rather than outright falsehood. The consistency tool showed low to moderate similarity scores between headline, caption, and image (all below 0.35), indicating weak alignment and suggesting the image and caption do not strongly support the headline's claim. Overall, the forensic evidence supports the initial suspicion that this is likely fake or misleading content, though not with very high confidence due to some ambiguity in the text tool results and moderate vision tool confidence. Therefore, the final decision remains 'Fake' with medium confidence.","When encountering headlines that combine unrelated or unusual concepts, look for strong visual and textual evidence that clearly supports the claim before accepting it as true. Check if images and descriptions align well with the headline to avoid being misled by vague or sensational content.","{
  ""Initial_Impression"": ""Fake"",
  ""Initial_Reasoning"": ""The headline 'kung fu yosemite park style' sounds unusual and vague, mixing a martial arts term with a national park name in a way that seems sensational or nonsensical, which often signals potential fake or misleading content."",
  ""Final_Decision"": ""Fake"",
  ""Did_Decision_Change"": ""No"",
  ""Decision_Confidence"": ""Medium"",
  ""Explanation"": ""Initially, the headline seemed suspicious due to its odd combination of concepts that do not clearly relate, suggesting possible fake or misleading content. The AI-generated image description 'a man jumping in the air in front of a lake' is somewhat aligned with the headline in terms of action and outdoor setting, so it was considered a potentially useful complement. The vision tool detected concepts related to nature and balance but flagged the image as 'Fake' with moderate confidence (about 50%), indicating some uncertainty but leaning towards inauthenticity. The text tool classified both the headline and the AI caption as 'Real' with high confidence, but the headline's sentiment was strongly negative, which may reflect sensational or unusual wording rather than outright falsehood. The consistency tool showed low to moderate similarity scores between headline, caption, and image (all below 0.35), indicating weak alignment and suggesting the image and caption do not strongly support the headline's claim. Overall, the forensic evidence supports the initial suspicion that this is likely fake or misleading content, though not with very high confidence due to some ambiguity in the text tool results and moderate vision tool confidence. Therefore, the final decision remains 'Fake' with medium confidence."",
  ""Nudge"": ""When encountering headlines that combine unrelated or unusual concepts, look for strong visual and textual evidence that clearly supports the claim before accepting it as true. Check if images and descriptions align well with the headline to avoid being misled by vague or sensational content.""
}"
/content/FakeNews/assets/content/fakeddit_images/25.jpg,scary pipe monster found in an abandoned factory,0,a face is painted on the side of a metal tank,Real,Fake,Real,Fake,"The headline 'scary pipe monster found in an abandoned factory' sounds sensational and unlikely, suggesting a fabricated or exaggerated story.",Fake,No,High,"My initial impression based on the headline was that this news is likely fake due to its sensational and improbable nature. The AI-generated image description 'a face is painted on the side of a metal tank' is somewhat aligned but does not support the idea of a 'monster,' indicating the description is only partially reliable. The vision tool detected objects like manhole covers and masks but classified the image as Real with low confidence, suggesting the image itself is not manipulated but does not depict a monster. The text tool strongly flagged the headline as Fake with high confidence and negative sentiment, while the AI caption was considered Real but neutral in sentiment. The consistency tool showed low similarity scores between headline, caption, and image, indicating weak alignment and supporting the idea that the headline exaggerates or misrepresents the image content. Overall, the forensic evidence confirms the initial intuition that this is a case of misleading or fake news rather than a genuine discovery.",Be cautious of sensational headlines that use dramatic language to evoke fear or surprise; always check if the accompanying image and description truly support the claim before accepting it as true.,"{
  ""Initial_Impression"": ""Fake"",
  ""Initial_Reasoning"": ""The headline 'scary pipe monster found in an abandoned factory' sounds sensational and unlikely, suggesting a fabricated or exaggerated story."",
  ""Final_Decision"": ""Fake"",
  ""Did_Decision_Change"": ""No"",
  ""Decision_Confidence"": ""High"",
  ""Explanation"": ""My initial impression based on the headline was that this news is likely fake due to its sensational and improbable nature. The AI-generated image description 'a face is painted on the side of a metal tank' is somewhat aligned but does not support the idea of a 'monster,' indicating the description is only partially reliable. The vision tool detected objects like manhole covers and masks but classified the image as Real with low confidence, suggesting the image itself is not manipulated but does not depict a monster. The text tool strongly flagged the headline as Fake with high confidence and negative sentiment, while the AI caption was considered Real but neutral in sentiment. The consistency tool showed low similarity scores between headline, caption, and image, indicating weak alignment and supporting the idea that the headline exaggerates or misrepresents the image content. Overall, the forensic evidence confirms the initial intuition that this is a case of misleading or fake news rather than a genuine discovery."",
  ""Nudge"": ""Be cautious of sensational headlines that use dramatic language to evoke fear or surprise; always check if the accompanying image and description truly support the claim before accepting it as true.""
}"
/content/FakeNews/assets/content/fakeddit_images/0.jpg,this tiny spoiler on this car,1,the back end of a black audi parked at a gas station,Real,Real,Real,Real,"The headline 'this tiny spoiler on this car' sounds like a casual, benign comment about a car feature, which is typical for real content rather than sensational or fabricated news.",Real,No,High,"My initial impression based on the headline was that this is likely real content because it is a straightforward, non-sensational statement about a car feature. The AI-generated image description 'the back end of a black audi parked at a gas station' aligns reasonably well with the headline, describing a car's rear, which could include a spoiler. The vision tool detected relevant car-related visual concepts and classified the image as Real with moderate confidence. The text tool also classified both the headline and the AI caption as Real with high confidence and neutral sentiment, indicating no sensationalism or fake news signals. The consistency tool showed moderate alignment between the headline and caption (0.46) and weaker but positive alignment between the image and texts, which is expected given the general nature of the headline and description. Overall, the forensic evidence supports the initial intuition that this is benign content about a car, not malicious fake news.","When evaluating similar content, focus on whether the headline and image description are straightforward and consistent without sensational or extreme language, and check if the visual evidence matches the claims to avoid being misled by vague or unrelated images.","{
  ""Initial_Impression"": ""Real"",
  ""Initial_Reasoning"": ""The headline 'this tiny spoiler on this car' sounds like a casual, benign comment about a car feature, which is typical for real content rather than sensational or fabricated news."",
  ""Final_Decision"": ""Real"",
  ""Did_Decision_Change"": ""No"",
  ""Decision_Confidence"": ""High"",
  ""Explanation"": ""My initial impression based on the headline was that this is likely real content because it is a straightforward, non-sensational statement about a car feature. The AI-generated image description 'the back end of a black audi parked at a gas station' aligns reasonably well with the headline, describing a car's rear, which could include a spoiler. The vision tool detected relevant car-related visual concepts and classified the image as Real with moderate confidence. The text tool also classified both the headline and the AI caption as Real with high confidence and neutral sentiment, indicating no sensationalism or fake news signals. The consistency tool showed moderate alignment between the headline and caption (0.46) and weaker but positive alignment between the image and texts, which is expected given the general nature of the headline and description. Overall, the forensic evidence supports the initial intuition that this is benign content about a car, not malicious fake news."",
  ""Nudge"": ""When evaluating similar content, focus on whether the headline and image description are straightforward and consistent without sensational or extreme language, and check if the visual evidence matches the claims to avoid being misled by vague or unrelated images.""
}"
/content/FakeNews/assets/content/fakeddit_images/54.jpg,midapril release for redacted mueller report,1,a man in a suit and tie sitting at a table,Real,Real,Fake,Real,"The headline 'midapril release for redacted mueller report' sounds like a straightforward news update about a government report release, which is plausible and not sensational or extraordinary.",Real,No,Medium,"My initial impression was that the headline seemed realistic because it refers to a plausible event related to the Mueller report, which has been a topic of public interest. The AI-generated image description 'a man in a suit and tie sitting at a table' is somewhat generic but not contradictory to the headline, so it was treated as a potentially useful complement. The vision tool detected unrelated animal concepts with low confidence but ultimately classified the image as Real with moderate confidence (about 0.5). The text tool strongly classified the headline as Real with very high confidence (0.99), while it flagged the AI caption as Fake with high confidence (0.93), likely because the caption is generic and not informative. Sentiment scores were neutral, indicating no sensationalism. The consistency tool showed very low semantic similarity between the headline and caption (0.02), and low but positive cross-modal similarities between image and text (0.27) and image and caption (0.23), indicating weak but not contradictory alignment. Overall, the forensic evidence supports the headline's authenticity, and the image does not strongly contradict it. Therefore, I maintain the decision that this news item is Real, with medium confidence due to some ambiguity in the image content and caption relevance.","When evaluating news about official reports or government releases, check for corroboration from reputable sources and be cautious of vague or generic image descriptions that do not clearly support the headline.","{
  ""Initial_Impression"": ""Real"",
  ""Initial_Reasoning"": ""The headline 'midapril release for redacted mueller report' sounds like a straightforward news update about a government report release, which is plausible and not sensational or extraordinary."",
  ""Final_Decision"": ""Real"",
  ""Did_Decision_Change"": ""No"",
  ""Decision_Confidence"": ""Medium"",
  ""Explanation"": ""My initial impression was that the headline seemed realistic because it refers to a plausible event related to the Mueller report, which has been a topic of public interest. The AI-generated image description 'a man in a suit and tie sitting at a table' is somewhat generic but not contradictory to the headline, so it was treated as a potentially useful complement. The vision tool detected unrelated animal concepts with low confidence but ultimately classified the image as Real with moderate confidence (about 0.5). The text tool strongly classified the headline as Real with very high confidence (0.99), while it flagged the AI caption as Fake with high confidence (0.93), likely because the caption is generic and not informative. Sentiment scores were neutral, indicating no sensationalism. The consistency tool showed very low semantic similarity between the headline and caption (0.02), and low but positive cross-modal similarities between image and text (0.27) and image and caption (0.23), indicating weak but not contradictory alignment. Overall, the forensic evidence supports the headline's authenticity, and the image does not strongly contradict it. Therefore, I maintain the decision that this news item is Real, with medium confidence due to some ambiguity in the image content and caption relevance."",
  ""Nudge"": ""When evaluating news about official reports or government releases, check for corroboration from reputable sources and be cautious of vague or generic image descriptions that do not clearly support the headline.""
}"
/content/FakeNews/assets/content/fakeddit_images/220.jpg,poles donate record amounts of szlachetna paczka care packages,1,a little girl in a santa hat is opening a gift,Fake,Real,Real,Real,"The headline about Poles donating record amounts of Szlachetna Paczka care packages sounds plausible and positive, reflecting a charitable act that is believable and not sensational or extreme.",Fake,Yes,Medium,"Initially, the headline seemed credible as it described a charitable donation event, which is a common and believable news topic. The AI-generated image description about a little girl in a Santa hat opening a gift was somewhat aligned with the theme of gift-giving, suggesting the description could be reliable. However, forensic tool analysis revealed some concerns: the vision tool flagged the image as Fake with moderate confidence, indicating possible manipulation or mismatch. The text tool classified both the headline and caption as Real with high confidence and positive sentiment, supporting the benign nature of the texts. Yet, the consistency tool showed low similarity scores between the headline, caption, and image, indicating poor alignment and suggesting the image might not genuinely represent the headline's claim. This discrepancy between the image and text, combined with the vision tool's Fake label, led to the conclusion that the news item is likely Fake, possibly due to misleading or unrelated imagery. The confidence is medium because the text content is plausible and positive, but the image evidence weakens the overall credibility.","When evaluating news about charitable acts or positive events, always check if the images truly correspond to the claims made, as unrelated or manipulated images can be used to create a false impression of authenticity.","{
  ""Initial_Impression"": ""Real"",
  ""Initial_Reasoning"": ""The headline about Poles donating record amounts of Szlachetna Paczka care packages sounds plausible and positive, reflecting a charitable act that is believable and not sensational or extreme."",
  ""Final_Decision"": ""Fake"",
  ""Did_Decision_Change"": ""Yes"",
  ""Decision_Confidence"": ""Medium"",
  ""Explanation"": ""Initially, the headline seemed credible as it described a charitable donation event, which is a common and believable news topic. The AI-generated image description about a little girl in a Santa hat opening a gift was somewhat aligned with the theme of gift-giving, suggesting the description could be reliable. However, forensic tool analysis revealed some concerns: the vision tool flagged the image as Fake with moderate confidence, indicating possible manipulation or mismatch. The text tool classified both the headline and caption as Real with high confidence and positive sentiment, supporting the benign nature of the texts. Yet, the consistency tool showed low similarity scores between the headline, caption, and image, indicating poor alignment and suggesting the image might not genuinely represent the headline's claim. This discrepancy between the image and text, combined with the vision tool's Fake label, led to the conclusion that the news item is likely Fake, possibly due to misleading or unrelated imagery. The confidence is medium because the text content is plausible and positive, but the image evidence weakens the overall credibility."",
  ""Nudge"": ""When evaluating news about charitable acts or positive events, always check if the images truly correspond to the claims made, as unrelated or manipulated images can be used to create a false impression of authenticity.""
}"
/content/FakeNews/assets/content/fakeddit_images/22.jpg,debate rages over praying for atheist richard dawkins after stroke,1,a man in glasses is speaking into a microphone,Fake,Real,Fake,Fake,"The headline seems sensational and unusual, suggesting a controversial debate about praying for an atheist after a stroke, which often signals potential misinformation or exaggeration.",Fake,No,High,"My initial impression was that the headline was likely fake due to its sensational nature and the unusual framing of the topic. The AI-generated image description was somewhat generic and vague, describing only 'a man in glasses speaking into a microphone,' which does not strongly support the headline's claim. The forensic tools confirmed this suspicion: the vision tool flagged the image as fake with moderate confidence, and the text tool classified the headline as real but the AI caption as fake with very high confidence. The sentiment analysis showed a slightly negative tone in the headline but neutral in the caption, indicating no strong emotional manipulation. The consistency tool showed low similarity scores between the headline, caption, and image, indicating poor alignment and suggesting the image and caption do not reliably support the headline's claim. Overall, the evidence from the tools aligns with my initial intuition that this news item is likely fake.","When encountering sensational headlines, especially those involving controversial or emotionally charged topics, always check if the accompanying images and descriptions align well with the claim, and be cautious of vague or generic image captions that do not substantiate the headline.","{
  ""Initial_Impression"": ""Fake"",
  ""Initial_Reasoning"": ""The headline seems sensational and unusual, suggesting a controversial debate about praying for an atheist after a stroke, which often signals potential misinformation or exaggeration."",
  ""Final_Decision"": ""Fake"",
  ""Did_Decision_Change"": ""No"",
  ""Decision_Confidence"": ""High"",
  ""Explanation"": ""My initial impression was that the headline was likely fake due to its sensational nature and the unusual framing of the topic. The AI-generated image description was somewhat generic and vague, describing only 'a man in glasses speaking into a microphone,' which does not strongly support the headline's claim. The forensic tools confirmed this suspicion: the vision tool flagged the image as fake with moderate confidence, and the text tool classified the headline as real but the AI caption as fake with very high confidence. The sentiment analysis showed a slightly negative tone in the headline but neutral in the caption, indicating no strong emotional manipulation. The consistency tool showed low similarity scores between the headline, caption, and image, indicating poor alignment and suggesting the image and caption do not reliably support the headline's claim. Overall, the evidence from the tools aligns with my initial intuition that this news item is likely fake."",
  ""Nudge"": ""When encountering sensational headlines, especially those involving controversial or emotionally charged topics, always check if the accompanying images and descriptions align well with the claim, and be cautious of vague or generic image captions that do not substantiate the headline.""
}"
/content/FakeNews/assets/content/fakeddit_images/90.jpg,dead man fulfils comedy club wish,1,a green container with a face on it,Real,Real,Real,Fake,"The headline 'dead man fulfils comedy club wish' sounds sensational and implausible, suggesting a supernatural or highly unlikely event, which is typical of fake or misleading news.",Fake,No,High,"Initially, the headline seemed sensational and unlikely, indicating potential fake news. The AI-generated image description 'a green container with a face on it' does not align well with the headline, suggesting the description is not a reliable complement. The vision tool identified the image as a real object (likely a container or dispenser) with moderate confidence but found no visual cues supporting the headline's claim. The text tool classified both the headline and the AI caption as real, but the headline's sentiment was neutral, not sensational, which might reflect the classifier's limitations. The consistency tool showed very low similarity scores between the headline, caption, and image, indicating poor alignment and suggesting the image and caption do not support the headline's claim. Overall, the forensic evidence confirms the initial intuition that the headline is misleading or fake news, as the image and description do not substantiate the extraordinary claim.","When encountering sensational headlines, always check if the accompanying image and description logically support the claim; mismatches often indicate misinformation or clickbait.","{
  ""Initial_Impression"": ""Fake"",
  ""Initial_Reasoning"": ""The headline 'dead man fulfils comedy club wish' sounds sensational and implausible, suggesting a supernatural or highly unlikely event, which is typical of fake or misleading news."",
  ""Final_Decision"": ""Fake"",
  ""Did_Decision_Change"": ""No"",
  ""Decision_Confidence"": ""High"",
  ""Explanation"": ""Initially, the headline seemed sensational and unlikely, indicating potential fake news. The AI-generated image description 'a green container with a face on it' does not align well with the headline, suggesting the description is not a reliable complement. The vision tool identified the image as a real object (likely a container or dispenser) with moderate confidence but found no visual cues supporting the headline's claim. The text tool classified both the headline and the AI caption as real, but the headline's sentiment was neutral, not sensational, which might reflect the classifier's limitations. The consistency tool showed very low similarity scores between the headline, caption, and image, indicating poor alignment and suggesting the image and caption do not support the headline's claim. Overall, the forensic evidence confirms the initial intuition that the headline is misleading or fake news, as the image and description do not substantiate the extraordinary claim."",
  ""Nudge"": ""When encountering sensational headlines, always check if the accompanying image and description logically support the claim; mismatches often indicate misinformation or clickbait.""
}"
/content/FakeNews/assets/content/fakeddit_images/280.jpg,american pow being guarded by a high ranking official,0,a cat is sitting on top of a box,Real,Fake,Fake,Fake,"The headline 'american pow being guarded by a high ranking official' sounds suspicious and vague, lacking specific details or credible context, which often characterizes fake or misleading news.",Fake,No,High,"My initial impression based on the headline alone was that the news is likely fake due to its vague and suspicious nature. The AI-generated image description 'a cat is sitting on top of a box' is clearly unrelated to the headline, indicating a lack of alignment and suggesting the description is not reliable. The vision tool detected visual concepts related to a cat and a box, and classified the image as Real but with low confidence, which means the image itself is likely authentic but unrelated to the headline. The text tool strongly flagged both the headline and the AI caption as fake with high confidence, reinforcing the suspicion that the headline is misleading or false. The consistency tool showed very low similarity scores between the headline, the AI caption, and the image, confirming a strong mismatch and lack of coherence among the elements. Overall, the forensic tools confirmed my initial intuition that this news item is fake, and the evidence is strong and consistent.",Always check if the image and its description logically relate to the headline; mismatches often indicate misleading or fake news.,"{
  ""Initial_Impression"": ""Fake"",
  ""Initial_Reasoning"": ""The headline 'american pow being guarded by a high ranking official' sounds suspicious and vague, lacking specific details or credible context, which often characterizes fake or misleading news."",
  ""Final_Decision"": ""Fake"",
  ""Did_Decision_Change"": ""No"",
  ""Decision_Confidence"": ""High"",
  ""Explanation"": ""My initial impression based on the headline alone was that the news is likely fake due to its vague and suspicious nature. The AI-generated image description 'a cat is sitting on top of a box' is clearly unrelated to the headline, indicating a lack of alignment and suggesting the description is not reliable. The vision tool detected visual concepts related to a cat and a box, and classified the image as Real but with low confidence, which means the image itself is likely authentic but unrelated to the headline. The text tool strongly flagged both the headline and the AI caption as fake with high confidence, reinforcing the suspicion that the headline is misleading or false. The consistency tool showed very low similarity scores between the headline, the AI caption, and the image, confirming a strong mismatch and lack of coherence among the elements. Overall, the forensic tools confirmed my initial intuition that this news item is fake, and the evidence is strong and consistent."",
  ""Nudge"": ""Always check if the image and its description logically relate to the headline; mismatches often indicate misleading or fake news.""
}"
/content/FakeNews/assets/content/fakeddit_images/214.jpg,my dad in vietnam in didnt know this photo existed until i came across it randomly on the internet he cried when he saw it hope this is the right place to post it,0,a man is holding a rifle while sitting on the ground next to a monkey,Real,Fake,Fake,Fake,"The headline is informal, poorly punctuated, and reads like a personal anecdote rather than a verified news item, which raises suspicion about its authenticity.",Fake,No,High,"My initial impression based on the headline alone was that this content is likely fake because it reads more like a personal story or social media post rather than credible news. The AI-generated image description is somewhat aligned with the headline in that it describes a man holding a rifle, but the mention of a monkey is unusual and not clearly connected to the headline's emotional story. The vision tool detected animals that are not monkeys but dogs and snakes, and classified the image as Real with low confidence, indicating the image itself might be genuine but not necessarily related to the headline. The text tool flagged both the headline and the AI caption as Fake with very high confidence, suggesting the textual content is likely misleading or fabricated. The sentiment scores are low, indicating no sensationalism, but the consistency tool showed very low similarity scores between headline, caption, and image, indicating poor alignment and possible mismatch or manipulation. Overall, the forensic tools confirmed my initial suspicion that this is not a reliable news item but rather a misleading or fake post.","When encountering personal anecdote-style headlines, especially those with emotional appeals and informal language, critically check for supporting evidence and alignment with the image and description before accepting the content as true.","{
  ""Initial_Impression"": ""Fake"",
  ""Initial_Reasoning"": ""The headline is informal, poorly punctuated, and reads like a personal anecdote rather than a verified news item, which raises suspicion about its authenticity."",
  ""Final_Decision"": ""Fake"",
  ""Did_Decision_Change"": ""No"",
  ""Decision_Confidence"": ""High"",
  ""Explanation"": ""My initial impression based on the headline alone was that this content is likely fake because it reads more like a personal story or social media post rather than credible news. The AI-generated image description is somewhat aligned with the headline in that it describes a man holding a rifle, but the mention of a monkey is unusual and not clearly connected to the headline's emotional story. The vision tool detected animals that are not monkeys but dogs and snakes, and classified the image as Real with low confidence, indicating the image itself might be genuine but not necessarily related to the headline. The text tool flagged both the headline and the AI caption as Fake with very high confidence, suggesting the textual content is likely misleading or fabricated. The sentiment scores are low, indicating no sensationalism, but the consistency tool showed very low similarity scores between headline, caption, and image, indicating poor alignment and possible mismatch or manipulation. Overall, the forensic tools confirmed my initial suspicion that this is not a reliable news item but rather a misleading or fake post."",
  ""Nudge"": ""When encountering personal anecdote-style headlines, especially those with emotional appeals and informal language, critically check for supporting evidence and alignment with the image and description before accepting the content as true.""
}"
/content/FakeNews/assets/content/fakeddit_images/68.jpg,metallica the unforgiven,0,"the cover of the book, the man in the hole",Real,Fake,Fake,Fake,"The headline 'metallica the unforgiven' is vague and does not clearly indicate a credible news story. It seems more like a phrase referencing a song or album rather than a news headline, which raises suspicion about its authenticity.",Fake,No,High,"My initial impression was that the headline seemed suspicious and not like a genuine news headline. The AI image description 'the cover of the book, the man in the hole' does not align well with the headline, indicating a lack of coherence. The vision tool detected concepts like 'maze', 'coil', 'trench', and 'book jacket' and classified the image as Real but with low confidence (0.50), suggesting the image itself is not obviously fake but not strongly indicative either. The text tool strongly flagged both the headline and the AI caption as Fake with very high confidence, reinforcing the suspicion. The sentiment scores were neutral, so no sensationalism was detected. The consistency tool showed low similarity scores between headline, caption, and image (all around 0.22 to 0.26), indicating poor alignment and further supporting the conclusion that the content is misleading or fabricated. Overall, the forensic tools confirmed my initial judgment that this is likely fake content.","When encountering vague or ambiguous headlines, especially those referencing popular culture without clear news context, check for alignment between the headline, image, and description. Mismatches often signal misinformation or non-news content.","{
  ""Initial_Impression"": ""Fake"",
  ""Initial_Reasoning"": ""The headline 'metallica the unforgiven' is vague and does not clearly indicate a credible news story. It seems more like a phrase referencing a song or album rather than a news headline, which raises suspicion about its authenticity."",
  ""Final_Decision"": ""Fake"",
  ""Did_Decision_Change"": ""No"",
  ""Decision_Confidence"": ""High"",
  ""Explanation"": ""My initial impression was that the headline seemed suspicious and not like a genuine news headline. The AI image description 'the cover of the book, the man in the hole' does not align well with the headline, indicating a lack of coherence. The vision tool detected concepts like 'maze', 'coil', 'trench', and 'book jacket' and classified the image as Real but with low confidence (0.50), suggesting the image itself is not obviously fake but not strongly indicative either. The text tool strongly flagged both the headline and the AI caption as Fake with very high confidence, reinforcing the suspicion. The sentiment scores were neutral, so no sensationalism was detected. The consistency tool showed low similarity scores between headline, caption, and image (all around 0.22 to 0.26), indicating poor alignment and further supporting the conclusion that the content is misleading or fabricated. Overall, the forensic tools confirmed my initial judgment that this is likely fake content."",
  ""Nudge"": ""When encountering vague or ambiguous headlines, especially those referencing popular culture without clear news context, check for alignment between the headline, image, and description. Mismatches often signal misinformation or non-news content.""
}"
/content/FakeNews/assets/content/fakeddit_images/119.jpg,the japs incite koreans to spill the blood of our fellow countrymen wanpaoshan incident,0,a newspaper page with chinese characters and a picture of soldiers,Real,Fake,Real,Fake,"The headline uses inflammatory and derogatory language ('the japs', 'spill the blood') and references a historical incident in a way that suggests a strong bias and potential propaganda, which is typical of fake or malicious content.",Fake,No,High,"My initial impression based on the headline was that this news item is likely fake due to its inflammatory and biased language. The AI-generated image description was somewhat aligned with the headline, describing a newspaper page with Chinese characters and a picture of soldiers, which fits the historical and militaristic context. The vision tool classified the image as Real but with very low confidence (around 0.5), indicating uncertainty. The text tool strongly flagged the headline as Fake with very high confidence (0.9998), while it considered the AI caption as Real, which makes sense since the caption is a neutral description of the image. The consistency tool showed low similarity scores (around 0.26 to 0.31) between the headline, caption, and image, indicating weak alignment and suggesting the image and caption do not strongly support the sensational claim in the headline. Overall, the forensic tools confirmed my initial suspicion that the headline is misleading or fake, despite the image itself not being clearly fake. Therefore, the final decision remains Fake with high confidence.",Be cautious of headlines that use inflammatory or derogatory language and check if the accompanying images and descriptions truly support the claims made. Cross-check with reliable sources before accepting such content as true.,"{
  ""Initial_Impression"": ""Fake"",
  ""Initial_Reasoning"": ""The headline uses inflammatory and derogatory language ('the japs', 'spill the blood') and references a historical incident in a way that suggests a strong bias and potential propaganda, which is typical of fake or malicious content."",
  ""Final_Decision"": ""Fake"",
  ""Did_Decision_Change"": ""No"",
  ""Decision_Confidence"": ""High"",
  ""Explanation"": ""My initial impression based on the headline was that this news item is likely fake due to its inflammatory and biased language. The AI-generated image description was somewhat aligned with the headline, describing a newspaper page with Chinese characters and a picture of soldiers, which fits the historical and militaristic context. The vision tool classified the image as Real but with very low confidence (around 0.5), indicating uncertainty. The text tool strongly flagged the headline as Fake with very high confidence (0.9998), while it considered the AI caption as Real, which makes sense since the caption is a neutral description of the image. The consistency tool showed low similarity scores (around 0.26 to 0.31) between the headline, caption, and image, indicating weak alignment and suggesting the image and caption do not strongly support the sensational claim in the headline. Overall, the forensic tools confirmed my initial suspicion that the headline is misleading or fake, despite the image itself not being clearly fake. Therefore, the final decision remains Fake with high confidence."",
  ""Nudge"": ""Be cautious of headlines that use inflammatory or derogatory language and check if the accompanying images and descriptions truly support the claims made. Cross-check with reliable sources before accepting such content as true.""
}"
/content/FakeNews/assets/content/fakeddit_images/2.jpg,flamingo bros where are my shoes,0,a woman sitting in a chair with the words flamingo bros when are my shoes?,Real,Fake,Real,Fake,"The headline 'flamingo bros where are my shoes' is vague, nonsensical, and lacks credible context, which suggests it might be fake or misleading.",Fake,No,High,"My initial impression based on the headline alone was that this news item is likely fake due to its unclear and odd phrasing, which does not resemble a typical credible news headline. The AI-generated image description was somewhat aligned with the headline, describing a woman sitting in a chair with similar words, so it was somewhat reliable as a complement. The vision tool detected generic concepts like 'waiting room' and 'coffee shop' and classified the image as Real but with low confidence (about 0.51), indicating no strong evidence of manipulation. The text tool flagged the headline as Fake with very high confidence (0.999), while the AI caption was considered Real with high confidence (0.928). Sentiment scores were neutral, indicating no sensationalism. The consistency tool showed moderate semantic similarity between headline and caption (0.61), but low cross-modal similarity between image and text or caption (~0.31), suggesting the image content does not strongly support the textual claims. Overall, the strong fake classification of the headline by the text tool, combined with the vague and odd nature of the headline itself, outweighs the weak evidence from the image and caption. Therefore, I maintain the decision that this news item is Fake with high confidence.","When encountering vague or nonsensical headlines, look for clear, credible context and check if the image content strongly supports the claim; if not, be skeptical and verify with trusted sources.","{
  ""Initial_Impression"": ""Fake"",
  ""Initial_Reasoning"": ""The headline 'flamingo bros where are my shoes' is vague, nonsensical, and lacks credible context, which suggests it might be fake or misleading."",
  ""Final_Decision"": ""Fake"",
  ""Did_Decision_Change"": ""No"",
  ""Decision_Confidence"": ""High"",
  ""Explanation"": ""My initial impression based on the headline alone was that this news item is likely fake due to its unclear and odd phrasing, which does not resemble a typical credible news headline. The AI-generated image description was somewhat aligned with the headline, describing a woman sitting in a chair with similar words, so it was somewhat reliable as a complement. The vision tool detected generic concepts like 'waiting room' and 'coffee shop' and classified the image as Real but with low confidence (about 0.51), indicating no strong evidence of manipulation. The text tool flagged the headline as Fake with very high confidence (0.999), while the AI caption was considered Real with high confidence (0.928). Sentiment scores were neutral, indicating no sensationalism. The consistency tool showed moderate semantic similarity between headline and caption (0.61), but low cross-modal similarity between image and text or caption (~0.31), suggesting the image content does not strongly support the textual claims. Overall, the strong fake classification of the headline by the text tool, combined with the vague and odd nature of the headline itself, outweighs the weak evidence from the image and caption. Therefore, I maintain the decision that this news item is Fake with high confidence."",
  ""Nudge"": ""When encountering vague or nonsensical headlines, look for clear, credible context and check if the image content strongly supports the claim; if not, be skeptical and verify with trusted sources.""
}"
/content/FakeNews/assets/content/fakeddit_images/178.jpg,my boy climbing an old rotten tree stump looks like a giant climbing mountains,0,a man is standing on top of a tree stump,Fake,Fake,Fake,Real,"The headline describes a relatable and plausible scene of a boy climbing an old tree stump, metaphorically compared to climbing mountains. It sounds like a benign, personal anecdote rather than sensational or obviously false news.",Fake,Yes,High,"Initially, the headline seemed like a genuine, benign personal story, so I judged it as Real. The AI image description was somewhat aligned but vague, describing a man standing on a tree stump, which could be related but not exactly matching the headline's 'boy climbing' and metaphorical tone. However, the forensic tools strongly contradicted my initial impression. The vision tool flagged the image as Fake with moderate confidence, detecting concepts like cliffs and mountains that do not align well with a simple tree stump scene. The text tool classified both the headline and the AI caption as Fake with very high confidence, indicating suspicious or fabricated content. Sentiment analysis showed mild negativity in the headline and mild positivity in the caption, suggesting some emotional manipulation. The consistency tool showed low similarity scores between headline, caption, and image, indicating poor alignment and possible fabrication or misleading content. Taken together, these signals strongly suggest the news item is Fake despite the benign initial impression.","When evaluating similar content, be cautious of metaphorical or poetic language in headlines that might mask misleading or fabricated visuals or claims. Always check for alignment between text and images and rely on multiple signals before trusting such stories.","{
  ""Initial_Impression"": ""Real"",
  ""Initial_Reasoning"": ""The headline describes a relatable and plausible scene of a boy climbing an old tree stump, metaphorically compared to climbing mountains. It sounds like a benign, personal anecdote rather than sensational or obviously false news."",
  ""Final_Decision"": ""Fake"",
  ""Did_Decision_Change"": ""Yes"",
  ""Decision_Confidence"": ""High"",
  ""Explanation"": ""Initially, the headline seemed like a genuine, benign personal story, so I judged it as Real. The AI image description was somewhat aligned but vague, describing a man standing on a tree stump, which could be related but not exactly matching the headline's 'boy climbing' and metaphorical tone. However, the forensic tools strongly contradicted my initial impression. The vision tool flagged the image as Fake with moderate confidence, detecting concepts like cliffs and mountains that do not align well with a simple tree stump scene. The text tool classified both the headline and the AI caption as Fake with very high confidence, indicating suspicious or fabricated content. Sentiment analysis showed mild negativity in the headline and mild positivity in the caption, suggesting some emotional manipulation. The consistency tool showed low similarity scores between headline, caption, and image, indicating poor alignment and possible fabrication or misleading content. Taken together, these signals strongly suggest the news item is Fake despite the benign initial impression."",
  ""Nudge"": ""When evaluating similar content, be cautious of metaphorical or poetic language in headlines that might mask misleading or fabricated visuals or claims. Always check for alignment between text and images and rely on multiple signals before trusting such stories.""
}"
/content/FakeNews/assets/content/fakeddit_images/289.jpg,this sad guy was looking at me,0,a person holding a usb cable with a face on it,Real,Fake,Fake,Fake,"The headline 'this sad guy was looking at me' is vague, informal, and somewhat nonsensical as a news headline, which raises suspicion about its authenticity.",Fake,No,High,"My initial impression was that the headline seemed suspicious and likely fake due to its informal and unclear nature. The AI-generated image description 'a person holding a usb cable with a face on it' does not clearly align with the headline, making the description only partially reliable. The vision tool detected unrelated objects like lighter and toaster and classified the image as Real but with low confidence (around 0.51), indicating the image itself is not obviously manipulated. However, the text tool strongly flagged both the headline and the AI caption as Fake with very high confidence, and the headline sentiment was negative, indicating a potentially sensational or misleading tone. The consistency tool showed low similarity scores between the headline, caption, and image, indicating poor alignment and coherence among the elements. Overall, the forensic tools confirmed my initial suspicion that this news item is likely fake, as the headline and caption are flagged as fake and the content is inconsistent.","When encountering vague or informal headlines, especially those that seem more like personal statements than news, critically check for alignment between the headline, image, and description, and be cautious of content that lacks clear, coherent context.","{
  ""Initial_Impression"": ""Fake"",
  ""Initial_Reasoning"": ""The headline 'this sad guy was looking at me' is vague, informal, and somewhat nonsensical as a news headline, which raises suspicion about its authenticity."",
  ""Final_Decision"": ""Fake"",
  ""Did_Decision_Change"": ""No"",
  ""Decision_Confidence"": ""High"",
  ""Explanation"": ""My initial impression was that the headline seemed suspicious and likely fake due to its informal and unclear nature. The AI-generated image description 'a person holding a usb cable with a face on it' does not clearly align with the headline, making the description only partially reliable. The vision tool detected unrelated objects like lighter and toaster and classified the image as Real but with low confidence (around 0.51), indicating the image itself is not obviously manipulated. However, the text tool strongly flagged both the headline and the AI caption as Fake with very high confidence, and the headline sentiment was negative, indicating a potentially sensational or misleading tone. The consistency tool showed low similarity scores between the headline, caption, and image, indicating poor alignment and coherence among the elements. Overall, the forensic tools confirmed my initial suspicion that this news item is likely fake, as the headline and caption are flagged as fake and the content is inconsistent."",
  ""Nudge"": ""When encountering vague or informal headlines, especially those that seem more like personal statements than news, critically check for alignment between the headline, image, and description, and be cautious of content that lacks clear, coherent context.""
}"
/content/FakeNews/assets/content/fakeddit_images/63.jpg,this cat in a sock,1,a kitten wrapped in a blanket is held in someone's hand,Real,Real,Fake,Real,"The headline 'this cat in a sock' sounds like a simple, benign description of a cute or funny image involving a cat and a sock, which is typical for lighthearted content rather than malicious fake news.",Real,No,Medium,"My initial impression was that the headline described a benign, lighthearted piece of content. The AI-generated image description, while not perfectly aligned, was reasonably related, describing a kitten wrapped in a blanket held in someone's hand, which could be visually similar to a cat in a sock. The vision tool detected relevant visual concepts such as 'sock' and 'mitten' and classified the image as Real with moderate confidence. The text tool flagged the headline as Real with good confidence but surprisingly flagged the AI caption as Fake with very high confidence, possibly due to the caption being more generic or less precise. Sentiment analysis showed the caption had a somewhat positive tone, which is typical for benign content. The consistency tool showed moderate but not very high alignment scores between headline, caption, and image, indicating some semantic and visual relation but not perfect. Overall, the evidence supports the content being Real and benign, though the moderate confidence reflects some ambiguity in the caption's accuracy and alignment. The tools did not change my initial impression but added nuance to the confidence level.","When evaluating similar content, pay close attention to how well the headline and image description align semantically and visually; discrepancies or overly generic captions can sometimes signal less reliable or manipulated content.","{
  ""Initial_Impression"": ""Real"",
  ""Initial_Reasoning"": ""The headline 'this cat in a sock' sounds like a simple, benign description of a cute or funny image involving a cat and a sock, which is typical for lighthearted content rather than malicious fake news."",
  ""Final_Decision"": ""Real"",
  ""Did_Decision_Change"": ""No"",
  ""Decision_Confidence"": ""Medium"",
  ""Explanation"": ""My initial impression was that the headline described a benign, lighthearted piece of content. The AI-generated image description, while not perfectly aligned, was reasonably related, describing a kitten wrapped in a blanket held in someone's hand, which could be visually similar to a cat in a sock. The vision tool detected relevant visual concepts such as 'sock' and 'mitten' and classified the image as Real with moderate confidence. The text tool flagged the headline as Real with good confidence but surprisingly flagged the AI caption as Fake with very high confidence, possibly due to the caption being more generic or less precise. Sentiment analysis showed the caption had a somewhat positive tone, which is typical for benign content. The consistency tool showed moderate but not very high alignment scores between headline, caption, and image, indicating some semantic and visual relation but not perfect. Overall, the evidence supports the content being Real and benign, though the moderate confidence reflects some ambiguity in the caption's accuracy and alignment. The tools did not change my initial impression but added nuance to the confidence level."",
  ""Nudge"": ""When evaluating similar content, pay close attention to how well the headline and image description align semantically and visually; discrepancies or overly generic captions can sometimes signal less reliable or manipulated content.""
}"
/content/FakeNews/assets/content/fakeddit_images/176.jpg,where is that mans other hand,0,a man is standing next to a tire with a black rim,Real,Fake,Fake,Fake,"The headline 'where is that mans other hand' suggests a suspicious or sensational claim that something unusual or deceptive is happening, which often aligns with fake or misleading content.",Fake,No,High,"My initial impression based on the headline was that the news might be fake because it implies a strange or suspicious situation that could be misleading. The AI-generated image description 'a man is standing next to a tire with a black rim' is somewhat aligned but very generic and does not clarify the suspicious claim in the headline, so it was only partially reliable. The vision tool detected relevant visual concepts related to a car wheel and related objects and classified the image as Real but with low confidence (about 0.51), indicating the image itself is likely authentic. However, the text tool strongly flagged both the headline and the AI caption as Fake with high confidence (0.94 and 0.98 respectively), suggesting the textual content is misleading or fabricated. The sentiment analysis showed the headline has a somewhat sensational tone (0.49), while the caption is neutral. The consistency tool showed low similarity scores between headline, caption, and image (all around 0.2 to 0.27), indicating poor alignment and weak support for the headline's claim from the image or caption. Overall, the forensic tools confirmed my initial suspicion that the content is misleading or fake, despite the image itself being real. Therefore, I maintain the final decision as Fake with high confidence.","When encountering headlines that raise suspicious questions or imply something unusual without clear evidence, always check if the accompanying image and description truly support the claim, and be cautious of sensational language that may be designed to mislead.","{
  ""Initial_Impression"": ""Fake"",
  ""Initial_Reasoning"": ""The headline 'where is that mans other hand' suggests a suspicious or sensational claim that something unusual or deceptive is happening, which often aligns with fake or misleading content."",
  ""Final_Decision"": ""Fake"",
  ""Did_Decision_Change"": ""No"",
  ""Decision_Confidence"": ""High"",
  ""Explanation"": ""My initial impression based on the headline was that the news might be fake because it implies a strange or suspicious situation that could be misleading. The AI-generated image description 'a man is standing next to a tire with a black rim' is somewhat aligned but very generic and does not clarify the suspicious claim in the headline, so it was only partially reliable. The vision tool detected relevant visual concepts related to a car wheel and related objects and classified the image as Real but with low confidence (about 0.51), indicating the image itself is likely authentic. However, the text tool strongly flagged both the headline and the AI caption as Fake with high confidence (0.94 and 0.98 respectively), suggesting the textual content is misleading or fabricated. The sentiment analysis showed the headline has a somewhat sensational tone (0.49), while the caption is neutral. The consistency tool showed low similarity scores between headline, caption, and image (all around 0.2 to 0.27), indicating poor alignment and weak support for the headline's claim from the image or caption. Overall, the forensic tools confirmed my initial suspicion that the content is misleading or fake, despite the image itself being real. Therefore, I maintain the final decision as Fake with high confidence."",
  ""Nudge"": ""When encountering headlines that raise suspicious questions or imply something unusual without clear evidence, always check if the accompanying image and description truly support the claim, and be cautious of sensational language that may be designed to mislead.""
}"
/content/FakeNews/assets/content/fakeddit_images/231.jpg,signs,0,donkey kong country 2,Real,Fake,Fake,Fake,"The headline 'signs' is very vague and does not provide a clear or credible news claim, which raises suspicion about the content's authenticity.",Fake,No,High,"My initial impression was that the headline 'signs' is too vague and suspicious to be a credible news item, suggesting it might be fake. The AI-generated image description 'donkey kong country 2' is unrelated and does not align with the headline, indicating the description is not reliable. The vision tool detected unrelated visual concepts and classified the image as Real but with low confidence (around 0.51), which is inconclusive. The text tool flagged both the headline and the AI caption as Fake with high confidence, reinforcing the suspicion. The consistency tool showed very low similarity scores between the headline, caption, and image, confirming poor alignment and coherence among the elements. Overall, the forensic tools strongly support the initial judgment that this news item is fake.","Be cautious of vague or ambiguous headlines that lack clear context or detail, and always check if the accompanying image and description logically align with the headline to assess credibility.","{
  ""Initial_Impression"": ""Fake"",
  ""Initial_Reasoning"": ""The headline 'signs' is very vague and does not provide a clear or credible news claim, which raises suspicion about the content's authenticity."",
  ""Final_Decision"": ""Fake"",
  ""Did_Decision_Change"": ""No"",
  ""Decision_Confidence"": ""High"",
  ""Explanation"": ""My initial impression was that the headline 'signs' is too vague and suspicious to be a credible news item, suggesting it might be fake. The AI-generated image description 'donkey kong country 2' is unrelated and does not align with the headline, indicating the description is not reliable. The vision tool detected unrelated visual concepts and classified the image as Real but with low confidence (around 0.51), which is inconclusive. The text tool flagged both the headline and the AI caption as Fake with high confidence, reinforcing the suspicion. The consistency tool showed very low similarity scores between the headline, caption, and image, confirming poor alignment and coherence among the elements. Overall, the forensic tools strongly support the initial judgment that this news item is fake."",
  ""Nudge"": ""Be cautious of vague or ambiguous headlines that lack clear context or detail, and always check if the accompanying image and description logically align with the headline to assess credibility.""
}"
/content/FakeNews/assets/content/fakeddit_images/155.jpg,trump float enters parade,0,donald trump is pictured at a press conference,Fake,Fake,Fake,Fake,"The headline 'trump float enters parade' suggests a specific event involving a parade float, which is a common theme in fabricated or exaggerated political news.",Fake,No,High,"My initial impression was that the news might be fake because the headline implies a specific and potentially sensational event that is often used in misleading political stories. The AI-generated image description 'donald trump is pictured at a press conference' does not align well with the headline, indicating a mismatch between the image content and the headline's claim. The vision tool flagged the image as fake with moderate confidence and detected unrelated visual concepts, which further suggests the image might not be authentic or relevant. The text tool classified both the headline and the AI caption as fake with high confidence, reinforcing suspicion about the content's veracity. The consistency tool showed low similarity scores between the headline, caption, and image, confirming poor alignment and supporting the conclusion that the news is misleading or fabricated. Overall, the forensic tools strongly support the initial intuition that this is fake news.","When evaluating news about specific events, especially involving public figures, check if the image and description directly support the headline's claim and be cautious if there is a mismatch or vague descriptions.","{
  ""Initial_Impression"": ""Fake"",
  ""Initial_Reasoning"": ""The headline 'trump float enters parade' suggests a specific event involving a parade float, which is a common theme in fabricated or exaggerated political news."",
  ""Final_Decision"": ""Fake"",
  ""Did_Decision_Change"": ""No"",
  ""Decision_Confidence"": ""High"",
  ""Explanation"": ""My initial impression was that the news might be fake because the headline implies a specific and potentially sensational event that is often used in misleading political stories. The AI-generated image description 'donald trump is pictured at a press conference' does not align well with the headline, indicating a mismatch between the image content and the headline's claim. The vision tool flagged the image as fake with moderate confidence and detected unrelated visual concepts, which further suggests the image might not be authentic or relevant. The text tool classified both the headline and the AI caption as fake with high confidence, reinforcing suspicion about the content's veracity. The consistency tool showed low similarity scores between the headline, caption, and image, confirming poor alignment and supporting the conclusion that the news is misleading or fabricated. Overall, the forensic tools strongly support the initial intuition that this is fake news."",
  ""Nudge"": ""When evaluating news about specific events, especially involving public figures, check if the image and description directly support the headline's claim and be cautious if there is a mismatch or vague descriptions.""
}"
/content/FakeNews/assets/content/fakeddit_images/83.jpg,adolf hitler orders his senior officers to begin the invasion of poland circa,0,a cartoon character is standing in front of a group of soldiers,Real,Fake,Real,Fake,"The headline claims a historical event involving Adolf Hitler ordering the invasion of Poland, but the phrasing is vague and incomplete ('circa' without a year), which raises suspicion about accuracy or context.",Fake,No,High,"My initial impression was that the headline is likely fake due to its vague and incomplete nature, which is unusual for a factual historical claim. The AI-generated image description depicts a cartoon character with soldiers, which does not align well with the serious historical event mentioned. The vision tool classified the image as Real but with low confidence and detected unrelated visual concepts, suggesting the image is not a genuine historical photo. The text tool strongly flagged the headline as Fake with very high confidence, while the AI caption was considered Real but with moderate confidence. Sentiment analysis showed neutral tones, so no sensationalism was detected. The consistency tool showed very low similarity scores between the headline, caption, and image, indicating poor alignment and further supporting the conclusion that the content is misleading or fabricated. Overall, the forensic evidence strongly supports the initial judgment that this news item is fake.","When encountering historical claims, especially those with vague or incomplete details, cross-check with reliable sources and be cautious of images or descriptions that do not clearly match the event described.","{
  ""Initial_Impression"": ""Fake"",
  ""Initial_Reasoning"": ""The headline claims a historical event involving Adolf Hitler ordering the invasion of Poland, but the phrasing is vague and incomplete ('circa' without a year), which raises suspicion about accuracy or context."",
  ""Final_Decision"": ""Fake"",
  ""Did_Decision_Change"": ""No"",
  ""Decision_Confidence"": ""High"",
  ""Explanation"": ""My initial impression was that the headline is likely fake due to its vague and incomplete nature, which is unusual for a factual historical claim. The AI-generated image description depicts a cartoon character with soldiers, which does not align well with the serious historical event mentioned. The vision tool classified the image as Real but with low confidence and detected unrelated visual concepts, suggesting the image is not a genuine historical photo. The text tool strongly flagged the headline as Fake with very high confidence, while the AI caption was considered Real but with moderate confidence. Sentiment analysis showed neutral tones, so no sensationalism was detected. The consistency tool showed very low similarity scores between the headline, caption, and image, indicating poor alignment and further supporting the conclusion that the content is misleading or fabricated. Overall, the forensic evidence strongly supports the initial judgment that this news item is fake."",
  ""Nudge"": ""When encountering historical claims, especially those with vague or incomplete details, cross-check with reliable sources and be cautious of images or descriptions that do not clearly match the event described.""
}"
/content/FakeNews/assets/content/fakeddit_images/226.jpg,mccain palin would do great as presidential candidate,1,the washington post's new logo,Fake,Real,Fake,Real,The headline 'mccain palin would do great as presidential candidate' is a plausible political opinion statement and does not contain sensational or obviously false claims.,Fake,Yes,Medium,"Initially, the headline seemed like a reasonable political opinion, so I judged it as Real. The AI-generated image description, 'the washington post's new logo,' was not aligned with the headline, indicating a mismatch and potential hallucination. The vision tool flagged the image as Fake with moderate confidence, and the visual concepts detected were unrelated to the headline or the description, suggesting the image might be manipulated or irrelevant. The text tool classified the headline as Real with high confidence but flagged the AI caption as Fake. Sentiment analysis showed the headline had a positive tone but not sensational. The consistency tool showed very low similarity scores between the headline, caption, and image, confirming poor alignment. This mismatch and the image's fake classification led me to change my decision to Fake, as the overall content package appears inconsistent and likely misleading or manipulated. The confidence is medium due to the headline itself being plausible but the supporting elements failing verification.","When evaluating political news or opinions, always check if the accompanying images and captions logically support the headline; mismatches often indicate misinformation or manipulation.","{
  ""Initial_Impression"": ""Real"",
  ""Initial_Reasoning"": ""The headline 'mccain palin would do great as presidential candidate' is a plausible political opinion statement and does not contain sensational or obviously false claims."",
  ""Final_Decision"": ""Fake"",
  ""Did_Decision_Change"": ""Yes"",
  ""Decision_Confidence"": ""Medium"",
  ""Explanation"": ""Initially, the headline seemed like a reasonable political opinion, so I judged it as Real. The AI-generated image description, 'the washington post's new logo,' was not aligned with the headline, indicating a mismatch and potential hallucination. The vision tool flagged the image as Fake with moderate confidence, and the visual concepts detected were unrelated to the headline or the description, suggesting the image might be manipulated or irrelevant. The text tool classified the headline as Real with high confidence but flagged the AI caption as Fake. Sentiment analysis showed the headline had a positive tone but not sensational. The consistency tool showed very low similarity scores between the headline, caption, and image, confirming poor alignment. This mismatch and the image's fake classification led me to change my decision to Fake, as the overall content package appears inconsistent and likely misleading or manipulated. The confidence is medium due to the headline itself being plausible but the supporting elements failing verification."",
  ""Nudge"": ""When evaluating political news or opinions, always check if the accompanying images and captions logically support the headline; mismatches often indicate misinformation or manipulation.""
}"
/content/FakeNews/assets/content/fakeddit_images/217.jpg,shell knew oil giants film warned of climate change danger,1,shell's $1bn fine for oil spill in bahamas is a warning to other oil majors,Fake,Real,Real,Real,"The headline suggests a serious claim about Shell and climate change awareness, which aligns with known public discussions and investigations about oil companies and climate change. It does not appear sensational or implausible on its own.",Fake,Yes,Medium,"Initially, the headline seemed plausible and consistent with known issues about oil companies and climate change, so I judged it as Real. The AI-generated image description, however, talks about a $1bn fine for an oil spill in the Bahamas, which is a different topic from the headline's focus on a film warning about climate change. This indicates some misalignment. The vision tool flagged the image as Fake with moderate confidence, detecting concepts like oilrig and drilling platform but not strongly supporting the headline or caption. The text tool classified both the headline and AI caption as Real with high confidence, but the headline's sentiment was quite negative (likely due to the serious topic). The consistency tool showed moderate semantic similarity between headline and caption (0.61), but low cross-modal similarity between image and text (0.36) and image and caption (0.27), indicating poor alignment between the image and the texts. This mismatch and the vision tool's Fake flag suggest the image and possibly the news item are manipulated or misleading. Therefore, I changed my decision to Fake with medium confidence due to mixed signals but overall poor image-text consistency.","When evaluating news about complex topics like climate change and corporate responsibility, check if the image and captions directly support the headline's claim. Mismatches or vague image descriptions can be a red flag for misinformation.","{
  ""Initial_Impression"": ""Real"",
  ""Initial_Reasoning"": ""The headline suggests a serious claim about Shell and climate change awareness, which aligns with known public discussions and investigations about oil companies and climate change. It does not appear sensational or implausible on its own."",
  ""Final_Decision"": ""Fake"",
  ""Did_Decision_Change"": ""Yes"",
  ""Decision_Confidence"": ""Medium"",
  ""Explanation"": ""Initially, the headline seemed plausible and consistent with known issues about oil companies and climate change, so I judged it as Real. The AI-generated image description, however, talks about a $1bn fine for an oil spill in the Bahamas, which is a different topic from the headline's focus on a film warning about climate change. This indicates some misalignment. The vision tool flagged the image as Fake with moderate confidence, detecting concepts like oilrig and drilling platform but not strongly supporting the headline or caption. The text tool classified both the headline and AI caption as Real with high confidence, but the headline's sentiment was quite negative (likely due to the serious topic). The consistency tool showed moderate semantic similarity between headline and caption (0.61), but low cross-modal similarity between image and text (0.36) and image and caption (0.27), indicating poor alignment between the image and the texts. This mismatch and the vision tool's Fake flag suggest the image and possibly the news item are manipulated or misleading. Therefore, I changed my decision to Fake with medium confidence due to mixed signals but overall poor image-text consistency."",
  ""Nudge"": ""When evaluating news about complex topics like climate change and corporate responsibility, check if the image and captions directly support the headline's claim. Mismatches or vague image descriptions can be a red flag for misinformation.""
}"
/content/FakeNews/assets/content/fakeddit_images/23.jpg,ed sheeran sweetly serenades hospitalbound yearold girl,1,a man and a little girl in a hospital bed,Fake,Real,Real,Real,"The headline describes a heartwarming and plausible event of Ed Sheeran serenading a hospital-bound young girl, which is consistent with his public persona and typical celebrity charity acts.",Fake,Yes,Medium,"Initially, the headline seemed believable as it describes a touching and plausible scenario involving a well-known celebrity. The AI-generated image description aligned well with the headline, depicting a man and a little girl in a hospital bed, which seemed consistent. However, the vision tool flagged the image as 'Fake' with borderline confidence, suggesting possible manipulation or staging. The text tool classified both the headline and the AI caption as 'Real' with high confidence, and the headline sentiment was positive and not overly sensational. The consistency tool showed only moderate alignment between the headline, caption, and image, with similarity scores below 0.4, indicating weak semantic and visual coherence. This discrepancy between the image's authenticity and the textual content suggests the image might not genuinely depict the event described, leading to a classification of 'Fake' news overall. The confidence is medium due to mixed signals: the text is credible, but the image authenticity is questionable.","When evaluating similar news, especially involving emotional celebrity stories, critically assess the authenticity of accompanying images and seek multiple sources to confirm the event rather than relying solely on heartwarming headlines.","{
  ""Initial_Impression"": ""Real"",
  ""Initial_Reasoning"": ""The headline describes a heartwarming and plausible event of Ed Sheeran serenading a hospital-bound young girl, which is consistent with his public persona and typical celebrity charity acts."",
  ""Final_Decision"": ""Fake"",
  ""Did_Decision_Change"": ""Yes"",
  ""Decision_Confidence"": ""Medium"",
  ""Explanation"": ""Initially, the headline seemed believable as it describes a touching and plausible scenario involving a well-known celebrity. The AI-generated image description aligned well with the headline, depicting a man and a little girl in a hospital bed, which seemed consistent. However, the vision tool flagged the image as 'Fake' with borderline confidence, suggesting possible manipulation or staging. The text tool classified both the headline and the AI caption as 'Real' with high confidence, and the headline sentiment was positive and not overly sensational. The consistency tool showed only moderate alignment between the headline, caption, and image, with similarity scores below 0.4, indicating weak semantic and visual coherence. This discrepancy between the image's authenticity and the textual content suggests the image might not genuinely depict the event described, leading to a classification of 'Fake' news overall. The confidence is medium due to mixed signals: the text is credible, but the image authenticity is questionable."",
  ""Nudge"": ""When evaluating similar news, especially involving emotional celebrity stories, critically assess the authenticity of accompanying images and seek multiple sources to confirm the event rather than relying solely on heartwarming headlines.""
}"
/content/FakeNews/assets/content/fakeddit_images/15.jpg,salem witch trials,0,jon bois twitter,Real,Fake,Fake,Fake,"The headline 'salem witch trials' is very broad and often associated with historical events or sensationalized conspiracy theories, which can be a common theme in fake news or misleading content.",Fake,No,High,"Initially, the headline 'salem witch trials' suggested potential for fake or sensational content due to its historical and often mythologized nature. The AI image description 'jon bois twitter' was not aligned with the headline, indicating a lack of coherence between the text and image context. The vision tool detected unrelated visual concepts and only weakly classified the image as Real with low confidence, suggesting the image does not strongly support the headline. The text tool flagged both the headline and AI caption as Fake with high confidence, and the sentiment analysis showed a negative or neutral tone, not typical of benign news. The consistency tool showed very low similarity scores between headline, caption, and image, confirming poor alignment and coherence. All evidence supports the initial impression that this news item is Fake.","When encountering historical or sensational headlines, always check if the accompanying image and description logically align and if the source or context is credible before accepting the information as true.","{
  ""Initial_Impression"": ""Fake"",
  ""Initial_Reasoning"": ""The headline 'salem witch trials' is very broad and often associated with historical events or sensationalized conspiracy theories, which can be a common theme in fake news or misleading content."",
  ""Final_Decision"": ""Fake"",
  ""Did_Decision_Change"": ""No"",
  ""Decision_Confidence"": ""High"",
  ""Explanation"": ""Initially, the headline 'salem witch trials' suggested potential for fake or sensational content due to its historical and often mythologized nature. The AI image description 'jon bois twitter' was not aligned with the headline, indicating a lack of coherence between the text and image context. The vision tool detected unrelated visual concepts and only weakly classified the image as Real with low confidence, suggesting the image does not strongly support the headline. The text tool flagged both the headline and AI caption as Fake with high confidence, and the sentiment analysis showed a negative or neutral tone, not typical of benign news. The consistency tool showed very low similarity scores between headline, caption, and image, confirming poor alignment and coherence. All evidence supports the initial impression that this news item is Fake."",
  ""Nudge"": ""When encountering historical or sensational headlines, always check if the accompanying image and description logically align and if the source or context is credible before accepting the information as true.""
}"
/content/FakeNews/assets/content/fakeddit_images/153.jpg,the compost pail and paper towel rack teamed up to brighten your day,0,a metal bucket on a counter top,Real,Fake,Fake,Fake,"The headline sounds whimsical and unusual, suggesting an unlikely scenario where inanimate objects 'team up' to brighten someone's day, which is a common style in fake or humorous content rather than serious news.",Fake,No,High,"My initial impression was that the headline was likely fake due to its whimsical and personified language about a compost pail and paper towel rack teaming up, which is not typical for genuine news. The AI-generated image description 'a metal bucket on a counter top' is somewhat aligned but vague and does not strongly support the headline's claim. The vision tool detected objects like a bucket and related items and classified the image as Real but with low confidence, indicating the image itself is likely authentic but not necessarily supporting the headline's narrative. The text tool flagged both the headline and the AI caption as Fake with very high confidence, and the sentiment analysis showed a somewhat positive but not extreme tone. The consistency tool showed low similarity scores between the headline, caption, and image, indicating poor alignment and suggesting the headline is not well supported by the image or its description. Overall, the forensic tools confirmed my initial suspicion that this is fake news, likely a humorous or fabricated claim rather than factual reporting.","Be cautious of headlines that use personification or whimsical language about objects or events, as these often indicate satire, humor, or fabricated stories rather than factual news.","{
  ""Initial_Impression"": ""Fake"",
  ""Initial_Reasoning"": ""The headline sounds whimsical and unusual, suggesting an unlikely scenario where inanimate objects 'team up' to brighten someone's day, which is a common style in fake or humorous content rather than serious news."",
  ""Final_Decision"": ""Fake"",
  ""Did_Decision_Change"": ""No"",
  ""Decision_Confidence"": ""High"",
  ""Explanation"": ""My initial impression was that the headline was likely fake due to its whimsical and personified language about a compost pail and paper towel rack teaming up, which is not typical for genuine news. The AI-generated image description 'a metal bucket on a counter top' is somewhat aligned but vague and does not strongly support the headline's claim. The vision tool detected objects like a bucket and related items and classified the image as Real but with low confidence, indicating the image itself is likely authentic but not necessarily supporting the headline's narrative. The text tool flagged both the headline and the AI caption as Fake with very high confidence, and the sentiment analysis showed a somewhat positive but not extreme tone. The consistency tool showed low similarity scores between the headline, caption, and image, indicating poor alignment and suggesting the headline is not well supported by the image or its description. Overall, the forensic tools confirmed my initial suspicion that this is fake news, likely a humorous or fabricated claim rather than factual reporting."",
  ""Nudge"": ""Be cautious of headlines that use personification or whimsical language about objects or events, as these often indicate satire, humor, or fabricated stories rather than factual news.""
}"
/content/FakeNews/assets/content/fakeddit_images/116.jpg,oh my,1,a group of people posing for a picture in the woods,Fake,Fake,Real,Fake,"The headline 'oh my' is vague and sensational without context, which often signals clickbait or misleading content.",Fake,No,Medium,"Initially, the headline 'oh my' seemed suspicious due to its vague and sensational nature, which is common in misleading or fake news. The AI-generated image description 'a group of people posing for a picture in the woods' was somewhat aligned with the image content but very generic. The vision tool detected concepts related to outdoor group settings but flagged the image as Fake with moderate confidence (about 0.51). The text tool strongly flagged the headline as Fake with high confidence (0.99), while it considered the AI caption as Real but with lower confidence (0.76). Sentiment scores were neutral, indicating no overt sensationalism in the texts. The consistency tool showed very low semantic similarity between the headline and caption (-0.03), and low cross-modal similarities between image and text (0.17) and image and caption (0.30), indicating weak alignment overall. These findings confirm the initial suspicion that the headline is misleading or fake, and the image and caption do not strongly support the headline's claim. Therefore, the final decision remains Fake with medium confidence due to some ambiguity in the image description's realism.",Be cautious of headlines that are vague or sensational without clear context; always check if the accompanying image and description logically support the claim before trusting the content.,"{
  ""Initial_Impression"": ""Fake"",
  ""Initial_Reasoning"": ""The headline 'oh my' is vague and sensational without context, which often signals clickbait or misleading content."",
  ""Final_Decision"": ""Fake"",
  ""Did_Decision_Change"": ""No"",
  ""Decision_Confidence"": ""Medium"",
  ""Explanation"": ""Initially, the headline 'oh my' seemed suspicious due to its vague and sensational nature, which is common in misleading or fake news. The AI-generated image description 'a group of people posing for a picture in the woods' was somewhat aligned with the image content but very generic. The vision tool detected concepts related to outdoor group settings but flagged the image as Fake with moderate confidence (about 0.51). The text tool strongly flagged the headline as Fake with high confidence (0.99), while it considered the AI caption as Real but with lower confidence (0.76). Sentiment scores were neutral, indicating no overt sensationalism in the texts. The consistency tool showed very low semantic similarity between the headline and caption (-0.03), and low cross-modal similarities between image and text (0.17) and image and caption (0.30), indicating weak alignment overall. These findings confirm the initial suspicion that the headline is misleading or fake, and the image and caption do not strongly support the headline's claim. Therefore, the final decision remains Fake with medium confidence due to some ambiguity in the image description's realism."",
  ""Nudge"": ""Be cautious of headlines that are vague or sensational without clear context; always check if the accompanying image and description logically support the claim before trusting the content.""
}"
/content/FakeNews/assets/content/fakeddit_images/84.jpg,trump pardons former sheriff joe arpaio,1,two men standing behind a podium with trump and donald,Fake,Real,Real,Real,"The headline 'trump pardons former sheriff joe arpaio' is a plausible political news event that has been reported in the past, so it initially seems credible.",Fake,Yes,High,"Initially, the headline seemed credible because it references a known political figure and a historically reported event. The AI-generated image description was somewhat aligned but vague, mentioning 'two men standing behind a podium with trump and donald,' which could fit the headline context. However, the forensic tools revealed critical inconsistencies: the vision tool flagged the image as Fake with moderate confidence and detected unrelated visual concepts (e.g., chimpanzee, Shih-Tzu) that do not match the headline or description. The text tool classified both the headline and AI caption as Real with high confidence, indicating the text itself is plausible. Yet, the consistency tool showed very low similarity scores between the headline, caption, and image, indicating poor alignment and suggesting the image does not support the headline claim. This mismatch between the image content and the headline, combined with the vision tool's Fake classification, strongly suggests the news item is Fake. Therefore, despite the plausible headline, the overall evidence points to misinformation.","When evaluating news, especially politically charged claims, always check if the accompanying images genuinely match the story and be cautious if the visuals seem unrelated or manipulated.","{
  ""Initial_Impression"": ""Real"",
  ""Initial_Reasoning"": ""The headline 'trump pardons former sheriff joe arpaio' is a plausible political news event that has been reported in the past, so it initially seems credible."",
  ""Final_Decision"": ""Fake"",
  ""Did_Decision_Change"": ""Yes"",
  ""Decision_Confidence"": ""High"",
  ""Explanation"": ""Initially, the headline seemed credible because it references a known political figure and a historically reported event. The AI-generated image description was somewhat aligned but vague, mentioning 'two men standing behind a podium with trump and donald,' which could fit the headline context. However, the forensic tools revealed critical inconsistencies: the vision tool flagged the image as Fake with moderate confidence and detected unrelated visual concepts (e.g., chimpanzee, Shih-Tzu) that do not match the headline or description. The text tool classified both the headline and AI caption as Real with high confidence, indicating the text itself is plausible. Yet, the consistency tool showed very low similarity scores between the headline, caption, and image, indicating poor alignment and suggesting the image does not support the headline claim. This mismatch between the image content and the headline, combined with the vision tool's Fake classification, strongly suggests the news item is Fake. Therefore, despite the plausible headline, the overall evidence points to misinformation."",
  ""Nudge"": ""When evaluating news, especially politically charged claims, always check if the accompanying images genuinely match the story and be cautious if the visuals seem unrelated or manipulated.""
}"
/content/FakeNews/assets/content/fakeddit_images/51.jpg,the man who looks after dogs,1,a man is sitting on the ground with several dogs,Real,Fake,Fake,Real,"The headline 'the man who looks after dogs' sounds like a straightforward, benign statement about someone caring for dogs, which is plausible and not sensational or extraordinary.",Fake,Yes,Medium,"Initially, the headline seemed realistic and benign, suggesting a simple story about a man caring for dogs. The AI-generated image description aligned well with the headline, describing a man sitting on the ground with several dogs, which seemed consistent and reliable. However, forensic analysis revealed discrepancies: the vision tool classified the image as Real but with low confidence (about 0.5), indicating uncertainty. The text tool flagged both the headline and the AI caption as Fake with high confidence, suggesting the text content might be misleading or fabricated. Additionally, the consistency tool showed only moderate to low similarity scores between the headline, caption, and image (all below 0.5), indicating weak alignment and possible mismatch between the text claims and the visual content. These factors combined suggest the news item is likely Fake, despite the initial impression. The tools changed the decision from Real to Fake due to the strong textual fake signals and weak multimodal consistency.","When evaluating news about people and animals, look beyond simple headlines and check if the text and images truly align and come from credible sources, as seemingly innocent stories can sometimes be misleading or fabricated.","{
  ""Initial_Impression"": ""Real"",
  ""Initial_Reasoning"": ""The headline 'the man who looks after dogs' sounds like a straightforward, benign statement about someone caring for dogs, which is plausible and not sensational or extraordinary."",
  ""Final_Decision"": ""Fake"",
  ""Did_Decision_Change"": ""Yes"",
  ""Decision_Confidence"": ""Medium"",
  ""Explanation"": ""Initially, the headline seemed realistic and benign, suggesting a simple story about a man caring for dogs. The AI-generated image description aligned well with the headline, describing a man sitting on the ground with several dogs, which seemed consistent and reliable. However, forensic analysis revealed discrepancies: the vision tool classified the image as Real but with low confidence (about 0.5), indicating uncertainty. The text tool flagged both the headline and the AI caption as Fake with high confidence, suggesting the text content might be misleading or fabricated. Additionally, the consistency tool showed only moderate to low similarity scores between the headline, caption, and image (all below 0.5), indicating weak alignment and possible mismatch between the text claims and the visual content. These factors combined suggest the news item is likely Fake, despite the initial impression. The tools changed the decision from Real to Fake due to the strong textual fake signals and weak multimodal consistency."",
  ""Nudge"": ""When evaluating news about people and animals, look beyond simple headlines and check if the text and images truly align and come from credible sources, as seemingly innocent stories can sometimes be misleading or fabricated.""
}"
/content/FakeNews/assets/content/fakeddit_images/138.jpg,jerusalem court acquits man after determining he is a kohen,1,a sign in hebrew and english is displayed in front of a cemetery,Real,Real,Fake,Fake,"The headline claims a Jerusalem court acquitted a man after determining he is a kohen, which sounds unusual and potentially misleading or fabricated because legal acquittals are typically based on criminal evidence, not religious status.",Fake,No,High,"My initial impression was that the headline seemed suspicious because it links a legal court decision to a religious status in a way that is uncommon and likely misleading. The AI-generated image description about a sign in Hebrew and English in front of a cemetery does not strongly align with the headline, suggesting the description might be vague or unrelated. The vision tool detected a street sign and synagogue outdoor scene and classified the image as Real but with low confidence, indicating the image itself is likely authentic but not necessarily supportive of the headline claim. The text tool classified the headline as Real with very high confidence, likely because it is a plausible sentence, but flagged the AI caption as Fake with high confidence, indicating the caption might be inaccurate or fabricated. Sentiment analysis showed neutral tones, so no sensationalism was detected. The consistency tool showed low similarity scores between headline, caption, and image, indicating poor alignment and suggesting the image and caption do not support the headline's claim. Overall, the forensic evidence supports the initial skepticism about the headline's truthfulness, confirming the news is likely Fake.","When encountering news that links legal decisions to unusual or religious claims, critically check for supporting evidence and consistency between images, captions, and headlines before accepting the story as true.","{
  ""Initial_Impression"": ""Fake"",
  ""Initial_Reasoning"": ""The headline claims a Jerusalem court acquitted a man after determining he is a kohen, which sounds unusual and potentially misleading or fabricated because legal acquittals are typically based on criminal evidence, not religious status."",
  ""Final_Decision"": ""Fake"",
  ""Did_Decision_Change"": ""No"",
  ""Decision_Confidence"": ""High"",
  ""Explanation"": ""My initial impression was that the headline seemed suspicious because it links a legal court decision to a religious status in a way that is uncommon and likely misleading. The AI-generated image description about a sign in Hebrew and English in front of a cemetery does not strongly align with the headline, suggesting the description might be vague or unrelated. The vision tool detected a street sign and synagogue outdoor scene and classified the image as Real but with low confidence, indicating the image itself is likely authentic but not necessarily supportive of the headline claim. The text tool classified the headline as Real with very high confidence, likely because it is a plausible sentence, but flagged the AI caption as Fake with high confidence, indicating the caption might be inaccurate or fabricated. Sentiment analysis showed neutral tones, so no sensationalism was detected. The consistency tool showed low similarity scores between headline, caption, and image, indicating poor alignment and suggesting the image and caption do not support the headline's claim. Overall, the forensic evidence supports the initial skepticism about the headline's truthfulness, confirming the news is likely Fake."",
  ""Nudge"": ""When encountering news that links legal decisions to unusual or religious claims, critically check for supporting evidence and consistency between images, captions, and headlines before accepting the story as true.""
}"
/content/FakeNews/assets/content/fakeddit_images/78.jpg,this professional french esport player,1,a man with his mouth open in front of a crowd,Real,Real,Real,Real,"The headline 'this professional french esport player' sounds plausible and straightforward without sensational or exaggerated claims, suggesting it is likely real.",Real,No,High,"My initial impression based on the headline was that the news is real because it is a simple, believable statement about a professional French esports player. The AI-generated image description 'a man with his mouth open in front of a crowd' aligns reasonably well with the headline, suggesting a public or competitive setting typical for esports. The vision tool detected relevant visual concepts and classified the image as real with moderate confidence. The text tool strongly classified both the headline and the AI caption as real, with neutral sentiment, indicating no sensationalism or fake news signals. The consistency tool showed low to moderate alignment scores between the headline, caption, and image, which is expected given the generic nature of the texts and image but no contradictions were found. Overall, the forensic tools confirmed my initial judgment, so I maintain the classification as real with high confidence.","When evaluating similar content, focus on whether the headline makes straightforward claims without exaggeration, and check if the image and description contextually support the headline without contradictions or sensationalism.","{
  ""Initial_Impression"": ""Real"",
  ""Initial_Reasoning"": ""The headline 'this professional french esport player' sounds plausible and straightforward without sensational or exaggerated claims, suggesting it is likely real."",
  ""Final_Decision"": ""Real"",
  ""Did_Decision_Change"": ""No"",
  ""Decision_Confidence"": ""High"",
  ""Explanation"": ""My initial impression based on the headline was that the news is real because it is a simple, believable statement about a professional French esports player. The AI-generated image description 'a man with his mouth open in front of a crowd' aligns reasonably well with the headline, suggesting a public or competitive setting typical for esports. The vision tool detected relevant visual concepts and classified the image as real with moderate confidence. The text tool strongly classified both the headline and the AI caption as real, with neutral sentiment, indicating no sensationalism or fake news signals. The consistency tool showed low to moderate alignment scores between the headline, caption, and image, which is expected given the generic nature of the texts and image but no contradictions were found. Overall, the forensic tools confirmed my initial judgment, so I maintain the classification as real with high confidence."",
  ""Nudge"": ""When evaluating similar content, focus on whether the headline makes straightforward claims without exaggeration, and check if the image and description contextually support the headline without contradictions or sensationalism.""
}"
/content/FakeNews/assets/content/fakeddit_images/252.jpg,a push pin held to an earbud by the small magnet in it,1,a person holding a small white object,Real,Real,Fake,Fake,"The headline is oddly phrased and somewhat confusing, which raises suspicion about its authenticity or clarity.",Real,Yes,Medium,"Initially, the headline seemed suspicious due to its awkward phrasing and unclear meaning, which suggested it might be fake. However, the AI-generated image description, while vague, was somewhat aligned with the headline. The vision tool detected objects unrelated to the headline but classified the image as Real with moderate confidence. The text tool strongly classified the headline as Real, though it flagged the AI caption as Fake, likely due to its vagueness. Sentiment analysis showed neutral tones, indicating no sensationalism. Consistency scores between headline, caption, and image were low but positive, indicating some alignment without contradiction. Overall, the forensic tools suggest the content is more likely Real despite the headline's odd wording, leading to a change in decision with medium confidence.","When encountering oddly phrased or confusing headlines, look for corroborating evidence in the image and description, and consider the overall context before judging authenticity.","{
  ""Initial_Impression"": ""Fake"",
  ""Initial_Reasoning"": ""The headline is oddly phrased and somewhat confusing, which raises suspicion about its authenticity or clarity."",
  ""Final_Decision"": ""Real"",
  ""Did_Decision_Change"": ""Yes"",
  ""Decision_Confidence"": ""Medium"",
  ""Explanation"": ""Initially, the headline seemed suspicious due to its awkward phrasing and unclear meaning, which suggested it might be fake. However, the AI-generated image description, while vague, was somewhat aligned with the headline. The vision tool detected objects unrelated to the headline but classified the image as Real with moderate confidence. The text tool strongly classified the headline as Real, though it flagged the AI caption as Fake, likely due to its vagueness. Sentiment analysis showed neutral tones, indicating no sensationalism. Consistency scores between headline, caption, and image were low but positive, indicating some alignment without contradiction. Overall, the forensic tools suggest the content is more likely Real despite the headline's odd wording, leading to a change in decision with medium confidence."",
  ""Nudge"": ""When encountering oddly phrased or confusing headlines, look for corroborating evidence in the image and description, and consider the overall context before judging authenticity.""
}"
/content/FakeNews/assets/content/fakeddit_images/47.jpg,putins alleged lovermistress alina kabayeva,1,a young woman doing a gymnastics move with a ball,Real,Real,Real,Fake,"The headline 'putins alleged lovermistress alina kabayeva' suggests a sensational and potentially unverified claim about a political figure's personal life, which is a common theme in fake news.",Fake,No,High,"Initially, the headline raised suspicion due to its sensational nature and lack of concrete evidence, which is typical of fake news. The AI-generated image description 'a young woman doing a gymnastics move with a ball' aligns with the known public persona of Alina Kabayeva, who is a gymnast, so the description is reliable and relevant. The vision tool classified the image as Real with moderate confidence, detecting concepts related to gymnastics, which supports the image's authenticity. The text tool classified both the headline and the AI caption as Real with very high confidence, indicating the texts themselves are not flagged as fabricated or misleading by the model. However, the consistency tool showed low semantic and cross-modal similarity scores between the headline, caption, and image, indicating weak alignment. This suggests the headline's claim about a 'lovermistress' is not supported by the image or caption, which focus on gymnastics rather than personal relationships. Therefore, despite the image and caption being real and relevant to Alina Kabayeva, the headline's sensational claim is not substantiated, confirming the initial impression of fake news. The tools reinforced the initial judgment without contradiction, leading to a high confidence in the final decision.",Be cautious of headlines making sensational personal claims about public figures without clear supporting evidence; always check if the accompanying images and descriptions actually support the headline's assertions.,"{
  ""Initial_Impression"": ""Fake"",
  ""Initial_Reasoning"": ""The headline 'putins alleged lovermistress alina kabayeva' suggests a sensational and potentially unverified claim about a political figure's personal life, which is a common theme in fake news."",
  ""Final_Decision"": ""Fake"",
  ""Did_Decision_Change"": ""No"",
  ""Decision_Confidence"": ""High"",
  ""Explanation"": ""Initially, the headline raised suspicion due to its sensational nature and lack of concrete evidence, which is typical of fake news. The AI-generated image description 'a young woman doing a gymnastics move with a ball' aligns with the known public persona of Alina Kabayeva, who is a gymnast, so the description is reliable and relevant. The vision tool classified the image as Real with moderate confidence, detecting concepts related to gymnastics, which supports the image's authenticity. The text tool classified both the headline and the AI caption as Real with very high confidence, indicating the texts themselves are not flagged as fabricated or misleading by the model. However, the consistency tool showed low semantic and cross-modal similarity scores between the headline, caption, and image, indicating weak alignment. This suggests the headline's claim about a 'lovermistress' is not supported by the image or caption, which focus on gymnastics rather than personal relationships. Therefore, despite the image and caption being real and relevant to Alina Kabayeva, the headline's sensational claim is not substantiated, confirming the initial impression of fake news. The tools reinforced the initial judgment without contradiction, leading to a high confidence in the final decision."",
  ""Nudge"": ""Be cautious of headlines making sensational personal claims about public figures without clear supporting evidence; always check if the accompanying images and descriptions actually support the headline's assertions.""
}"
/content/FakeNews/assets/content/fakeddit_images/213.jpg,red moscow the heart of the world proletarian revolution ussr,0,a poster with the words russian revolution,Fake,Fake,Fake,Fake,The headline 'red moscow the heart of the world proletarian revolution ussr' sounds like a propagandistic or exaggerated claim typical of fake or biased content glorifying a political ideology.,Fake,No,High,"My initial impression based on the headline was that this news item is likely fake due to its propagandistic tone and exaggerated phrasing. The AI-generated image description 'a poster with the words russian revolution' is somewhat aligned with the headline but quite generic. The forensic tools strongly support the initial impression: the vision tool flagged the image as Fake with moderate confidence, detecting unrelated visual concepts that do not strongly support the headline's claim. The text tool classified both the headline and the AI caption as Fake with very high confidence, and the headline showed a somewhat sensational sentiment. The consistency tool showed moderate semantic alignment between the headline and caption but low cross-modal similarity between the image and both texts, indicating the image does not strongly support the headline or caption. Overall, the tools confirm the content is likely fabricated or misleading, so I maintain the 'Fake' classification with high confidence.",Be cautious of headlines that use grandiose or ideological language without clear factual support; always check if the accompanying image and description genuinely align with the claim before trusting such content.,"{
  ""Initial_Impression"": ""Fake"",
  ""Initial_Reasoning"": ""The headline 'red moscow the heart of the world proletarian revolution ussr' sounds like a propagandistic or exaggerated claim typical of fake or biased content glorifying a political ideology."",
  ""Final_Decision"": ""Fake"",
  ""Did_Decision_Change"": ""No"",
  ""Decision_Confidence"": ""High"",
  ""Explanation"": ""My initial impression based on the headline was that this news item is likely fake due to its propagandistic tone and exaggerated phrasing. The AI-generated image description 'a poster with the words russian revolution' is somewhat aligned with the headline but quite generic. The forensic tools strongly support the initial impression: the vision tool flagged the image as Fake with moderate confidence, detecting unrelated visual concepts that do not strongly support the headline's claim. The text tool classified both the headline and the AI caption as Fake with very high confidence, and the headline showed a somewhat sensational sentiment. The consistency tool showed moderate semantic alignment between the headline and caption but low cross-modal similarity between the image and both texts, indicating the image does not strongly support the headline or caption. Overall, the tools confirm the content is likely fabricated or misleading, so I maintain the 'Fake' classification with high confidence."",
  ""Nudge"": ""Be cautious of headlines that use grandiose or ideological language without clear factual support; always check if the accompanying image and description genuinely align with the claim before trusting such content.""
}"
/content/FakeNews/assets/content/fakeddit_images/13.jpg,americans first knowing what to call african slaves,0,a person holding a small button with the letter n on it,Real,Fake,Fake,Fake,"The headline 'americans first knowing what to call african slaves' is vague, confusing, and potentially inflammatory, which is typical of misleading or fake news aiming to provoke or misinform.",Fake,No,High,"My initial impression based on the headline alone was that this news is likely fake due to its unclear and provocative wording. The AI-generated image description 'a person holding a small button with the letter n on it' is aligned with the headline in a disturbing context but is vague and does not clarify the claim. The vision tool detected unrelated visual concepts and classified the image as Real but with low confidence (around 0.51), indicating the image itself is not obviously manipulated. However, the text tool strongly flagged both the headline and the AI caption as Fake with very high confidence, indicating the textual content is likely misleading or false. The sentiment scores were neutral, so the text is not sensational but still flagged as fake. The consistency tool showed very low similarity scores between headline, caption, and image, indicating poor alignment and coherence among the elements. Overall, the forensic tools confirmed my initial suspicion that this is fake news, and the evidence is strong and consistent, so I maintain the classification as Fake with high confidence.","Be cautious of headlines that are vague, confusing, or provocative without clear context; always check if the accompanying image and description logically support the claim before accepting it as true.","{
  ""Initial_Impression"": ""Fake"",
  ""Initial_Reasoning"": ""The headline 'americans first knowing what to call african slaves' is vague, confusing, and potentially inflammatory, which is typical of misleading or fake news aiming to provoke or misinform."",
  ""Final_Decision"": ""Fake"",
  ""Did_Decision_Change"": ""No"",
  ""Decision_Confidence"": ""High"",
  ""Explanation"": ""My initial impression based on the headline alone was that this news is likely fake due to its unclear and provocative wording. The AI-generated image description 'a person holding a small button with the letter n on it' is aligned with the headline in a disturbing context but is vague and does not clarify the claim. The vision tool detected unrelated visual concepts and classified the image as Real but with low confidence (around 0.51), indicating the image itself is not obviously manipulated. However, the text tool strongly flagged both the headline and the AI caption as Fake with very high confidence, indicating the textual content is likely misleading or false. The sentiment scores were neutral, so the text is not sensational but still flagged as fake. The consistency tool showed very low similarity scores between headline, caption, and image, indicating poor alignment and coherence among the elements. Overall, the forensic tools confirmed my initial suspicion that this is fake news, and the evidence is strong and consistent, so I maintain the classification as Fake with high confidence."",
  ""Nudge"": ""Be cautious of headlines that are vague, confusing, or provocative without clear context; always check if the accompanying image and description logically support the claim before accepting it as true.""
}"
/content/FakeNews/assets/content/fakeddit_images/273.jpg,nintendo switch cowmilking game,1,two people sitting on a bench with a green wall,Real,Real,Fake,Fake,The headline 'nintendo switch cowmilking game' sounds unusual and unlikely as a genuine news item because it combines a popular gaming console with an odd and niche concept that is not widely known or reported.,Fake,No,High,"My initial impression was that the headline seemed fake due to its odd and unlikely nature. The AI-generated image description 'two people sitting on a bench with a green wall' does not align well with the headline about a Nintendo Switch cow milking game, indicating the description is not reliable or relevant. The vision tool detected unrelated visual concepts such as 'cellular telephone' and 'waiting room' and classified the image as Real but with low confidence, suggesting the image content does not support the headline. The text tool classified the headline as Real with high confidence but flagged the AI caption as Fake, reflecting the mismatch between the headline and the image description. Sentiment scores were neutral, so no sensationalism was detected. The consistency tool showed very low similarity scores between the headline, caption, and image, confirming poor alignment. Overall, the forensic evidence supports the initial judgment that this news item is fake, as the image and description do not corroborate the headline's claim.","When encountering unusual or oddly specific headlines, always check if the accompanying image and description logically support the claim; mismatches often indicate misinformation or fake news.","{
  ""Initial_Impression"": ""Fake"",
  ""Initial_Reasoning"": ""The headline 'nintendo switch cowmilking game' sounds unusual and unlikely as a genuine news item because it combines a popular gaming console with an odd and niche concept that is not widely known or reported."",
  ""Final_Decision"": ""Fake"",
  ""Did_Decision_Change"": ""No"",
  ""Decision_Confidence"": ""High"",
  ""Explanation"": ""My initial impression was that the headline seemed fake due to its odd and unlikely nature. The AI-generated image description 'two people sitting on a bench with a green wall' does not align well with the headline about a Nintendo Switch cow milking game, indicating the description is not reliable or relevant. The vision tool detected unrelated visual concepts such as 'cellular telephone' and 'waiting room' and classified the image as Real but with low confidence, suggesting the image content does not support the headline. The text tool classified the headline as Real with high confidence but flagged the AI caption as Fake, reflecting the mismatch between the headline and the image description. Sentiment scores were neutral, so no sensationalism was detected. The consistency tool showed very low similarity scores between the headline, caption, and image, confirming poor alignment. Overall, the forensic evidence supports the initial judgment that this news item is fake, as the image and description do not corroborate the headline's claim."",
  ""Nudge"": ""When encountering unusual or oddly specific headlines, always check if the accompanying image and description logically support the claim; mismatches often indicate misinformation or fake news.""
}"
/content/FakeNews/assets/content/fakeddit_images/115.jpg,my stapler is in a very uncomfortable position,0,a red and black device with a metal clip on it,Real,Fake,Fake,Fake,"The headline 'my stapler is in a very uncomfortable position' sounds unusual and vague, which raises suspicion about its authenticity or seriousness as news.",Fake,No,High,"Initially, the headline seemed suspicious due to its odd and informal phrasing, which did not resemble typical news content. The AI-generated image description 'a red and black device with a metal clip on it' is somewhat aligned with the idea of a stapler but is very generic and lacks detail. The vision tool detected concepts related to handheld or desktop devices but did not strongly confirm the presence of a stapler, though it classified the image as Real with moderate confidence. However, the text tool flagged both the headline and the AI caption as Fake with high confidence, indicating that the textual content is likely misleading or fabricated. The sentiment analysis showed a negative tone for the headline, which can be associated with sensational or unusual claims. The consistency tool showed low similarity scores between the headline, caption, and image, indicating weak alignment and further supporting the idea that the content is not coherent or trustworthy. Overall, the forensic tools confirmed the initial suspicion that this news item is Fake.","When encountering unusual or vague headlines, especially those that seem informal or out of place, critically assess the credibility by checking for clear, detailed descriptions and strong alignment between text and images before accepting the content as true.","{
  ""Initial_Impression"": ""Fake"",
  ""Initial_Reasoning"": ""The headline 'my stapler is in a very uncomfortable position' sounds unusual and vague, which raises suspicion about its authenticity or seriousness as news."",
  ""Final_Decision"": ""Fake"",
  ""Did_Decision_Change"": ""No"",
  ""Decision_Confidence"": ""High"",
  ""Explanation"": ""Initially, the headline seemed suspicious due to its odd and informal phrasing, which did not resemble typical news content. The AI-generated image description 'a red and black device with a metal clip on it' is somewhat aligned with the idea of a stapler but is very generic and lacks detail. The vision tool detected concepts related to handheld or desktop devices but did not strongly confirm the presence of a stapler, though it classified the image as Real with moderate confidence. However, the text tool flagged both the headline and the AI caption as Fake with high confidence, indicating that the textual content is likely misleading or fabricated. The sentiment analysis showed a negative tone for the headline, which can be associated with sensational or unusual claims. The consistency tool showed low similarity scores between the headline, caption, and image, indicating weak alignment and further supporting the idea that the content is not coherent or trustworthy. Overall, the forensic tools confirmed the initial suspicion that this news item is Fake."",
  ""Nudge"": ""When encountering unusual or vague headlines, especially those that seem informal or out of place, critically assess the credibility by checking for clear, detailed descriptions and strong alignment between text and images before accepting the content as true.""
}"
/content/FakeNews/assets/content/fakeddit_images/195.jpg,an american soldier prepares to charge a viet cong position,0,pokemon character holding a gun in the woods,Real,Fake,Real,Fake,"The headline describes a serious historical military event involving an American soldier and Viet Cong, which is a common subject of historical photos or news. However, the headline alone could be used in misleading contexts, so initial caution is warranted.",Fake,No,High,"My initial impression was that the headline might be fake or misleading because it describes a serious historical military scene that could be easily manipulated or misrepresented. The AI-generated image description, however, describes a 'pokemon character holding a gun in the woods,' which is completely unrelated and inconsistent with the headline. This suggests the image or its description is not aligned with the headline. The vision tool detected concepts like 'axolotl,' 'mushroom,' and 'crayfish,' none of which relate to soldiers or warfare, and it classified the image as Real but with low confidence (about 51%), indicating ambiguity. The text tool flagged the headline as Fake with very high confidence (99.8%), while the AI caption was flagged as Real with high confidence, showing a clear mismatch. Sentiment analysis showed the headline was neutral, but the caption was slightly negative, which is not strongly sensational. The consistency tool showed low similarity scores between headline and caption (0.26), image and headline (0.27), and image and caption (0.36), indicating poor alignment across all modalities. Taken together, these findings confirm that the headline is likely misrepresenting the image content or the image is unrelated, making the news item fake. The tools reinforced my initial skepticism and did not change my decision.","When encountering news with historical or serious claims, always check if the image and description truly match the headline. Look for inconsistencies or unrelated elements that might indicate manipulation or misinformation.","{
  ""Initial_Impression"": ""Fake"",
  ""Initial_Reasoning"": ""The headline describes a serious historical military event involving an American soldier and Viet Cong, which is a common subject of historical photos or news. However, the headline alone could be used in misleading contexts, so initial caution is warranted."",
  ""Final_Decision"": ""Fake"",
  ""Did_Decision_Change"": ""No"",
  ""Decision_Confidence"": ""High"",
  ""Explanation"": ""My initial impression was that the headline might be fake or misleading because it describes a serious historical military scene that could be easily manipulated or misrepresented. The AI-generated image description, however, describes a 'pokemon character holding a gun in the woods,' which is completely unrelated and inconsistent with the headline. This suggests the image or its description is not aligned with the headline. The vision tool detected concepts like 'axolotl,' 'mushroom,' and 'crayfish,' none of which relate to soldiers or warfare, and it classified the image as Real but with low confidence (about 51%), indicating ambiguity. The text tool flagged the headline as Fake with very high confidence (99.8%), while the AI caption was flagged as Real with high confidence, showing a clear mismatch. Sentiment analysis showed the headline was neutral, but the caption was slightly negative, which is not strongly sensational. The consistency tool showed low similarity scores between headline and caption (0.26), image and headline (0.27), and image and caption (0.36), indicating poor alignment across all modalities. Taken together, these findings confirm that the headline is likely misrepresenting the image content or the image is unrelated, making the news item fake. The tools reinforced my initial skepticism and did not change my decision."",
  ""Nudge"": ""When encountering news with historical or serious claims, always check if the image and description truly match the headline. Look for inconsistencies or unrelated elements that might indicate manipulation or misinformation.""
}"
/content/FakeNews/assets/content/fakeddit_images/166.jpg,will smith at the set of bad boys,0,a man in a white tank top is looking at something,Real,Fake,Fake,Fake,"The headline 'will smith at the set of bad boys' seems suspicious because it is vague, lacks proper capitalization, and could be an attempt to mislead or attract clicks without substantial evidence.",Fake,No,High,"Initially, the headline appeared dubious due to its informal style and lack of detail, suggesting potential misinformation. The AI-generated image description 'a man in a white tank top is looking at something' was only loosely related and vague, indicating low reliability. The vision tool detected unrelated visual concepts and classified the image as Real but with low confidence (around 0.51), which does not strongly support the headline. The text tool flagged both the headline and the AI caption as Fake with high confidence, and the headline had a negative sentiment score, indicating sensational or misleading tone. The consistency tool showed very low similarity scores between the headline, caption, and image, confirming poor alignment and suggesting the image does not support the headline claim. Overall, the forensic tools reinforced the initial suspicion that this news item is likely fake.","When encountering celebrity-related news, especially with vague or informal headlines, look for credible sources and check if the image content clearly supports the claim before accepting it as true.","{
  ""Initial_Impression"": ""Fake"",
  ""Initial_Reasoning"": ""The headline 'will smith at the set of bad boys' seems suspicious because it is vague, lacks proper capitalization, and could be an attempt to mislead or attract clicks without substantial evidence."",
  ""Final_Decision"": ""Fake"",
  ""Did_Decision_Change"": ""No"",
  ""Decision_Confidence"": ""High"",
  ""Explanation"": ""Initially, the headline appeared dubious due to its informal style and lack of detail, suggesting potential misinformation. The AI-generated image description 'a man in a white tank top is looking at something' was only loosely related and vague, indicating low reliability. The vision tool detected unrelated visual concepts and classified the image as Real but with low confidence (around 0.51), which does not strongly support the headline. The text tool flagged both the headline and the AI caption as Fake with high confidence, and the headline had a negative sentiment score, indicating sensational or misleading tone. The consistency tool showed very low similarity scores between the headline, caption, and image, confirming poor alignment and suggesting the image does not support the headline claim. Overall, the forensic tools reinforced the initial suspicion that this news item is likely fake."",
  ""Nudge"": ""When encountering celebrity-related news, especially with vague or informal headlines, look for credible sources and check if the image content clearly supports the claim before accepting it as true.""
}"
/content/FakeNews/assets/content/fakeddit_images/157.jpg,this happy wee chap,0,a white plastic plate with holes in it,Real,Fake,Fake,Fake,"The headline 'this happy wee chap' is vague and informal, which often appears in misleading or clickbait content rather than serious news.",Fake,No,High,"Initially, the headline seemed suspicious due to its informal and vague nature, which is common in misleading content. The AI-generated image description 'a white plastic plate with holes in it' does not align well with the headline, indicating a lack of coherence. The vision tool detected unrelated visual concepts and classified the image as Real but with low confidence (around 0.51), suggesting ambiguity. The text tool flagged both the headline and the AI caption as Fake with moderate to high confidence, and the headline had a somewhat positive sentiment while the caption was neutral. The consistency tool showed very low similarity scores between the headline, caption, and image, confirming poor alignment and coherence. All evidence supports the initial impression that this news item is Fake.",Be cautious of vague or overly casual headlines that do not clearly relate to the accompanying image or description; always check for consistency and credible sources before trusting such content.,"{
  ""Initial_Impression"": ""Fake"",
  ""Initial_Reasoning"": ""The headline 'this happy wee chap' is vague and informal, which often appears in misleading or clickbait content rather than serious news."",
  ""Final_Decision"": ""Fake"",
  ""Did_Decision_Change"": ""No"",
  ""Decision_Confidence"": ""High"",
  ""Explanation"": ""Initially, the headline seemed suspicious due to its informal and vague nature, which is common in misleading content. The AI-generated image description 'a white plastic plate with holes in it' does not align well with the headline, indicating a lack of coherence. The vision tool detected unrelated visual concepts and classified the image as Real but with low confidence (around 0.51), suggesting ambiguity. The text tool flagged both the headline and the AI caption as Fake with moderate to high confidence, and the headline had a somewhat positive sentiment while the caption was neutral. The consistency tool showed very low similarity scores between the headline, caption, and image, confirming poor alignment and coherence. All evidence supports the initial impression that this news item is Fake."",
  ""Nudge"": ""Be cautious of vague or overly casual headlines that do not clearly relate to the accompanying image or description; always check for consistency and credible sources before trusting such content.""
}"
/content/FakeNews/assets/content/fakeddit_images/285.jpg,speed racer v,0,a man is riding a motorcycle with his hands up,Fake,Fake,Real,Fake,"The headline 'speed racer v' is vague and could be clickbait or misleading without context, suggesting a potential for fake or sensational content.",Fake,No,High,"My initial impression was that the headline 'speed racer v' seemed vague and potentially misleading, which often correlates with fake news. The AI-generated image description 'a man is riding a motorcycle with his hands up' is somewhat aligned but generic and does not strongly support the headline. The vision tool flagged the image as Fake with moderate confidence, detecting unrelated visual concepts that do not clearly support the headline or description. The text tool classified the headline as Fake with very high confidence, while the AI caption was considered Real but with lower confidence. Sentiment scores were neutral, indicating no sensationalism. The consistency tool showed low similarity scores between headline, caption, and image, indicating weak alignment and possible mismatch. Overall, the forensic tools strongly support the initial suspicion that this is fake content, so I maintain the decision as Fake with high confidence.","When encountering vague or cryptic headlines, look for clear, detailed supporting evidence in the image and description; if the connections are weak or inconsistent, be skeptical of the content's authenticity.","{
  ""Initial_Impression"": ""Fake"",
  ""Initial_Reasoning"": ""The headline 'speed racer v' is vague and could be clickbait or misleading without context, suggesting a potential for fake or sensational content."",
  ""Final_Decision"": ""Fake"",
  ""Did_Decision_Change"": ""No"",
  ""Decision_Confidence"": ""High"",
  ""Explanation"": ""My initial impression was that the headline 'speed racer v' seemed vague and potentially misleading, which often correlates with fake news. The AI-generated image description 'a man is riding a motorcycle with his hands up' is somewhat aligned but generic and does not strongly support the headline. The vision tool flagged the image as Fake with moderate confidence, detecting unrelated visual concepts that do not clearly support the headline or description. The text tool classified the headline as Fake with very high confidence, while the AI caption was considered Real but with lower confidence. Sentiment scores were neutral, indicating no sensationalism. The consistency tool showed low similarity scores between headline, caption, and image, indicating weak alignment and possible mismatch. Overall, the forensic tools strongly support the initial suspicion that this is fake content, so I maintain the decision as Fake with high confidence."",
  ""Nudge"": ""When encountering vague or cryptic headlines, look for clear, detailed supporting evidence in the image and description; if the connections are weak or inconsistent, be skeptical of the content's authenticity.""
}"
/content/FakeNews/assets/content/fakeddit_images/142.jpg,seen in a wood restorers bathroom,1,a picture of a man on a door knob,Real,Real,Fake,Fake,"The headline 'seen in a wood restorers bathroom' is vague and unusual, which raises suspicion about the authenticity or seriousness of the news item.",Fake,No,Medium,"Initially, the headline seemed suspicious due to its vague and odd phrasing, suggesting it might be fake or misleading. The AI-generated image description 'a picture of a man on a door knob' does not clearly align with the headline, indicating some inconsistency. The vision tool detected concepts like 'elevator door' and 'phone booth' and classified the image as Real but with low confidence (about 0.5), showing uncertainty. The text tool classified the headline as Real with high confidence but flagged the AI caption as Fake with very high confidence, indicating the caption might be hallucinated or misleading. Sentiment scores were neutral, so no sensationalism was detected. The consistency tool showed low to moderate similarity scores between headline, caption, and image (all below 0.4), indicating weak alignment and some semantic mismatch. Overall, the forensic tools confirmed the initial suspicion that the content is likely fake or at least misleading, mainly due to the poor alignment and the caption's fake classification. Therefore, the final decision remains Fake with medium confidence due to some ambiguity in the image classification.","When encountering vague or oddly phrased headlines, always check if the accompanying image and description align well semantically and visually; inconsistencies often signal misinformation or fake content.","{
  ""Initial_Impression"": ""Fake"",
  ""Initial_Reasoning"": ""The headline 'seen in a wood restorers bathroom' is vague and unusual, which raises suspicion about the authenticity or seriousness of the news item."",
  ""Final_Decision"": ""Fake"",
  ""Did_Decision_Change"": ""No"",
  ""Decision_Confidence"": ""Medium"",
  ""Explanation"": ""Initially, the headline seemed suspicious due to its vague and odd phrasing, suggesting it might be fake or misleading. The AI-generated image description 'a picture of a man on a door knob' does not clearly align with the headline, indicating some inconsistency. The vision tool detected concepts like 'elevator door' and 'phone booth' and classified the image as Real but with low confidence (about 0.5), showing uncertainty. The text tool classified the headline as Real with high confidence but flagged the AI caption as Fake with very high confidence, indicating the caption might be hallucinated or misleading. Sentiment scores were neutral, so no sensationalism was detected. The consistency tool showed low to moderate similarity scores between headline, caption, and image (all below 0.4), indicating weak alignment and some semantic mismatch. Overall, the forensic tools confirmed the initial suspicion that the content is likely fake or at least misleading, mainly due to the poor alignment and the caption's fake classification. Therefore, the final decision remains Fake with medium confidence due to some ambiguity in the image classification."",
  ""Nudge"": ""When encountering vague or oddly phrased headlines, always check if the accompanying image and description align well semantically and visually; inconsistencies often signal misinformation or fake content.""
}"
/content/FakeNews/assets/content/fakeddit_images/190.jpg,caveman bison painting,0,a concrete mixer is being used to mix concrete,Real,Real,Real,Fake,"The headline 'caveman bison painting' suggests an ancient or prehistoric artwork, but it sounds unusual and potentially misleading without context.",Fake,No,High,"Initially, the headline 'caveman bison painting' seemed suspicious because it implies a prehistoric painting, which is often a topic prone to sensationalism or misrepresentation. The AI-generated image description 'a concrete mixer is being used to mix concrete' is clearly not aligned with the headline, indicating a mismatch and unreliability of the description. The vision tool detected concepts related to construction (e.g., construction site, sandbox, excavation) and classified the image as Real but with low confidence, suggesting the image is of a modern construction scene rather than an ancient painting. The text tool classified both the headline and AI caption as Real, but the caption's realism is misleading because it does not correspond to the headline's claim. The consistency tool showed very low or negative similarity scores between the headline and caption (-0.014), and low similarity between the image and headline (0.203) and image and caption (0.271), confirming poor alignment. Overall, the evidence strongly indicates the content is misleading or fake news, as the image and description do not support the headline's claim about a caveman bison painting.","Always check if the image and its description actually match the headline's claim, especially when the headline sounds unusual or sensational. Mismatches often indicate misleading or fake content.","{
  ""Initial_Impression"": ""Fake"",
  ""Initial_Reasoning"": ""The headline 'caveman bison painting' suggests an ancient or prehistoric artwork, but it sounds unusual and potentially misleading without context."",
  ""Final_Decision"": ""Fake"",
  ""Did_Decision_Change"": ""No"",
  ""Decision_Confidence"": ""High"",
  ""Explanation"": ""Initially, the headline 'caveman bison painting' seemed suspicious because it implies a prehistoric painting, which is often a topic prone to sensationalism or misrepresentation. The AI-generated image description 'a concrete mixer is being used to mix concrete' is clearly not aligned with the headline, indicating a mismatch and unreliability of the description. The vision tool detected concepts related to construction (e.g., construction site, sandbox, excavation) and classified the image as Real but with low confidence, suggesting the image is of a modern construction scene rather than an ancient painting. The text tool classified both the headline and AI caption as Real, but the caption's realism is misleading because it does not correspond to the headline's claim. The consistency tool showed very low or negative similarity scores between the headline and caption (-0.014), and low similarity between the image and headline (0.203) and image and caption (0.271), confirming poor alignment. Overall, the evidence strongly indicates the content is misleading or fake news, as the image and description do not support the headline's claim about a caveman bison painting."",
  ""Nudge"": ""Always check if the image and its description actually match the headline's claim, especially when the headline sounds unusual or sensational. Mismatches often indicate misleading or fake content.""
}"
/content/FakeNews/assets/content/fakeddit_images/143.jpg,flying monkey wing or godzilla,0,a stuffed animal sitting on top of a shelf,Real,Fake,Real,Fake,"The headline 'flying monkey wing or godzilla' sounds sensational and ambiguous, which is typical of misleading or fake news trying to provoke curiosity or fear without clear factual basis.",Fake,No,High,"My initial impression was that the headline was likely fake due to its sensational and unclear nature. The AI-generated image description 'a stuffed animal sitting on top of a shelf' is somewhat aligned with the headline in that it does not depict anything as dramatic as 'Godzilla' or a 'flying monkey wing,' suggesting the description is reliable but the headline is exaggerated. The vision tool detected visual concepts related to monkeys and dogs but classified the image as Real with moderate confidence, indicating the image itself is genuine but not sensational. The text tool flagged the headline as Fake with high confidence, while the AI caption was considered Real, supporting the idea that the headline is misleading. The consistency tool showed low similarity scores between the headline, caption, and image, indicating poor alignment and reinforcing the suspicion that the headline is misleading or fake. Overall, the forensic tools confirmed my initial judgment that this news item is fake.",Be cautious of headlines that use vague or sensational language without clear evidence; always check if the accompanying image and description logically support the claim before trusting the news.,"{
  ""Initial_Impression"": ""Fake"",
  ""Initial_Reasoning"": ""The headline 'flying monkey wing or godzilla' sounds sensational and ambiguous, which is typical of misleading or fake news trying to provoke curiosity or fear without clear factual basis."",
  ""Final_Decision"": ""Fake"",
  ""Did_Decision_Change"": ""No"",
  ""Decision_Confidence"": ""High"",
  ""Explanation"": ""My initial impression was that the headline was likely fake due to its sensational and unclear nature. The AI-generated image description 'a stuffed animal sitting on top of a shelf' is somewhat aligned with the headline in that it does not depict anything as dramatic as 'Godzilla' or a 'flying monkey wing,' suggesting the description is reliable but the headline is exaggerated. The vision tool detected visual concepts related to monkeys and dogs but classified the image as Real with moderate confidence, indicating the image itself is genuine but not sensational. The text tool flagged the headline as Fake with high confidence, while the AI caption was considered Real, supporting the idea that the headline is misleading. The consistency tool showed low similarity scores between the headline, caption, and image, indicating poor alignment and reinforcing the suspicion that the headline is misleading or fake. Overall, the forensic tools confirmed my initial judgment that this news item is fake."",
  ""Nudge"": ""Be cautious of headlines that use vague or sensational language without clear evidence; always check if the accompanying image and description logically support the claim before trusting the news.""
}"
/content/FakeNews/assets/content/fakeddit_images/182.jpg,dropped my chocolate ice cream on the floor,0,an aerial view of a field with a hole in it,Real,Fake,Fake,Fake,The headline 'dropped my chocolate ice cream on the floor' sounds trivial and unlikely to be a genuine news headline; it seems more like a personal complaint or joke rather than real news.,Fake,No,High,"My initial intuition was that the headline is not a real news item but rather a trivial or humorous statement, which aligns with the idea of fake or non-news content. The AI-generated image description 'an aerial view of a field with a hole in it' does not align well with the headline about dropping chocolate ice cream, indicating a mismatch and unreliability of the description. The vision tool detected concepts related to a field and classified the image as Real with moderate confidence, but this is irrelevant to the headline's claim. The text tool strongly flagged both the headline and the AI caption as Fake with high confidence, reinforcing the suspicion that the headline is not genuine news. The consistency tool showed very low similarity scores between the headline, caption, and image, confirming poor alignment and further supporting the conclusion that this is not a real news item. Overall, the forensic tools confirmed my initial judgment that this is Fake content.","When encountering unusual or trivial headlines, consider whether the content fits typical news criteria and check if the accompanying images and descriptions logically align with the headline to avoid being misled by irrelevant or mismatched content.","{
  ""Initial_Impression"": ""Fake"",
  ""Initial_Reasoning"": ""The headline 'dropped my chocolate ice cream on the floor' sounds trivial and unlikely to be a genuine news headline; it seems more like a personal complaint or joke rather than real news."",
  ""Final_Decision"": ""Fake"",
  ""Did_Decision_Change"": ""No"",
  ""Decision_Confidence"": ""High"",
  ""Explanation"": ""My initial intuition was that the headline is not a real news item but rather a trivial or humorous statement, which aligns with the idea of fake or non-news content. The AI-generated image description 'an aerial view of a field with a hole in it' does not align well with the headline about dropping chocolate ice cream, indicating a mismatch and unreliability of the description. The vision tool detected concepts related to a field and classified the image as Real with moderate confidence, but this is irrelevant to the headline's claim. The text tool strongly flagged both the headline and the AI caption as Fake with high confidence, reinforcing the suspicion that the headline is not genuine news. The consistency tool showed very low similarity scores between the headline, caption, and image, confirming poor alignment and further supporting the conclusion that this is not a real news item. Overall, the forensic tools confirmed my initial judgment that this is Fake content."",
  ""Nudge"": ""When encountering unusual or trivial headlines, consider whether the content fits typical news criteria and check if the accompanying images and descriptions logically align with the headline to avoid being misled by irrelevant or mismatched content.""
}"
/content/FakeNews/assets/content/fakeddit_images/264.jpg,a man in need inspires wlex reporter to donate kidney to stranger,1,a woman standing in front of a news desk,Real,Real,Fake,Real,"The headline describes a positive and plausible human interest story about a reporter inspired to donate a kidney, which seems credible and not sensational or exaggerated.",Fake,Yes,Medium,"Initially, the headline suggested a real and heartwarming story, so I leaned towards it being real. The AI-generated image description, however, described a woman standing in front of a news desk, which does not align well with the headline about a man and a kidney donation. The vision tool detected concepts related to a television studio and labeled the image as Real but with low confidence (about 0.5), indicating uncertainty. The text tool strongly classified the headline as Real with high confidence, but it flagged the AI caption as Fake with moderate confidence. Sentiment analysis showed the headline had a positive tone, while the caption was neutral. The consistency tool revealed low similarity scores between the headline and caption (0.17), image and headline (0.25), and image and caption (0.32), indicating poor alignment among the three elements. This misalignment suggests the image and caption do not support the headline's claim, raising suspicion about the authenticity of the news item. Given the mismatch and the AI caption flagged as fake, I changed my decision to Fake with medium confidence, as the evidence is mixed but leans toward the content being misleading or fabricated.","When evaluating news stories, especially human interest ones, always check if the accompanying images and descriptions truly match the headline's claims; inconsistencies often signal misinformation.","{
  ""Initial_Impression"": ""Real"",
  ""Initial_Reasoning"": ""The headline describes a positive and plausible human interest story about a reporter inspired to donate a kidney, which seems credible and not sensational or exaggerated."",
  ""Final_Decision"": ""Fake"",
  ""Did_Decision_Change"": ""Yes"",
  ""Decision_Confidence"": ""Medium"",
  ""Explanation"": ""Initially, the headline suggested a real and heartwarming story, so I leaned towards it being real. The AI-generated image description, however, described a woman standing in front of a news desk, which does not align well with the headline about a man and a kidney donation. The vision tool detected concepts related to a television studio and labeled the image as Real but with low confidence (about 0.5), indicating uncertainty. The text tool strongly classified the headline as Real with high confidence, but it flagged the AI caption as Fake with moderate confidence. Sentiment analysis showed the headline had a positive tone, while the caption was neutral. The consistency tool revealed low similarity scores between the headline and caption (0.17), image and headline (0.25), and image and caption (0.32), indicating poor alignment among the three elements. This misalignment suggests the image and caption do not support the headline's claim, raising suspicion about the authenticity of the news item. Given the mismatch and the AI caption flagged as fake, I changed my decision to Fake with medium confidence, as the evidence is mixed but leans toward the content being misleading or fabricated."",
  ""Nudge"": ""When evaluating news stories, especially human interest ones, always check if the accompanying images and descriptions truly match the headline's claims; inconsistencies often signal misinformation.""
}"
/content/FakeNews/assets/content/fakeddit_images/70.jpg,new aircraft in early stages of design,0,a courtyard with a fountain in the middle of it,Real,Fake,Real,Fake,"The headline 'new aircraft in early stages of design' suggests a technical or industrial topic, but without any supporting context or image, it seems vague and potentially misleading.",Fake,No,High,"My initial impression was that the headline seemed suspicious because it was vague and lacked context. The AI-generated image description 'a courtyard with a fountain in the middle of it' is completely unrelated to the headline about aircraft design, indicating a mismatch. The vision tool detected concepts related to a courtyard or garden and classified the image as Real but irrelevant to the headline. The text tool flagged the headline as Fake with high confidence, while the AI caption was flagged as Real, showing a clear disconnect. The consistency tool showed very low to negative similarity scores between the headline and the AI caption (-0.007) and low similarity between the image and the headline (0.20) and image and caption (0.31), confirming the lack of alignment. Overall, the tools strongly support that this news item is misleading or fake, as the image and description do not support the headline's claim.","Always check if the image and description logically support the headline, especially for technical claims; mismatches often indicate misinformation or irrelevant content.","{
  ""Initial_Impression"": ""Fake"",
  ""Initial_Reasoning"": ""The headline 'new aircraft in early stages of design' suggests a technical or industrial topic, but without any supporting context or image, it seems vague and potentially misleading."",
  ""Final_Decision"": ""Fake"",
  ""Did_Decision_Change"": ""No"",
  ""Decision_Confidence"": ""High"",
  ""Explanation"": ""My initial impression was that the headline seemed suspicious because it was vague and lacked context. The AI-generated image description 'a courtyard with a fountain in the middle of it' is completely unrelated to the headline about aircraft design, indicating a mismatch. The vision tool detected concepts related to a courtyard or garden and classified the image as Real but irrelevant to the headline. The text tool flagged the headline as Fake with high confidence, while the AI caption was flagged as Real, showing a clear disconnect. The consistency tool showed very low to negative similarity scores between the headline and the AI caption (-0.007) and low similarity between the image and the headline (0.20) and image and caption (0.31), confirming the lack of alignment. Overall, the tools strongly support that this news item is misleading or fake, as the image and description do not support the headline's claim."",
  ""Nudge"": ""Always check if the image and description logically support the headline, especially for technical claims; mismatches often indicate misinformation or irrelevant content.""
}"
/content/FakeNews/assets/content/fakeddit_images/55.jpg,the way the grass has grown over the mat,1,a wooden fence with a broken piece of wood on the ground,Real,Real,Fake,Fake,"The headline 'the way the grass has grown over the mat' is vague and somewhat nonsensical as a news headline, which raises suspicion about its authenticity.",Fake,No,Medium,"Initially, the headline seemed suspicious due to its vague and unclear nature, which is often a hallmark of misleading or fake content. The AI-generated image description 'a wooden fence with a broken piece of wood on the ground' does not align well with the headline about grass growing over a mat, indicating a lack of coherence. The vision tool detected concepts related to a fence and nature but gave only a borderline confidence for the image being real. The text tool strongly classified the headline as real but flagged the AI caption as fake with moderate confidence and a negative sentiment score, suggesting the caption might be misleading or irrelevant. The consistency tool showed low similarity scores between the headline, caption, and image, confirming poor alignment among the elements. These factors together support the conclusion that the news item is likely fake or at least misleading, as the components do not form a coherent or credible narrative.","When evaluating news, pay close attention to whether the headline, image, and description logically align; inconsistencies among these elements often indicate misinformation or fake content.","{
  ""Initial_Impression"": ""Fake"",
  ""Initial_Reasoning"": ""The headline 'the way the grass has grown over the mat' is vague and somewhat nonsensical as a news headline, which raises suspicion about its authenticity."",
  ""Final_Decision"": ""Fake"",
  ""Did_Decision_Change"": ""No"",
  ""Decision_Confidence"": ""Medium"",
  ""Explanation"": ""Initially, the headline seemed suspicious due to its vague and unclear nature, which is often a hallmark of misleading or fake content. The AI-generated image description 'a wooden fence with a broken piece of wood on the ground' does not align well with the headline about grass growing over a mat, indicating a lack of coherence. The vision tool detected concepts related to a fence and nature but gave only a borderline confidence for the image being real. The text tool strongly classified the headline as real but flagged the AI caption as fake with moderate confidence and a negative sentiment score, suggesting the caption might be misleading or irrelevant. The consistency tool showed low similarity scores between the headline, caption, and image, confirming poor alignment among the elements. These factors together support the conclusion that the news item is likely fake or at least misleading, as the components do not form a coherent or credible narrative."",
  ""Nudge"": ""When evaluating news, pay close attention to whether the headline, image, and description logically align; inconsistencies among these elements often indicate misinformation or fake content.""
}"
/content/FakeNews/assets/content/fakeddit_images/162.jpg,toad wearing a pimp hat,1,a toad wearing a pink hat and feather,Real,Fake,Fake,Fake,"The headline 'toad wearing a pimp hat' sounds unusual and somewhat sensational, which raises suspicion about its authenticity.",Fake,No,Medium,"My initial impression was that the headline seemed fake due to its sensational and unusual nature. The AI-generated image description 'a toad wearing a pink hat and feather' is somewhat aligned with the headline but not exactly the same, indicating some discrepancy. The vision tool detected visual concepts related to reptiles and amphibians but did not strongly confirm the presence of a toad wearing a hat; however, it classified the image as Real with moderate confidence. The text tool flagged both the headline and the AI caption as Fake with moderate confidence, suggesting the text content is suspicious. The consistency tool showed a high semantic similarity between the headline and the AI caption (0.75), but low cross-modal similarity between the image and both texts (~0.33-0.34), indicating the image does not strongly support the textual claims. Overall, the forensic evidence supports the initial suspicion that this news item is likely fake or at least misleading, as the image does not convincingly depict the described scenario. Therefore, I maintain the decision as Fake with medium confidence due to mixed signals from the image classifier.","When encountering unusual or sensational headlines, critically assess whether the accompanying image truly supports the claim by looking for clear, direct visual evidence rather than relying solely on text descriptions.","{
  ""Initial_Impression"": ""Fake"",
  ""Initial_Reasoning"": ""The headline 'toad wearing a pimp hat' sounds unusual and somewhat sensational, which raises suspicion about its authenticity."",
  ""Final_Decision"": ""Fake"",
  ""Did_Decision_Change"": ""No"",
  ""Decision_Confidence"": ""Medium"",
  ""Explanation"": ""My initial impression was that the headline seemed fake due to its sensational and unusual nature. The AI-generated image description 'a toad wearing a pink hat and feather' is somewhat aligned with the headline but not exactly the same, indicating some discrepancy. The vision tool detected visual concepts related to reptiles and amphibians but did not strongly confirm the presence of a toad wearing a hat; however, it classified the image as Real with moderate confidence. The text tool flagged both the headline and the AI caption as Fake with moderate confidence, suggesting the text content is suspicious. The consistency tool showed a high semantic similarity between the headline and the AI caption (0.75), but low cross-modal similarity between the image and both texts (~0.33-0.34), indicating the image does not strongly support the textual claims. Overall, the forensic evidence supports the initial suspicion that this news item is likely fake or at least misleading, as the image does not convincingly depict the described scenario. Therefore, I maintain the decision as Fake with medium confidence due to mixed signals from the image classifier."",
  ""Nudge"": ""When encountering unusual or sensational headlines, critically assess whether the accompanying image truly supports the claim by looking for clear, direct visual evidence rather than relying solely on text descriptions.""
}"
/content/FakeNews/assets/content/fakeddit_images/193.jpg,we shall soon have storm troopers in america american wwii poster,0,hitler's stormtroopers in america,Fake,Fake,Real,Fake,"The headline 'we shall soon have storm troopers in america american wwii poster' sounds suspicious and potentially misleading, as it suggests a controversial or provocative claim about stormtroopers in America, which is historically and contextually dubious.",Fake,No,High,"My initial impression based on the headline was that the news item is likely fake due to the provocative and historically questionable claim. The AI image description 'hitler's stormtroopers in america' aligns somewhat with the headline but is more specific and potentially misleading. The vision tool flagged the image as Fake with moderate confidence, and the detected visual concepts did not strongly support the headline's claim. The text tool classified the headline as Fake with very high confidence, while the AI caption was considered Real but with less confidence. Sentiment analysis showed neutral tones, indicating no sensationalism bias. Consistency scores showed moderate alignment between the headline and AI caption (0.64), but low alignment between the image and both texts (around 0.25-0.28), suggesting the image content does not strongly support the textual claims. Overall, the forensic tools confirmed my initial suspicion that this is a fake news item, and I maintain a high confidence in this decision.","When encountering historical claims or provocative headlines, always check for credible sources and verify if the image content truly matches the textual claims to avoid being misled by manipulated or out-of-context visuals.","{
  ""Initial_Impression"": ""Fake"",
  ""Initial_Reasoning"": ""The headline 'we shall soon have storm troopers in america american wwii poster' sounds suspicious and potentially misleading, as it suggests a controversial or provocative claim about stormtroopers in America, which is historically and contextually dubious."",
  ""Final_Decision"": ""Fake"",
  ""Did_Decision_Change"": ""No"",
  ""Decision_Confidence"": ""High"",
  ""Explanation"": ""My initial impression based on the headline was that the news item is likely fake due to the provocative and historically questionable claim. The AI image description 'hitler's stormtroopers in america' aligns somewhat with the headline but is more specific and potentially misleading. The vision tool flagged the image as Fake with moderate confidence, and the detected visual concepts did not strongly support the headline's claim. The text tool classified the headline as Fake with very high confidence, while the AI caption was considered Real but with less confidence. Sentiment analysis showed neutral tones, indicating no sensationalism bias. Consistency scores showed moderate alignment between the headline and AI caption (0.64), but low alignment between the image and both texts (around 0.25-0.28), suggesting the image content does not strongly support the textual claims. Overall, the forensic tools confirmed my initial suspicion that this is a fake news item, and I maintain a high confidence in this decision."",
  ""Nudge"": ""When encountering historical claims or provocative headlines, always check for credible sources and verify if the image content truly matches the textual claims to avoid being misled by manipulated or out-of-context visuals.""
}"
/content/FakeNews/assets/content/fakeddit_images/52.jpg,super photogenic baseball player,1,two baseball players sliding into base during a game,Real,Real,Real,Real,"The headline 'super photogenic baseball player' seems plausible and benign, describing a positive attribute of a baseball player without sensational or extraordinary claims.",Real,No,High,"My initial impression based on the headline was that the content is likely real because it is a simple, positive statement about a baseball player being photogenic, which is not sensational or suspicious. The AI-generated image description 'two baseball players sliding into base during a game' aligns reasonably well with the headline's context of baseball, indicating the description is reliable. The vision tool detected relevant baseball-related visual concepts and classified the image as Real with moderate confidence. The text tool classified both the headline and the AI caption as Real with very high confidence, and the headline's sentiment was positive but not extreme. The consistency tool showed moderate but positive alignment between the headline, caption, and image, with all similarity scores above 0.19, indicating no contradictions. Overall, the forensic evidence supports the initial judgment that this is benign content and not malicious fake news.","When evaluating news about sports or similar straightforward topics, focus on whether the claims are extraordinary or sensational. Simple positive descriptions are less likely to be fake, but always check if the image and text align well to avoid being misled by unrelated or manipulated visuals.","{
  ""Initial_Impression"": ""Real"",
  ""Initial_Reasoning"": ""The headline 'super photogenic baseball player' seems plausible and benign, describing a positive attribute of a baseball player without sensational or extraordinary claims."",
  ""Final_Decision"": ""Real"",
  ""Did_Decision_Change"": ""No"",
  ""Decision_Confidence"": ""High"",
  ""Explanation"": ""My initial impression based on the headline was that the content is likely real because it is a simple, positive statement about a baseball player being photogenic, which is not sensational or suspicious. The AI-generated image description 'two baseball players sliding into base during a game' aligns reasonably well with the headline's context of baseball, indicating the description is reliable. The vision tool detected relevant baseball-related visual concepts and classified the image as Real with moderate confidence. The text tool classified both the headline and the AI caption as Real with very high confidence, and the headline's sentiment was positive but not extreme. The consistency tool showed moderate but positive alignment between the headline, caption, and image, with all similarity scores above 0.19, indicating no contradictions. Overall, the forensic evidence supports the initial judgment that this is benign content and not malicious fake news."",
  ""Nudge"": ""When evaluating news about sports or similar straightforward topics, focus on whether the claims are extraordinary or sensational. Simple positive descriptions are less likely to be fake, but always check if the image and text align well to avoid being misled by unrelated or manipulated visuals.""
}"
/content/FakeNews/assets/content/fakeddit_images/6.jpg,fbi wants more access to facebook data to monitor threats,1,fbi agents are using a new technology to track down criminals,Real,Real,Real,Real,The headline about the FBI wanting more access to Facebook data to monitor threats sounds plausible and consistent with ongoing concerns about law enforcement and social media data access.,Real,No,High,"My initial impression was that the headline is likely real because it aligns with known issues around law enforcement seeking data access for security purposes. The AI-generated image description about FBI agents using new technology to track criminals is aligned with the headline, indicating the description is reliable. The vision tool detected plausible visual concepts and classified the image as Real with moderate confidence. The text tool strongly classified both the headline and the AI caption as Real, with no sensational or extreme sentiment detected. The consistency tool showed moderate alignment between the headline and caption (0.46) and weaker but positive alignment between the image and texts, which is expected given the general nature of the image. Overall, the forensic tools confirmed my initial judgment, so I maintain the classification as Real with high confidence.","When evaluating news about law enforcement and technology, consider whether the claims align with known public debates and official statements, and watch out for overly sensational language or vague descriptions that lack concrete details.","{
  ""Initial_Impression"": ""Real"",
  ""Initial_Reasoning"": ""The headline about the FBI wanting more access to Facebook data to monitor threats sounds plausible and consistent with ongoing concerns about law enforcement and social media data access."",
  ""Final_Decision"": ""Real"",
  ""Did_Decision_Change"": ""No"",
  ""Decision_Confidence"": ""High"",
  ""Explanation"": ""My initial impression was that the headline is likely real because it aligns with known issues around law enforcement seeking data access for security purposes. The AI-generated image description about FBI agents using new technology to track criminals is aligned with the headline, indicating the description is reliable. The vision tool detected plausible visual concepts and classified the image as Real with moderate confidence. The text tool strongly classified both the headline and the AI caption as Real, with no sensational or extreme sentiment detected. The consistency tool showed moderate alignment between the headline and caption (0.46) and weaker but positive alignment between the image and texts, which is expected given the general nature of the image. Overall, the forensic tools confirmed my initial judgment, so I maintain the classification as Real with high confidence."",
  ""Nudge"": ""When evaluating news about law enforcement and technology, consider whether the claims align with known public debates and official statements, and watch out for overly sensational language or vague descriptions that lack concrete details.""
}"
/content/FakeNews/assets/content/fakeddit_images/248.jpg,evil laughter,0,a broken window with a smiley face on it,Real,Fake,Real,Fake,"The headline 'evil laughter' is vague and sensational, which often signals misleading or fake news content.",Fake,No,High,"My initial impression based on the headline alone was that this news item is likely fake due to the vague and sensational nature of the phrase 'evil laughter,' which does not provide concrete or credible information. The AI-generated image description 'a broken window with a smiley face on it' was somewhat aligned but not strongly related to the headline, indicating some disconnect. The vision tool detected concepts related to windows and masks and classified the image as Real but with low confidence (about 0.51), suggesting the image itself is not obviously manipulated. The text tool flagged the headline as Fake with very high confidence (0.98), while the AI caption was considered Real with moderate confidence (0.78). Sentiment analysis showed a negative tone for the headline, consistent with sensationalism. The consistency tool showed low similarity scores between headline, caption, and image (all around 0.23 to 0.33), indicating weak alignment and coherence among the elements. Overall, the forensic tools confirmed the initial suspicion that the headline is misleading or fake news, despite the image being real. Therefore, the final decision remains Fake with high confidence.","When encountering vague or sensational headlines, look for concrete details and check if the accompanying images and descriptions align well with the claim before accepting the news as true.","{
  ""Initial_Impression"": ""Fake"",
  ""Initial_Reasoning"": ""The headline 'evil laughter' is vague and sensational, which often signals misleading or fake news content."",
  ""Final_Decision"": ""Fake"",
  ""Did_Decision_Change"": ""No"",
  ""Decision_Confidence"": ""High"",
  ""Explanation"": ""My initial impression based on the headline alone was that this news item is likely fake due to the vague and sensational nature of the phrase 'evil laughter,' which does not provide concrete or credible information. The AI-generated image description 'a broken window with a smiley face on it' was somewhat aligned but not strongly related to the headline, indicating some disconnect. The vision tool detected concepts related to windows and masks and classified the image as Real but with low confidence (about 0.51), suggesting the image itself is not obviously manipulated. The text tool flagged the headline as Fake with very high confidence (0.98), while the AI caption was considered Real with moderate confidence (0.78). Sentiment analysis showed a negative tone for the headline, consistent with sensationalism. The consistency tool showed low similarity scores between headline, caption, and image (all around 0.23 to 0.33), indicating weak alignment and coherence among the elements. Overall, the forensic tools confirmed the initial suspicion that the headline is misleading or fake news, despite the image being real. Therefore, the final decision remains Fake with high confidence."",
  ""Nudge"": ""When encountering vague or sensational headlines, look for concrete details and check if the accompanying images and descriptions align well with the claim before accepting the news as true.""
}"
/content/FakeNews/assets/content/fakeddit_images/48.jpg,pegasus prize boosts center to help homeless youths in dallas,1,homeless count in the city of chicago,Real,Real,Real,Real,"The headline about a prize boosting a center to help homeless youths in Dallas sounds plausible and positive, with no sensational or exaggerated claims.",Real,No,Medium,"My initial impression was that the headline was real because it described a plausible charitable event without sensationalism. The AI image description, however, referred to homeless counts in Chicago, which is a different city than Dallas, so it was not fully aligned with the headline and should be treated cautiously. The vision tool detected relevant visual concepts like houses and slums and classified the image as Real with moderate confidence. The text tool classified both the headline and AI caption as Real with very high confidence, though the caption had neutral sentiment while the headline was positive. The consistency tool showed moderate semantic similarity between the headline and caption (0.495), but low cross-modal similarity between the image and headline (0.269) and image and caption (0.328), indicating some mismatch between image content and text. Despite this, the overall evidence supports the headline being Real, though the image and caption are not perfectly aligned with it. Therefore, I maintain the Real classification with medium confidence due to some inconsistency in the image-caption-headline alignment.","When evaluating news about charitable or social causes, check if the location and details in the image and captions match the headline to avoid being misled by unrelated or mismatched visuals.","{
  ""Initial_Impression"": ""Real"",
  ""Initial_Reasoning"": ""The headline about a prize boosting a center to help homeless youths in Dallas sounds plausible and positive, with no sensational or exaggerated claims."",
  ""Final_Decision"": ""Real"",
  ""Did_Decision_Change"": ""No"",
  ""Decision_Confidence"": ""Medium"",
  ""Explanation"": ""My initial impression was that the headline was real because it described a plausible charitable event without sensationalism. The AI image description, however, referred to homeless counts in Chicago, which is a different city than Dallas, so it was not fully aligned with the headline and should be treated cautiously. The vision tool detected relevant visual concepts like houses and slums and classified the image as Real with moderate confidence. The text tool classified both the headline and AI caption as Real with very high confidence, though the caption had neutral sentiment while the headline was positive. The consistency tool showed moderate semantic similarity between the headline and caption (0.495), but low cross-modal similarity between the image and headline (0.269) and image and caption (0.328), indicating some mismatch between image content and text. Despite this, the overall evidence supports the headline being Real, though the image and caption are not perfectly aligned with it. Therefore, I maintain the Real classification with medium confidence due to some inconsistency in the image-caption-headline alignment."",
  ""Nudge"": ""When evaluating news about charitable or social causes, check if the location and details in the image and captions match the headline to avoid being misled by unrelated or mismatched visuals.""
}"
/content/FakeNews/assets/content/fakeddit_images/211.jpg,how this person signs their mail,1,briton burrito she her,Real,Real,Real,Real,"The headline 'how this person signs their mail' is neutral and plausible, suggesting a simple or personal story rather than sensational or false content.",Real,No,High,"Initially, the headline seemed straightforward and believable, indicating a benign topic about a person's mail signature. The AI image description 'briton burrito she her' was somewhat vague and not clearly aligned with the headline, but not necessarily contradictory. The vision tool detected concepts related to food items and a mailbag, and classified the image as Real with moderate confidence. The text tool classified both the headline and AI caption as Real with good confidence and neutral sentiment, indicating no sensationalism or fake news signals. The consistency tool showed low but positive similarity scores between headline, caption, and image, suggesting some alignment without strong contradiction. Overall, the forensic tools confirmed the initial impression that this is Real content, and the vague caption does not undermine the credibility. Therefore, the final decision remains Real with high confidence.","When evaluating news, pay close attention to whether the headline and image content logically align and avoid jumping to conclusions based on vague or unrelated captions alone.","{
  ""Initial_Impression"": ""Real"",
  ""Initial_Reasoning"": ""The headline 'how this person signs their mail' is neutral and plausible, suggesting a simple or personal story rather than sensational or false content."",
  ""Final_Decision"": ""Real"",
  ""Did_Decision_Change"": ""No"",
  ""Decision_Confidence"": ""High"",
  ""Explanation"": ""Initially, the headline seemed straightforward and believable, indicating a benign topic about a person's mail signature. The AI image description 'briton burrito she her' was somewhat vague and not clearly aligned with the headline, but not necessarily contradictory. The vision tool detected concepts related to food items and a mailbag, and classified the image as Real with moderate confidence. The text tool classified both the headline and AI caption as Real with good confidence and neutral sentiment, indicating no sensationalism or fake news signals. The consistency tool showed low but positive similarity scores between headline, caption, and image, suggesting some alignment without strong contradiction. Overall, the forensic tools confirmed the initial impression that this is Real content, and the vague caption does not undermine the credibility. Therefore, the final decision remains Real with high confidence."",
  ""Nudge"": ""When evaluating news, pay close attention to whether the headline and image content logically align and avoid jumping to conclusions based on vague or unrelated captions alone.""
}"
/content/FakeNews/assets/content/fakeddit_images/265.jpg,auron and eponine displaying their unique approaches to getting heaps of cat snuggles while visiting family over christmas,0,a cat sitting on a bed with a pillow,Real,Real,Fake,Real,"The headline describes a wholesome, plausible scenario of two cats getting snuggles during a family Christmas visit, which sounds like benign, everyday content rather than malicious fake news.",Real,No,Medium,"My initial impression was that the headline described a benign and realistic scenario involving cats and family during Christmas. The AI-generated image description was somewhat aligned but very minimalistic, describing only 'a cat sitting on a bed with a pillow,' which is consistent but less detailed than the headline. The vision tool detected relevant visual concepts such as 'Madagascar cat,' 'pillow,' and 'Persian cat,' and classified the image as Real with moderate confidence. The text tool classified the headline as Real with high confidence, but flagged the AI caption as Fake with very high confidence, likely due to its generic and minimal nature rather than malicious intent. Sentiment scores were neutral, indicating no sensationalism. The consistency tool showed low to moderate alignment scores (~0.26-0.31), indicating some semantic and visual alignment but not strong, which is expected given the headline's complexity versus the simple caption. Overall, the evidence supports the content being Real and benign, with no signs of malicious fake news. The decision confidence is Medium due to the AI caption's low quality and moderate alignment scores, but no strong contradictory evidence was found.","When evaluating similar content, pay attention to whether the headline and image description align well and if the image content matches the story's claims. Minimal or vague captions can sometimes reduce confidence, so seek additional context or sources to confirm the story's authenticity.","{
  ""Initial_Impression"": ""Real"",
  ""Initial_Reasoning"": ""The headline describes a wholesome, plausible scenario of two cats getting snuggles during a family Christmas visit, which sounds like benign, everyday content rather than malicious fake news."",
  ""Final_Decision"": ""Real"",
  ""Did_Decision_Change"": ""No"",
  ""Decision_Confidence"": ""Medium"",
  ""Explanation"": ""My initial impression was that the headline described a benign and realistic scenario involving cats and family during Christmas. The AI-generated image description was somewhat aligned but very minimalistic, describing only 'a cat sitting on a bed with a pillow,' which is consistent but less detailed than the headline. The vision tool detected relevant visual concepts such as 'Madagascar cat,' 'pillow,' and 'Persian cat,' and classified the image as Real with moderate confidence. The text tool classified the headline as Real with high confidence, but flagged the AI caption as Fake with very high confidence, likely due to its generic and minimal nature rather than malicious intent. Sentiment scores were neutral, indicating no sensationalism. The consistency tool showed low to moderate alignment scores (~0.26-0.31), indicating some semantic and visual alignment but not strong, which is expected given the headline's complexity versus the simple caption. Overall, the evidence supports the content being Real and benign, with no signs of malicious fake news. The decision confidence is Medium due to the AI caption's low quality and moderate alignment scores, but no strong contradictory evidence was found."",
  ""Nudge"": ""When evaluating similar content, pay attention to whether the headline and image description align well and if the image content matches the story's claims. Minimal or vague captions can sometimes reduce confidence, so seek additional context or sources to confirm the story's authenticity.""
}"
/content/FakeNews/assets/content/fakeddit_images/158.jpg,my friend can do this with every other finger too,1,a person is holding up their hand to show off their fingers,Fake,Real,Fake,Fake,"The headline 'my friend can do this with every other finger too' is vague and informal, which often appears in misleading or clickbait content. It suggests a sensational or unusual claim without clear context, raising suspicion about its authenticity.",Fake,No,Medium,"Initially, the headline seemed suspicious due to its vague and informal nature, which often correlates with misleading content. The AI-generated image description 'a person is holding up their hand to show off their fingers' aligns moderately with the headline, indicating the description is somewhat reliable. The vision tool flagged the image as Fake with moderate confidence, detecting unrelated visual concepts that do not strongly support the headline's claim. The text tool classified the headline as Real with high confidence but flagged the AI caption as Fake with very high confidence, suggesting the description might be misleading or fabricated. Sentiment analysis showed a moderately sensational tone in both texts. Consistency scores between headline, caption, and image were moderate to low, indicating weak alignment and some discrepancy between the elements. Overall, the forensic tools support the initial suspicion that this news item is likely Fake, though the evidence is not overwhelmingly strong, hence a medium confidence level.","When encountering vague or sensational headlines, look for clear, detailed context and verify if the accompanying images and descriptions genuinely support the claim before accepting it as true.","{
  ""Initial_Impression"": ""Fake"",
  ""Initial_Reasoning"": ""The headline 'my friend can do this with every other finger too' is vague and informal, which often appears in misleading or clickbait content. It suggests a sensational or unusual claim without clear context, raising suspicion about its authenticity."",
  ""Final_Decision"": ""Fake"",
  ""Did_Decision_Change"": ""No"",
  ""Decision_Confidence"": ""Medium"",
  ""Explanation"": ""Initially, the headline seemed suspicious due to its vague and informal nature, which often correlates with misleading content. The AI-generated image description 'a person is holding up their hand to show off their fingers' aligns moderately with the headline, indicating the description is somewhat reliable. The vision tool flagged the image as Fake with moderate confidence, detecting unrelated visual concepts that do not strongly support the headline's claim. The text tool classified the headline as Real with high confidence but flagged the AI caption as Fake with very high confidence, suggesting the description might be misleading or fabricated. Sentiment analysis showed a moderately sensational tone in both texts. Consistency scores between headline, caption, and image were moderate to low, indicating weak alignment and some discrepancy between the elements. Overall, the forensic tools support the initial suspicion that this news item is likely Fake, though the evidence is not overwhelmingly strong, hence a medium confidence level."",
  ""Nudge"": ""When encountering vague or sensational headlines, look for clear, detailed context and verify if the accompanying images and descriptions genuinely support the claim before accepting it as true.""
}"
/content/FakeNews/assets/content/fakeddit_images/197.jpg,pigeons feeding,1,pigeons are standing on the ground near a tree,Real,Real,Fake,Real,"The headline 'pigeons feeding' is straightforward and plausible, describing a common and benign scene without sensational or extraordinary claims.",Real,No,Medium,"My initial impression was that the headline is real because it describes a simple, everyday event that is not sensational or suspicious. The AI-generated image description 'pigeons are standing on the ground near a tree' aligns reasonably well with the headline, indicating the description is reliable as a complement. The vision tool detected bird-related concepts and classified the image as Real with moderate confidence. The text tool classified the headline as Real with high confidence, but flagged the AI caption as Fake with high confidence, possibly due to its generic phrasing rather than falsehood. Sentiment scores were neutral, indicating no sensationalism. Consistency scores showed moderate alignment between headline and caption (0.57) but lower alignment between image and text or caption (~0.33), suggesting the image content is somewhat related but not a perfect match. Overall, the evidence supports the headline's authenticity and the benign nature of the content, so I maintain the Real classification with medium confidence due to some minor inconsistencies in alignment and the caption's text tool flag.","When evaluating simple headlines about everyday scenes, check if the image and description genuinely match the claim and watch out for overly generic or vague captions that might reduce trustworthiness.","{
  ""Initial_Impression"": ""Real"",
  ""Initial_Reasoning"": ""The headline 'pigeons feeding' is straightforward and plausible, describing a common and benign scene without sensational or extraordinary claims."",
  ""Final_Decision"": ""Real"",
  ""Did_Decision_Change"": ""No"",
  ""Decision_Confidence"": ""Medium"",
  ""Explanation"": ""My initial impression was that the headline is real because it describes a simple, everyday event that is not sensational or suspicious. The AI-generated image description 'pigeons are standing on the ground near a tree' aligns reasonably well with the headline, indicating the description is reliable as a complement. The vision tool detected bird-related concepts and classified the image as Real with moderate confidence. The text tool classified the headline as Real with high confidence, but flagged the AI caption as Fake with high confidence, possibly due to its generic phrasing rather than falsehood. Sentiment scores were neutral, indicating no sensationalism. Consistency scores showed moderate alignment between headline and caption (0.57) but lower alignment between image and text or caption (~0.33), suggesting the image content is somewhat related but not a perfect match. Overall, the evidence supports the headline's authenticity and the benign nature of the content, so I maintain the Real classification with medium confidence due to some minor inconsistencies in alignment and the caption's text tool flag."",
  ""Nudge"": ""When evaluating simple headlines about everyday scenes, check if the image and description genuinely match the claim and watch out for overly generic or vague captions that might reduce trustworthiness.""
}"
/content/FakeNews/assets/content/fakeddit_images/198.jpg,these stoves have seen some shit,0,two ovens in a kitchen with wood cabinets,Real,Fake,Fake,Fake,"The headline 'these stoves have seen some shit' uses informal, sensational language that suggests exaggeration or humor rather than a straightforward news report, which often correlates with fake or satirical content.",Fake,No,High,"My initial impression was that the headline sounded like fake or satirical content due to its informal and sensational tone. The AI-generated image description 'two ovens in a kitchen with wood cabinets' is straightforward and aligns reasonably well with the headline's subject (stoves/ovens), so it is reliable as a complement. The vision tool detected relevant kitchen appliances and classified the image as Real but with low confidence (around 0.51), indicating the image itself is likely authentic. However, the text tool flagged both the headline and the AI caption as Fake with very high confidence, and the headline's sentiment score was strongly negative, indicating sensationalism or exaggeration. The consistency tool showed only moderate alignment between the headline, caption, and image (similarity scores around 0.3 to 0.4), which is low and suggests the headline's tone and content do not fully match the image or caption. Taken together, the strong fake classification of the text and the low semantic and cross-modal alignment confirm that this news item is likely fake or satirical content rather than genuine news. Therefore, I maintain my initial judgment of Fake with high confidence.","Be cautious of headlines that use informal, sensational, or humorous language, as they often indicate satire or fake news. Always check if the text tone matches the image content and look for credible sources before trusting such news.","{
  ""Initial_Impression"": ""Fake"",
  ""Initial_Reasoning"": ""The headline 'these stoves have seen some shit' uses informal, sensational language that suggests exaggeration or humor rather than a straightforward news report, which often correlates with fake or satirical content."",
  ""Final_Decision"": ""Fake"",
  ""Did_Decision_Change"": ""No"",
  ""Decision_Confidence"": ""High"",
  ""Explanation"": ""My initial impression was that the headline sounded like fake or satirical content due to its informal and sensational tone. The AI-generated image description 'two ovens in a kitchen with wood cabinets' is straightforward and aligns reasonably well with the headline's subject (stoves/ovens), so it is reliable as a complement. The vision tool detected relevant kitchen appliances and classified the image as Real but with low confidence (around 0.51), indicating the image itself is likely authentic. However, the text tool flagged both the headline and the AI caption as Fake with very high confidence, and the headline's sentiment score was strongly negative, indicating sensationalism or exaggeration. The consistency tool showed only moderate alignment between the headline, caption, and image (similarity scores around 0.3 to 0.4), which is low and suggests the headline's tone and content do not fully match the image or caption. Taken together, the strong fake classification of the text and the low semantic and cross-modal alignment confirm that this news item is likely fake or satirical content rather than genuine news. Therefore, I maintain my initial judgment of Fake with high confidence."",
  ""Nudge"": ""Be cautious of headlines that use informal, sensational, or humorous language, as they often indicate satire or fake news. Always check if the text tone matches the image content and look for credible sources before trusting such news.""
}"
/content/FakeNews/assets/content/fakeddit_images/241.jpg,pretty serious about recycling,0,a blue trash can with a lid on it,Real,Fake,Real,Fake,"The headline 'pretty serious about recycling' is vague and informal, which can be typical of clickbait or misleading content rather than straightforward news.",Fake,No,Medium,"Initially, the headline seemed vague and potentially misleading, suggesting a casual or sensational tone rather than a factual news report. The AI-generated image description 'a blue trash can with a lid on it' aligns reasonably well with the recycling theme but is quite generic. The vision tool detected concepts related to waste and recycling and classified the image as Real but with low confidence (around 0.51), indicating some uncertainty. The text tool flagged the headline as Fake with very high confidence (0.99), while the AI caption was considered Real with good confidence (0.82). Sentiment analysis showed the headline had a somewhat positive but informal tone, while the caption was neutral. Consistency scores between headline, caption, and image were low to moderate (around 0.29 to 0.36), indicating weak alignment and suggesting the headline and image/caption do not strongly support each other. Overall, the forensic tools confirmed the initial suspicion that the headline is misleading or fake news, despite the image being real and relevant. The low alignment and high fake classification of the headline support the final decision of Fake news with medium confidence.","When evaluating similar content, pay close attention to whether the headline is vague or sensational without clear factual claims, and check if the image and description strongly support the headline's message to avoid being misled by loosely related visuals.","{
  ""Initial_Impression"": ""Fake"",
  ""Initial_Reasoning"": ""The headline 'pretty serious about recycling' is vague and informal, which can be typical of clickbait or misleading content rather than straightforward news."",
  ""Final_Decision"": ""Fake"",
  ""Did_Decision_Change"": ""No"",
  ""Decision_Confidence"": ""Medium"",
  ""Explanation"": ""Initially, the headline seemed vague and potentially misleading, suggesting a casual or sensational tone rather than a factual news report. The AI-generated image description 'a blue trash can with a lid on it' aligns reasonably well with the recycling theme but is quite generic. The vision tool detected concepts related to waste and recycling and classified the image as Real but with low confidence (around 0.51), indicating some uncertainty. The text tool flagged the headline as Fake with very high confidence (0.99), while the AI caption was considered Real with good confidence (0.82). Sentiment analysis showed the headline had a somewhat positive but informal tone, while the caption was neutral. Consistency scores between headline, caption, and image were low to moderate (around 0.29 to 0.36), indicating weak alignment and suggesting the headline and image/caption do not strongly support each other. Overall, the forensic tools confirmed the initial suspicion that the headline is misleading or fake news, despite the image being real and relevant. The low alignment and high fake classification of the headline support the final decision of Fake news with medium confidence."",
  ""Nudge"": ""When evaluating similar content, pay close attention to whether the headline is vague or sensational without clear factual claims, and check if the image and description strongly support the headline's message to avoid being misled by loosely related visuals.""
}"
/content/FakeNews/assets/content/fakeddit_images/103.jpg,the backside of the lincoln memorial,1,a man in an orange jacket is standing in front of the lincoln memorial,Real,Real,Real,Real,"The headline 'the backside of the lincoln memorial' is a straightforward, factual statement about a well-known monument, which does not suggest any sensationalism or obvious falsehood.",Real,No,High,"My initial impression was that the headline is likely real because it is a simple, factual claim about a famous landmark. The AI-generated image description aligns reasonably well with the headline, describing a man in an orange jacket standing in front of the Lincoln Memorial, which is consistent with the headline's focus on the memorial. The vision tool detected relevant visual concepts such as 'orange' and 'corridor,' and classified the image as Real with moderate confidence. The text tool classified both the headline and the AI caption as Real with high and moderate confidence respectively, and found no sensational sentiment. The consistency tool showed moderate semantic alignment between the headline and caption (0.52) and moderate cross-modal alignment between the image and texts (around 0.31-0.33), indicating reasonable coherence. Overall, the forensic tools support the initial judgment that this is benign content and not malicious fake news.","When evaluating news about landmarks or straightforward factual claims, check for consistency between the headline, image, and description, and be cautious of sensational or vague language that might indicate misinformation.","{
  ""Initial_Impression"": ""Real"",
  ""Initial_Reasoning"": ""The headline 'the backside of the lincoln memorial' is a straightforward, factual statement about a well-known monument, which does not suggest any sensationalism or obvious falsehood."",
  ""Final_Decision"": ""Real"",
  ""Did_Decision_Change"": ""No"",
  ""Decision_Confidence"": ""High"",
  ""Explanation"": ""My initial impression was that the headline is likely real because it is a simple, factual claim about a famous landmark. The AI-generated image description aligns reasonably well with the headline, describing a man in an orange jacket standing in front of the Lincoln Memorial, which is consistent with the headline's focus on the memorial. The vision tool detected relevant visual concepts such as 'orange' and 'corridor,' and classified the image as Real with moderate confidence. The text tool classified both the headline and the AI caption as Real with high and moderate confidence respectively, and found no sensational sentiment. The consistency tool showed moderate semantic alignment between the headline and caption (0.52) and moderate cross-modal alignment between the image and texts (around 0.31-0.33), indicating reasonable coherence. Overall, the forensic tools support the initial judgment that this is benign content and not malicious fake news."",
  ""Nudge"": ""When evaluating news about landmarks or straightforward factual claims, check for consistency between the headline, image, and description, and be cautious of sensational or vague language that might indicate misinformation.""
}"
/content/FakeNews/assets/content/fakeddit_images/98.jpg,los angelesarea school teacher accused of sexually abusing up to kids,1,george la torre elementary school,Real,Real,Fake,Fake,"The headline is poorly written and vague, with a suspicious phrase 'accused of sexually abusing up to kids' that lacks clarity and seems sensational or incomplete, which is common in fake or misleading news.",Fake,No,High,"Initially, the headline raised suspicion due to its poor grammar and vague, sensational claim about a serious crime without specifying numbers or details, which is typical of fake news. The AI image description 'george la torre elementary school' is somewhat related but generic and does not clarify or support the headline's claim. The vision tool detected unrelated visual concepts and classified the image as Real but with low confidence, indicating the image itself is not obviously manipulated but not strongly relevant either. The text tool classified the headline as Real with very high confidence, likely due to the presence of serious keywords, but flagged the AI caption as Fake, suggesting the caption is not trustworthy or relevant. Sentiment analysis showed the headline has a negative tone, consistent with sensationalism. The consistency tool showed low similarity scores between headline, caption, and image, indicating poor alignment and weak evidence that the image or caption supports the headline. Overall, the forensic tools confirmed the initial suspicion that this news item is likely fake or misleading, especially given the poor headline and unreliable caption. Therefore, the final decision remains Fake with high confidence.","Be cautious of headlines that are vague, poorly written, or sensational without clear details; always check if the accompanying image and description logically support the claim before trusting such news.","{
  ""Initial_Impression"": ""Fake"",
  ""Initial_Reasoning"": ""The headline is poorly written and vague, with a suspicious phrase 'accused of sexually abusing up to kids' that lacks clarity and seems sensational or incomplete, which is common in fake or misleading news."",
  ""Final_Decision"": ""Fake"",
  ""Did_Decision_Change"": ""No"",
  ""Decision_Confidence"": ""High"",
  ""Explanation"": ""Initially, the headline raised suspicion due to its poor grammar and vague, sensational claim about a serious crime without specifying numbers or details, which is typical of fake news. The AI image description 'george la torre elementary school' is somewhat related but generic and does not clarify or support the headline's claim. The vision tool detected unrelated visual concepts and classified the image as Real but with low confidence, indicating the image itself is not obviously manipulated but not strongly relevant either. The text tool classified the headline as Real with very high confidence, likely due to the presence of serious keywords, but flagged the AI caption as Fake, suggesting the caption is not trustworthy or relevant. Sentiment analysis showed the headline has a negative tone, consistent with sensationalism. The consistency tool showed low similarity scores between headline, caption, and image, indicating poor alignment and weak evidence that the image or caption supports the headline. Overall, the forensic tools confirmed the initial suspicion that this news item is likely fake or misleading, especially given the poor headline and unreliable caption. Therefore, the final decision remains Fake with high confidence."",
  ""Nudge"": ""Be cautious of headlines that are vague, poorly written, or sensational without clear details; always check if the accompanying image and description logically support the claim before trusting such news.""
}"
/content/FakeNews/assets/content/fakeddit_images/66.jpg,my friend spit on the ground and it looks exactly like a cat even bubbles where the eyes are,0,a cat is sitting on the ground at night,Real,Fake,Fake,Fake,"The headline describes a very unusual and somewhat bizarre claim about spit forming a cat shape with bubbles as eyes, which sounds more like a humorous or exaggerated anecdote rather than a factual news event.",Fake,No,High,"My initial impression based on the headline was that this is likely fake or at least not serious news, given the odd and anecdotal nature of the claim. The AI-generated image description is somewhat aligned but generic, describing simply 'a cat sitting on the ground at night,' which does not confirm the unusual claim about spit forming a cat shape. The vision tool detected visual concepts related to cats and animals and classified the image as Real but with low confidence (around 0.51), indicating the image itself is plausible but not strongly confirming the headline's claim. The text tool flagged both the headline and the AI caption as Fake with moderate to high confidence, and the headline's sentiment was quite sensational (0.69), suggesting exaggeration. The consistency tool showed low similarity scores (around 0.27 to 0.35) between the headline, caption, and image, indicating weak alignment and that the image and caption do not strongly support the headline's claim. Overall, the forensic tools confirmed my initial skepticism, and I maintain the classification as Fake with high confidence.","When encountering unusual or anecdotal claims, especially those that sound humorous or exaggerated, look for strong evidence and alignment between the claim and supporting images or descriptions before accepting them as true.","{
  ""Initial_Impression"": ""Fake"",
  ""Initial_Reasoning"": ""The headline describes a very unusual and somewhat bizarre claim about spit forming a cat shape with bubbles as eyes, which sounds more like a humorous or exaggerated anecdote rather than a factual news event."",
  ""Final_Decision"": ""Fake"",
  ""Did_Decision_Change"": ""No"",
  ""Decision_Confidence"": ""High"",
  ""Explanation"": ""My initial impression based on the headline was that this is likely fake or at least not serious news, given the odd and anecdotal nature of the claim. The AI-generated image description is somewhat aligned but generic, describing simply 'a cat sitting on the ground at night,' which does not confirm the unusual claim about spit forming a cat shape. The vision tool detected visual concepts related to cats and animals and classified the image as Real but with low confidence (around 0.51), indicating the image itself is plausible but not strongly confirming the headline's claim. The text tool flagged both the headline and the AI caption as Fake with moderate to high confidence, and the headline's sentiment was quite sensational (0.69), suggesting exaggeration. The consistency tool showed low similarity scores (around 0.27 to 0.35) between the headline, caption, and image, indicating weak alignment and that the image and caption do not strongly support the headline's claim. Overall, the forensic tools confirmed my initial skepticism, and I maintain the classification as Fake with high confidence."",
  ""Nudge"": ""When encountering unusual or anecdotal claims, especially those that sound humorous or exaggerated, look for strong evidence and alignment between the claim and supporting images or descriptions before accepting them as true.""
}"
/content/FakeNews/assets/content/fakeddit_images/298.jpg,read lenin romanian poster,0,"cittti lenin, the great leader of the revolution, is a book published in the 1920s",Real,Fake,Fake,Fake,"The headline 'read lenin romanian poster' is vague and oddly phrased, which raises suspicion about its authenticity or seriousness.",Fake,No,High,"My initial impression based on the headline alone was that the content might be fake due to its vague and awkward phrasing. The AI-generated image description, which talks about a book published in the 1920s about Lenin, does not strongly align with the headline about a Romanian poster, making the description somewhat unreliable as a complement. The vision tool detected concepts like 'book jacket' and 'carton' but gave only a borderline confidence for the image being real, which does not strongly support the headline's claim about a poster. The text tool flagged both the headline and the AI caption as fake with very high confidence, and the caption had a somewhat sensational sentiment score. The consistency tool showed moderate but not strong alignment between the headline and caption (0.57), and weak alignment between the image and both texts (around 0.36-0.39), indicating poor coherence among the elements. Overall, the forensic evidence strongly supports the initial suspicion that this is fake content.","When encountering vague or oddly phrased headlines, especially those referencing historical figures or artifacts, look for clear, consistent details and cross-check with reliable sources before accepting the content as true.","{
  ""Initial_Impression"": ""Fake"",
  ""Initial_Reasoning"": ""The headline 'read lenin romanian poster' is vague and oddly phrased, which raises suspicion about its authenticity or seriousness."",
  ""Final_Decision"": ""Fake"",
  ""Did_Decision_Change"": ""No"",
  ""Decision_Confidence"": ""High"",
  ""Explanation"": ""My initial impression based on the headline alone was that the content might be fake due to its vague and awkward phrasing. The AI-generated image description, which talks about a book published in the 1920s about Lenin, does not strongly align with the headline about a Romanian poster, making the description somewhat unreliable as a complement. The vision tool detected concepts like 'book jacket' and 'carton' but gave only a borderline confidence for the image being real, which does not strongly support the headline's claim about a poster. The text tool flagged both the headline and the AI caption as fake with very high confidence, and the caption had a somewhat sensational sentiment score. The consistency tool showed moderate but not strong alignment between the headline and caption (0.57), and weak alignment between the image and both texts (around 0.36-0.39), indicating poor coherence among the elements. Overall, the forensic evidence strongly supports the initial suspicion that this is fake content."",
  ""Nudge"": ""When encountering vague or oddly phrased headlines, especially those referencing historical figures or artifacts, look for clear, consistent details and cross-check with reliable sources before accepting the content as true.""
}"
/content/FakeNews/assets/content/fakeddit_images/61.jpg,this school uniform matches the school walls bomi liberia,1,a group of students in front of a yellow and blue building,Real,Real,Real,Real,"The headline is a straightforward statement about a school uniform matching the school walls in Bomi, Liberia, which seems plausible and not sensational or extraordinary.",Real,No,High,"My initial impression was that the news is real because the headline is a simple, believable statement without sensationalism. The AI-generated image description aligns well with the headline, describing students in front of a yellow and blue building, which could correspond to the school walls mentioned. The vision tool detected concepts related to educational settings and classified the image as Real with moderate confidence. The text tool strongly classified both the headline and the AI caption as Real with high confidence and neutral sentiment, indicating no sensational or misleading tone. The consistency tool showed moderate alignment between the headline, caption, and image, supporting the coherence of the content. Overall, the forensic tools confirmed my initial judgment, so I maintain the classification as Real with high confidence.","When evaluating similar content, focus on whether the headline makes a straightforward, plausible claim and check if the image and description logically support it without exaggeration or contradiction.","{
  ""Initial_Impression"": ""Real"",
  ""Initial_Reasoning"": ""The headline is a straightforward statement about a school uniform matching the school walls in Bomi, Liberia, which seems plausible and not sensational or extraordinary."",
  ""Final_Decision"": ""Real"",
  ""Did_Decision_Change"": ""No"",
  ""Decision_Confidence"": ""High"",
  ""Explanation"": ""My initial impression was that the news is real because the headline is a simple, believable statement without sensationalism. The AI-generated image description aligns well with the headline, describing students in front of a yellow and blue building, which could correspond to the school walls mentioned. The vision tool detected concepts related to educational settings and classified the image as Real with moderate confidence. The text tool strongly classified both the headline and the AI caption as Real with high confidence and neutral sentiment, indicating no sensational or misleading tone. The consistency tool showed moderate alignment between the headline, caption, and image, supporting the coherence of the content. Overall, the forensic tools confirmed my initial judgment, so I maintain the classification as Real with high confidence."",
  ""Nudge"": ""When evaluating similar content, focus on whether the headline makes a straightforward, plausible claim and check if the image and description logically support it without exaggeration or contradiction.""
}"
/content/FakeNews/assets/content/fakeddit_images/230.jpg,the lavatory sign icons on this hawaiian airlines plane are wearing an aloha shirt and dress,1,a green glow sign with a man and woman,Real,Real,Real,Real,"The headline describes a plausible and lighthearted detail about lavatory sign icons on a Hawaiian Airlines plane wearing aloha shirts and dresses, which seems like a genuine and non-sensational claim.",Real,No,High,"My initial impression was that the headline was real because it described a believable and non-sensational detail about airplane lavatory signs. The AI-generated image description, while brief, was aligned with the headline in describing a sign with a man and woman, which fits the context of lavatory icons. The vision tool detected relevant visual concepts such as airplane cabin and seat belt, and classified the image as Real with moderate confidence. The text tool strongly classified both the headline and the AI caption as Real with high confidence and neutral sentiment, indicating no sensationalism or fake news signals. The consistency tool showed moderate alignment between the headline, AI caption, and image, supporting the coherence of the content. Overall, the forensic tools confirmed my initial judgment that this news item is Real with high confidence.","When evaluating similar content, focus on whether the claim is plausible and non-sensational, and check if the image description and visual evidence align well with the headline to avoid being misled by vague or unrelated captions.","{
  ""Initial_Impression"": ""Real"",
  ""Initial_Reasoning"": ""The headline describes a plausible and lighthearted detail about lavatory sign icons on a Hawaiian Airlines plane wearing aloha shirts and dresses, which seems like a genuine and non-sensational claim."",
  ""Final_Decision"": ""Real"",
  ""Did_Decision_Change"": ""No"",
  ""Decision_Confidence"": ""High"",
  ""Explanation"": ""My initial impression was that the headline was real because it described a believable and non-sensational detail about airplane lavatory signs. The AI-generated image description, while brief, was aligned with the headline in describing a sign with a man and woman, which fits the context of lavatory icons. The vision tool detected relevant visual concepts such as airplane cabin and seat belt, and classified the image as Real with moderate confidence. The text tool strongly classified both the headline and the AI caption as Real with high confidence and neutral sentiment, indicating no sensationalism or fake news signals. The consistency tool showed moderate alignment between the headline, AI caption, and image, supporting the coherence of the content. Overall, the forensic tools confirmed my initial judgment that this news item is Real with high confidence."",
  ""Nudge"": ""When evaluating similar content, focus on whether the claim is plausible and non-sensational, and check if the image description and visual evidence align well with the headline to avoid being misled by vague or unrelated captions.""
}"
/content/FakeNews/assets/content/fakeddit_images/127.jpg,a portrait of a dog,0,a dog's head peeking out of a wooden door,Real,Fake,Fake,Real,"The headline 'a portrait of a dog' is straightforward and plausible, describing a common subject without sensational or extraordinary claims.",Fake,Yes,Medium,"Initially, the headline seemed realistic as it simply described a common subject—a dog portrait. The AI image description was aligned with the headline, describing a dog's head peeking out of a wooden door, which seemed consistent and plausible. However, forensic analysis revealed several concerns. The vision tool classified the image as Real but with low confidence (around 0.51), indicating uncertainty. The text tool flagged both the headline and the AI caption as Fake with high confidence (over 0.92), suggesting the textual content might be misleading or fabricated. The consistency tool showed only moderate to low similarity scores between the headline, caption, and image (all below 0.5), indicating weak alignment and possible mismatch between the text and visual content. These factors combined suggest the news item is likely Fake, possibly due to misleading or inaccurate textual claims about the image content. The decision changed from Real to Fake based on the strong textual fake signals and weak consistency, though the vision tool's uncertainty keeps confidence at Medium.","When evaluating simple headlines, always check if the accompanying image and description truly align and if the text seems overly generic or flagged by fact-checking tools, as even plausible-sounding claims can be misleading without strong visual and textual consistency.","{
  ""Initial_Impression"": ""Real"",
  ""Initial_Reasoning"": ""The headline 'a portrait of a dog' is straightforward and plausible, describing a common subject without sensational or extraordinary claims."",
  ""Final_Decision"": ""Fake"",
  ""Did_Decision_Change"": ""Yes"",
  ""Decision_Confidence"": ""Medium"",
  ""Explanation"": ""Initially, the headline seemed realistic as it simply described a common subject—a dog portrait. The AI image description was aligned with the headline, describing a dog's head peeking out of a wooden door, which seemed consistent and plausible. However, forensic analysis revealed several concerns. The vision tool classified the image as Real but with low confidence (around 0.51), indicating uncertainty. The text tool flagged both the headline and the AI caption as Fake with high confidence (over 0.92), suggesting the textual content might be misleading or fabricated. The consistency tool showed only moderate to low similarity scores between the headline, caption, and image (all below 0.5), indicating weak alignment and possible mismatch between the text and visual content. These factors combined suggest the news item is likely Fake, possibly due to misleading or inaccurate textual claims about the image content. The decision changed from Real to Fake based on the strong textual fake signals and weak consistency, though the vision tool's uncertainty keeps confidence at Medium."",
  ""Nudge"": ""When evaluating simple headlines, always check if the accompanying image and description truly align and if the text seems overly generic or flagged by fact-checking tools, as even plausible-sounding claims can be misleading without strong visual and textual consistency.""
}"
/content/FakeNews/assets/content/fakeddit_images/62.jpg,this sleeping cat,1,an orange cat laying on its back in a cat bed,Real,Real,Real,Real,"The headline 'this sleeping cat' is simple and plausible, describing a common and benign scenario that is unlikely to be fake news.",Real,No,High,"My initial impression was that the news is real because the headline describes a straightforward and believable situation involving a sleeping cat. The AI-generated image description aligns well with the headline, describing an orange cat laying on its back in a cat bed, which is consistent with the headline's subject. The vision tool detected relevant visual concepts related to cats and sleeping, and classified the image as real with moderate confidence. The text tool classified both the headline and the AI caption as real with high confidence and neutral sentiment, indicating no sensationalism or misleading tone. The consistency tool showed moderate semantic alignment between the headline and caption, and some alignment between the image and texts, supporting the overall coherence of the content. None of the tools indicated any signs of manipulation or misinformation. Therefore, the forensic evidence confirms my initial judgment that this is benign content.","When evaluating similar content, focus on whether the headline and image description are straightforward and consistent, and be cautious of sensational or vague language that might indicate misinformation.","{
  ""Initial_Impression"": ""Real"",
  ""Initial_Reasoning"": ""The headline 'this sleeping cat' is simple and plausible, describing a common and benign scenario that is unlikely to be fake news."",
  ""Final_Decision"": ""Real"",
  ""Did_Decision_Change"": ""No"",
  ""Decision_Confidence"": ""High"",
  ""Explanation"": ""My initial impression was that the news is real because the headline describes a straightforward and believable situation involving a sleeping cat. The AI-generated image description aligns well with the headline, describing an orange cat laying on its back in a cat bed, which is consistent with the headline's subject. The vision tool detected relevant visual concepts related to cats and sleeping, and classified the image as real with moderate confidence. The text tool classified both the headline and the AI caption as real with high confidence and neutral sentiment, indicating no sensationalism or misleading tone. The consistency tool showed moderate semantic alignment between the headline and caption, and some alignment between the image and texts, supporting the overall coherence of the content. None of the tools indicated any signs of manipulation or misinformation. Therefore, the forensic evidence confirms my initial judgment that this is benign content."",
  ""Nudge"": ""When evaluating similar content, focus on whether the headline and image description are straightforward and consistent, and be cautious of sensational or vague language that might indicate misinformation.""
}"
/content/FakeNews/assets/content/fakeddit_images/40.jpg,my friends angry broken lipstick,0,a close up of a lipstick with a hole in it,Real,Fake,Fake,Fake,"The headline 'my friends angry broken lipstick' is vague, informal, and somewhat nonsensical as a news headline, which raises suspicion about its authenticity.",Fake,No,High,"Initially, the headline seemed suspicious due to its informal and unclear nature, which is uncommon for genuine news headlines. The AI-generated image description 'a close up of a lipstick with a hole in it' aligns reasonably well with the headline, suggesting the description is reliable. The vision tool detected concepts unrelated to lipstick (like chocolate sauce and ice cream) and classified the image as Real but with low confidence (around 0.5), indicating ambiguity. The text tool strongly flagged both the headline and the AI caption as Fake with high confidence, and the headline sentiment was negative, indicating possible sensationalism or emotional tone. The consistency tool showed moderate semantic similarity between the headline and caption (0.65), but low similarity between the image and both texts (~0.27), suggesting the image content does not strongly support the textual claims. Overall, the strong fake classification from the text tool combined with weak image-text alignment supports the conclusion that this news item is Fake. The tools confirmed the initial intuition without contradiction.","When evaluating unusual or vague headlines, pay close attention to whether the image content clearly supports the claim and be cautious of emotionally charged or poorly constructed text that may indicate misinformation.","{
  ""Initial_Impression"": ""Fake"",
  ""Initial_Reasoning"": ""The headline 'my friends angry broken lipstick' is vague, informal, and somewhat nonsensical as a news headline, which raises suspicion about its authenticity."",
  ""Final_Decision"": ""Fake"",
  ""Did_Decision_Change"": ""No"",
  ""Decision_Confidence"": ""High"",
  ""Explanation"": ""Initially, the headline seemed suspicious due to its informal and unclear nature, which is uncommon for genuine news headlines. The AI-generated image description 'a close up of a lipstick with a hole in it' aligns reasonably well with the headline, suggesting the description is reliable. The vision tool detected concepts unrelated to lipstick (like chocolate sauce and ice cream) and classified the image as Real but with low confidence (around 0.5), indicating ambiguity. The text tool strongly flagged both the headline and the AI caption as Fake with high confidence, and the headline sentiment was negative, indicating possible sensationalism or emotional tone. The consistency tool showed moderate semantic similarity between the headline and caption (0.65), but low similarity between the image and both texts (~0.27), suggesting the image content does not strongly support the textual claims. Overall, the strong fake classification from the text tool combined with weak image-text alignment supports the conclusion that this news item is Fake. The tools confirmed the initial intuition without contradiction."",
  ""Nudge"": ""When evaluating unusual or vague headlines, pay close attention to whether the image content clearly supports the claim and be cautious of emotionally charged or poorly constructed text that may indicate misinformation.""
}"
/content/FakeNews/assets/content/fakeddit_images/18.jpg,doh,0,a sunset with clouds and cars parked in a parking lot,Real,Fake,Fake,Fake,"The headline 'doh' is vague, nonsensical, and does not convey any meaningful news content, which is typical of fake or low-quality news items.",Fake,No,High,"My initial impression was that the headline 'doh' is not a legitimate news headline and likely indicates fake or nonsensical content. The AI-generated image description 'a sunset with clouds and cars parked in a parking lot' is somewhat aligned with the image content as the vision tool detected relevant concepts like 'sky' and 'parking lot' and classified the image as Real but with low confidence (about 0.51). However, the text tool strongly flagged both the headline and the AI caption as Fake with high confidence (0.99 and 0.83 respectively). The sentiment scores were neutral, indicating no sensationalism. The consistency tool showed very low semantic similarity between the headline and caption (0.09), and low cross-modal similarity between image and text (0.23) and image and caption (0.37), indicating poor alignment overall. This suggests the headline is unrelated to the image and caption, reinforcing the suspicion of fake or meaningless content. Therefore, the forensic tools confirmed my initial judgment that this news item is Fake with high confidence.","Be cautious of headlines that are vague, nonsensical, or lack meaningful information; such headlines often indicate unreliable or fake news content.","{
  ""Initial_Impression"": ""Fake"",
  ""Initial_Reasoning"": ""The headline 'doh' is vague, nonsensical, and does not convey any meaningful news content, which is typical of fake or low-quality news items."",
  ""Final_Decision"": ""Fake"",
  ""Did_Decision_Change"": ""No"",
  ""Decision_Confidence"": ""High"",
  ""Explanation"": ""My initial impression was that the headline 'doh' is not a legitimate news headline and likely indicates fake or nonsensical content. The AI-generated image description 'a sunset with clouds and cars parked in a parking lot' is somewhat aligned with the image content as the vision tool detected relevant concepts like 'sky' and 'parking lot' and classified the image as Real but with low confidence (about 0.51). However, the text tool strongly flagged both the headline and the AI caption as Fake with high confidence (0.99 and 0.83 respectively). The sentiment scores were neutral, indicating no sensationalism. The consistency tool showed very low semantic similarity between the headline and caption (0.09), and low cross-modal similarity between image and text (0.23) and image and caption (0.37), indicating poor alignment overall. This suggests the headline is unrelated to the image and caption, reinforcing the suspicion of fake or meaningless content. Therefore, the forensic tools confirmed my initial judgment that this news item is Fake with high confidence."",
  ""Nudge"": ""Be cautious of headlines that are vague, nonsensical, or lack meaningful information; such headlines often indicate unreliable or fake news content.""
}"
/content/FakeNews/assets/content/fakeddit_images/89.jpg,here ya go,0,a man in a suit and tie standing in a bar,Real,Fake,Fake,Fake,"The headline 'here ya go' is vague, informal, and lacks any clear informative content, which often signals low credibility or potential misinformation.",Fake,No,High,"My initial impression based on the headline alone was that this news item is likely fake due to its vague and informal nature, which does not convey any meaningful or credible information. The AI-generated image description 'a man in a suit and tie standing in a bar' is somewhat aligned with the visual concepts detected by the vision tool, which identified items like ties and handkerchiefs, and classified the image as Real but with low confidence (around 0.5). However, the text tool flagged both the headline and the AI caption as Fake with high confidence for the headline (0.87) and moderate confidence for the caption (0.51). Sentiment analysis showed neutral sentiment, indicating no sensationalism. The consistency tool revealed very low or slightly negative semantic similarity between the headline and caption (-0.04), and low cross-modal similarity between the image and both texts (around 0.19 and 0.25), indicating poor alignment and coherence. These forensic signals confirm the initial suspicion that the content is not credible or meaningful. Therefore, I maintain the classification as Fake with high confidence.","When encountering vague or informal headlines that lack clear information, be cautious and look for more detailed, specific content or credible sources before trusting or sharing the news.","{
  ""Initial_Impression"": ""Fake"",
  ""Initial_Reasoning"": ""The headline 'here ya go' is vague, informal, and lacks any clear informative content, which often signals low credibility or potential misinformation."",
  ""Final_Decision"": ""Fake"",
  ""Did_Decision_Change"": ""No"",
  ""Decision_Confidence"": ""High"",
  ""Explanation"": ""My initial impression based on the headline alone was that this news item is likely fake due to its vague and informal nature, which does not convey any meaningful or credible information. The AI-generated image description 'a man in a suit and tie standing in a bar' is somewhat aligned with the visual concepts detected by the vision tool, which identified items like ties and handkerchiefs, and classified the image as Real but with low confidence (around 0.5). However, the text tool flagged both the headline and the AI caption as Fake with high confidence for the headline (0.87) and moderate confidence for the caption (0.51). Sentiment analysis showed neutral sentiment, indicating no sensationalism. The consistency tool revealed very low or slightly negative semantic similarity between the headline and caption (-0.04), and low cross-modal similarity between the image and both texts (around 0.19 and 0.25), indicating poor alignment and coherence. These forensic signals confirm the initial suspicion that the content is not credible or meaningful. Therefore, I maintain the classification as Fake with high confidence."",
  ""Nudge"": ""When encountering vague or informal headlines that lack clear information, be cautious and look for more detailed, specific content or credible sources before trusting or sharing the news.""
}"
/content/FakeNews/assets/content/fakeddit_images/255.jpg,my ice cream tub lid looks like a nine,1,a red tray with a circular shape on it,Real,Real,Fake,Real,"The headline is a simple, personal observation about an ice cream tub lid resembling the number nine, which seems benign and not sensational or misleading.",Real,No,Medium,"Initially, the headline appeared to be a harmless, personal observation, suggesting benign content. The AI-generated image description was somewhat vague but not contradictory, describing a 'red tray with a circular shape,' which could plausibly relate to an ice cream tub lid. The vision tool detected visual concepts that do not strongly contradict the headline and classified the image as Real with moderate confidence. The text tool classified the headline as Real with high confidence, though it flagged the AI caption as Fake with moderate confidence, likely due to its vagueness and lack of detail. Sentiment analysis showed the headline was mildly positive and not sensational. The consistency tool showed low to moderate alignment scores between the headline, caption, and image, indicating some semantic and visual relation but not strong. Overall, the tools support the initial impression that this is benign content, not malicious fake news. The moderate confidence reflects some uncertainty due to the vague AI caption and moderate alignment scores.","When evaluating similar content, focus on whether the headline makes a clear, factual claim or is just a personal or trivial observation, and check if the image and description clearly support or contradict that claim.","{
  ""Initial_Impression"": ""Real"",
  ""Initial_Reasoning"": ""The headline is a simple, personal observation about an ice cream tub lid resembling the number nine, which seems benign and not sensational or misleading."",
  ""Final_Decision"": ""Real"",
  ""Did_Decision_Change"": ""No"",
  ""Decision_Confidence"": ""Medium"",
  ""Explanation"": ""Initially, the headline appeared to be a harmless, personal observation, suggesting benign content. The AI-generated image description was somewhat vague but not contradictory, describing a 'red tray with a circular shape,' which could plausibly relate to an ice cream tub lid. The vision tool detected visual concepts that do not strongly contradict the headline and classified the image as Real with moderate confidence. The text tool classified the headline as Real with high confidence, though it flagged the AI caption as Fake with moderate confidence, likely due to its vagueness and lack of detail. Sentiment analysis showed the headline was mildly positive and not sensational. The consistency tool showed low to moderate alignment scores between the headline, caption, and image, indicating some semantic and visual relation but not strong. Overall, the tools support the initial impression that this is benign content, not malicious fake news. The moderate confidence reflects some uncertainty due to the vague AI caption and moderate alignment scores."",
  ""Nudge"": ""When evaluating similar content, focus on whether the headline makes a clear, factual claim or is just a personal or trivial observation, and check if the image and description clearly support or contradict that claim.""
}"
/content/FakeNews/assets/content/fakeddit_images/156.jpg,seattle man builds active labor notification app for the giraffe,1,a giraffe is sitting in a pen inside of a building,Real,Real,Fake,Fake,"The headline 'seattle man builds active labor notification app for the giraffe' sounds unusual and implausible, mixing a very specific tech concept with an unlikely subject (a giraffe), which raises suspicion of being fake or satirical.",Fake,No,High,"My initial intuition was that the headline was likely fake due to its bizarre and unlikely premise. The AI-generated image description 'a giraffe is sitting in a pen inside of a building' is somewhat aligned but vague and does not strongly support the headline's claim about an app for active labor notification. The vision tool detected concepts related to animals and a veterinary setting and classified the image as Real but with low confidence (about 51%), which suggests the image itself is plausible but not strongly confirming the headline. The text tool classified the headline as Real with very high confidence, likely because it is grammatically correct and plausible in isolation, but flagged the AI caption as Fake with moderate confidence, indicating the caption might be generic or not fully truthful. Sentiment analysis showed the headline is mildly sensational but not extreme. The consistency tool showed low to moderate similarity scores (~0.3) between headline, caption, and image, indicating weak alignment and some semantic disconnect. Overall, the forensic evidence supports that the headline is misleading or fake news, as the image and caption do not substantiate the unusual claim. Therefore, I maintain my initial judgment that this is Fake news with high confidence.","When encountering unusual or oddly specific headlines, especially those mixing unrelated concepts, critically check if the accompanying images and descriptions truly support the claim, and be cautious of content that seems implausible or lacks strong evidence.","{
  ""Initial_Impression"": ""Fake"",
  ""Initial_Reasoning"": ""The headline 'seattle man builds active labor notification app for the giraffe' sounds unusual and implausible, mixing a very specific tech concept with an unlikely subject (a giraffe), which raises suspicion of being fake or satirical."",
  ""Final_Decision"": ""Fake"",
  ""Did_Decision_Change"": ""No"",
  ""Decision_Confidence"": ""High"",
  ""Explanation"": ""My initial intuition was that the headline was likely fake due to its bizarre and unlikely premise. The AI-generated image description 'a giraffe is sitting in a pen inside of a building' is somewhat aligned but vague and does not strongly support the headline's claim about an app for active labor notification. The vision tool detected concepts related to animals and a veterinary setting and classified the image as Real but with low confidence (about 51%), which suggests the image itself is plausible but not strongly confirming the headline. The text tool classified the headline as Real with very high confidence, likely because it is grammatically correct and plausible in isolation, but flagged the AI caption as Fake with moderate confidence, indicating the caption might be generic or not fully truthful. Sentiment analysis showed the headline is mildly sensational but not extreme. The consistency tool showed low to moderate similarity scores (~0.3) between headline, caption, and image, indicating weak alignment and some semantic disconnect. Overall, the forensic evidence supports that the headline is misleading or fake news, as the image and caption do not substantiate the unusual claim. Therefore, I maintain my initial judgment that this is Fake news with high confidence."",
  ""Nudge"": ""When encountering unusual or oddly specific headlines, especially those mixing unrelated concepts, critically check if the accompanying images and descriptions truly support the claim, and be cautious of content that seems implausible or lacks strong evidence.""
}"
/content/FakeNews/assets/content/fakeddit_images/128.jpg,dueling cell phone repair shops,1,a red fire hydrant in front of a building,Real,Real,Real,Real,"The headline 'dueling cell phone repair shops' sounds plausible and not sensational or extraordinary, suggesting a real local business rivalry story.",Fake,Yes,High,"Initially, the headline seemed realistic and believable as it describes a common scenario of competing businesses. The AI-generated image description, however, described 'a red fire hydrant in front of a building,' which does not align well with the headline about cell phone repair shops. The vision tool detected concepts like 'crosswalk,' 'gas station,' and 'hardware store,' but did not strongly confirm the presence of cell phone repair shops or anything related. The image was classified as Real but with low confidence (about 0.51). The text tool classified both the headline and AI caption as Real, but the caption had a negative sentiment score, indicating a somewhat neutral or negative tone. The consistency tool showed very low similarity scores between the headline and caption (0.05), and low cross-modal similarity between the image and headline (0.23) and image and caption (0.31). These low alignment scores indicate the image and caption do not support the headline's claim. This mismatch suggests the news item is misleading or falsely represented by the image and caption, thus classifying it as Fake. The tools changed my mind from Real to Fake due to the poor alignment and lack of supporting visual evidence.","When evaluating news, always check if the image and its description truly support the headline's claim. Mismatches between headline and visuals often indicate misleading or fake content.","{
  ""Initial_Impression"": ""Real"",
  ""Initial_Reasoning"": ""The headline 'dueling cell phone repair shops' sounds plausible and not sensational or extraordinary, suggesting a real local business rivalry story."",
  ""Final_Decision"": ""Fake"",
  ""Did_Decision_Change"": ""Yes"",
  ""Decision_Confidence"": ""High"",
  ""Explanation"": ""Initially, the headline seemed realistic and believable as it describes a common scenario of competing businesses. The AI-generated image description, however, described 'a red fire hydrant in front of a building,' which does not align well with the headline about cell phone repair shops. The vision tool detected concepts like 'crosswalk,' 'gas station,' and 'hardware store,' but did not strongly confirm the presence of cell phone repair shops or anything related. The image was classified as Real but with low confidence (about 0.51). The text tool classified both the headline and AI caption as Real, but the caption had a negative sentiment score, indicating a somewhat neutral or negative tone. The consistency tool showed very low similarity scores between the headline and caption (0.05), and low cross-modal similarity between the image and headline (0.23) and image and caption (0.31). These low alignment scores indicate the image and caption do not support the headline's claim. This mismatch suggests the news item is misleading or falsely represented by the image and caption, thus classifying it as Fake. The tools changed my mind from Real to Fake due to the poor alignment and lack of supporting visual evidence."",
  ""Nudge"": ""When evaluating news, always check if the image and its description truly support the headline's claim. Mismatches between headline and visuals often indicate misleading or fake content.""
}"
/content/FakeNews/assets/content/fakeddit_images/109.jpg,my dog likes to eat his food laying down,1,a dog is sitting on the floor next to a box,Real,Real,Fake,Real,"The headline is a simple, plausible statement about a dog’s behavior that does not raise suspicion or sensationalism.",Real,No,Medium,"Initially, the headline seemed like a benign and believable statement about a dog’s eating habit, so I judged it as Real. The AI-generated image description was somewhat aligned but not perfectly matching, describing a dog sitting next to a box rather than laying down while eating. The vision tool detected dog-related concepts and classified the image as Real with moderate confidence. The text tool found the headline Real with high confidence but flagged the AI caption as Fake with very high confidence, likely due to its generic or vague nature. The consistency tool showed low to moderate alignment scores between the headline, caption, and image, indicating some mismatch but no strong contradiction. Overall, the evidence supports the headline’s plausibility and the image’s authenticity, though the AI caption is less reliable. Therefore, I maintain the decision that this news item is Real with medium confidence due to some inconsistency in the caption.","When evaluating similar content, focus on whether the headline makes a straightforward, plausible claim and check if the image and description clearly support it. Be cautious if the description seems vague or unrelated, as it may indicate less reliable content.","{
  ""Initial_Impression"": ""Real"",
  ""Initial_Reasoning"": ""The headline is a simple, plausible statement about a dog’s behavior that does not raise suspicion or sensationalism."",
  ""Final_Decision"": ""Real"",
  ""Did_Decision_Change"": ""No"",
  ""Decision_Confidence"": ""Medium"",
  ""Explanation"": ""Initially, the headline seemed like a benign and believable statement about a dog’s eating habit, so I judged it as Real. The AI-generated image description was somewhat aligned but not perfectly matching, describing a dog sitting next to a box rather than laying down while eating. The vision tool detected dog-related concepts and classified the image as Real with moderate confidence. The text tool found the headline Real with high confidence but flagged the AI caption as Fake with very high confidence, likely due to its generic or vague nature. The consistency tool showed low to moderate alignment scores between the headline, caption, and image, indicating some mismatch but no strong contradiction. Overall, the evidence supports the headline’s plausibility and the image’s authenticity, though the AI caption is less reliable. Therefore, I maintain the decision that this news item is Real with medium confidence due to some inconsistency in the caption."",
  ""Nudge"": ""When evaluating similar content, focus on whether the headline makes a straightforward, plausible claim and check if the image and description clearly support it. Be cautious if the description seems vague or unrelated, as it may indicate less reliable content.""
}"
/content/FakeNews/assets/content/fakeddit_images/240.jpg,boise parks and rec to employ the homeless,1,a group of people sitting at a table with papers,Fake,Real,Fake,Real,"The headline 'boise parks and rec to employ the homeless' sounds plausible and socially constructive, which is typical of real local government initiatives.",Fake,Yes,Medium,"Initially, the headline seemed credible as it describes a reasonable community program. The AI-generated image description 'a group of people sitting at a table with papers' was somewhat aligned but vague. The vision tool flagged the image as Fake with moderate confidence, detecting unrelated concepts like 'assembly line' and 'cafeteria' that do not clearly support the headline. The text tool classified the headline as Real with very high confidence but flagged the AI caption as Fake, indicating the caption might be misleading or fabricated. Sentiment analysis showed neutral tone, so no sensationalism was detected. Consistency scores between headline, caption, and image were very low, indicating poor alignment and suggesting the image and caption do not support the headline's claim. Taken together, these forensic signals suggest the news item is likely Fake despite the plausible headline, possibly due to misleading or unrelated imagery and caption. Therefore, I changed my decision to Fake with medium confidence due to mixed but mostly negative evidence.","When evaluating news about social programs, look for consistent and credible supporting images and descriptions; mismatches between headline and visuals often indicate misinformation or manipulation.","{
  ""Initial_Impression"": ""Real"",
  ""Initial_Reasoning"": ""The headline 'boise parks and rec to employ the homeless' sounds plausible and socially constructive, which is typical of real local government initiatives."",
  ""Final_Decision"": ""Fake"",
  ""Did_Decision_Change"": ""Yes"",
  ""Decision_Confidence"": ""Medium"",
  ""Explanation"": ""Initially, the headline seemed credible as it describes a reasonable community program. The AI-generated image description 'a group of people sitting at a table with papers' was somewhat aligned but vague. The vision tool flagged the image as Fake with moderate confidence, detecting unrelated concepts like 'assembly line' and 'cafeteria' that do not clearly support the headline. The text tool classified the headline as Real with very high confidence but flagged the AI caption as Fake, indicating the caption might be misleading or fabricated. Sentiment analysis showed neutral tone, so no sensationalism was detected. Consistency scores between headline, caption, and image were very low, indicating poor alignment and suggesting the image and caption do not support the headline's claim. Taken together, these forensic signals suggest the news item is likely Fake despite the plausible headline, possibly due to misleading or unrelated imagery and caption. Therefore, I changed my decision to Fake with medium confidence due to mixed but mostly negative evidence."",
  ""Nudge"": ""When evaluating news about social programs, look for consistent and credible supporting images and descriptions; mismatches between headline and visuals often indicate misinformation or manipulation.""
}"
/content/FakeNews/assets/content/fakeddit_images/38.jpg,dog sitting on a chair,1,a dog sits on a chair in front of a house,Real,Real,Fake,Real,"The headline 'dog sitting on a chair' is a simple, plausible statement that is not sensational or extraordinary, so it initially seems like a real and benign piece of content.",Fake,Yes,Medium,"Initially, the headline appeared straightforward and believable, suggesting a real scenario. The AI-generated image description was aligned with the headline, describing a dog sitting on a chair in front of a house, which seemed consistent and reliable. However, forensic analysis revealed mixed signals. The vision tool detected concepts related to a slum or junkyard environment and classified the image as Real but with low confidence (about 0.50). The text tool classified the headline as Real with high confidence but flagged the AI caption as Fake with very high confidence, indicating the caption might be hallucinated or inaccurate. Consistency scores showed a high semantic similarity between the headline and caption (0.80), but low cross-modal similarity between the image and both texts (around 0.22-0.29), suggesting the image content does not strongly support the textual claims. This discrepancy implies the image might not genuinely depict the described scene, or the caption is misleading. Given these contradictions, especially the strong fake signal on the caption and weak image-text alignment, the final decision is that the news item is Fake, though with medium confidence due to some ambiguity in the image classification.","When evaluating simple headlines, always check if the accompanying image and description truly match the claim; inconsistencies between text and visuals often reveal misleading or fabricated content.","{
  ""Initial_Impression"": ""Real"",
  ""Initial_Reasoning"": ""The headline 'dog sitting on a chair' is a simple, plausible statement that is not sensational or extraordinary, so it initially seems like a real and benign piece of content."",
  ""Final_Decision"": ""Fake"",
  ""Did_Decision_Change"": ""Yes"",
  ""Decision_Confidence"": ""Medium"",
  ""Explanation"": ""Initially, the headline appeared straightforward and believable, suggesting a real scenario. The AI-generated image description was aligned with the headline, describing a dog sitting on a chair in front of a house, which seemed consistent and reliable. However, forensic analysis revealed mixed signals. The vision tool detected concepts related to a slum or junkyard environment and classified the image as Real but with low confidence (about 0.50). The text tool classified the headline as Real with high confidence but flagged the AI caption as Fake with very high confidence, indicating the caption might be hallucinated or inaccurate. Consistency scores showed a high semantic similarity between the headline and caption (0.80), but low cross-modal similarity between the image and both texts (around 0.22-0.29), suggesting the image content does not strongly support the textual claims. This discrepancy implies the image might not genuinely depict the described scene, or the caption is misleading. Given these contradictions, especially the strong fake signal on the caption and weak image-text alignment, the final decision is that the news item is Fake, though with medium confidence due to some ambiguity in the image classification."",
  ""Nudge"": ""When evaluating simple headlines, always check if the accompanying image and description truly match the claim; inconsistencies between text and visuals often reveal misleading or fabricated content.""
}"
/content/FakeNews/assets/content/fakeddit_images/284.jpg,this scared speaker,0,a speaker with two speakers and a red and black case,Real,Fake,Fake,Fake,"The headline 'this scared speaker' is vague and unusual, suggesting a sensational or misleading claim rather than straightforward news.",Fake,No,High,"My initial impression based on the headline alone was that this news item is likely fake due to its vague and sensational wording. The AI-generated image description, 'a speaker with two speakers and a red and black case,' is somewhat aligned but generic and does not clarify the headline's meaning, so it was treated cautiously. The forensic tools confirmed this suspicion: the vision tool classified the image as Real but with low confidence and detected unrelated concepts like toaster and vending machine, indicating the image might not clearly depict a 'scared speaker.' The text tool flagged both the headline and the AI caption as Fake with very high confidence, and the headline had a negative sentiment score, indicating sensationalism. The consistency tool showed low similarity scores between the headline, caption, and image, indicating poor alignment and suggesting the content is misleading or fabricated. Overall, the tools strongly support the initial judgment that this is fake news.","When encountering vague or sensational headlines, look for clear, specific information and check if the accompanying images and descriptions logically support the claim before trusting the content.","{
  ""Initial_Impression"": ""Fake"",
  ""Initial_Reasoning"": ""The headline 'this scared speaker' is vague and unusual, suggesting a sensational or misleading claim rather than straightforward news."",
  ""Final_Decision"": ""Fake"",
  ""Did_Decision_Change"": ""No"",
  ""Decision_Confidence"": ""High"",
  ""Explanation"": ""My initial impression based on the headline alone was that this news item is likely fake due to its vague and sensational wording. The AI-generated image description, 'a speaker with two speakers and a red and black case,' is somewhat aligned but generic and does not clarify the headline's meaning, so it was treated cautiously. The forensic tools confirmed this suspicion: the vision tool classified the image as Real but with low confidence and detected unrelated concepts like toaster and vending machine, indicating the image might not clearly depict a 'scared speaker.' The text tool flagged both the headline and the AI caption as Fake with very high confidence, and the headline had a negative sentiment score, indicating sensationalism. The consistency tool showed low similarity scores between the headline, caption, and image, indicating poor alignment and suggesting the content is misleading or fabricated. Overall, the tools strongly support the initial judgment that this is fake news."",
  ""Nudge"": ""When encountering vague or sensational headlines, look for clear, specific information and check if the accompanying images and descriptions logically support the claim before trusting the content.""
}"
/content/FakeNews/assets/content/fakeddit_images/82.jpg,horizon zero dawn release date ps exclusivity trailer and everything we know so far,0,the woman is holding an arrow in the desert,Real,Fake,Fake,Real,"The headline appears to be a straightforward informational piece about a popular video game release, which is a common and plausible news topic.",Fake,Yes,High,"Initially, the headline seemed credible as it discusses a typical gaming news topic about 'Horizon Zero Dawn' release details. The AI image description was somewhat aligned, describing a woman holding an arrow in a desert, which fits the game's theme. However, forensic analysis revealed strong contradictions: the text_tool flagged both the headline and the AI caption as fake with very high confidence, indicating the text content is likely fabricated or misleading. The vision_tool classified the image as real but with low confidence, and the detected visual concepts loosely relate to the game but are not definitive. The consistency_tool showed very low or negative similarity scores between the headline and caption (-0.04) and only weak alignment between the image and texts (~0.3), suggesting poor coherence among the elements. These factors combined indicate the news item is likely malicious fake news despite the plausible headline. Thus, the forensic evidence overturned the initial impression.","Always verify gaming news from official sources or well-known gaming news outlets, and be cautious of headlines that seem generic or overly broad without detailed supporting content.","{
  ""Initial_Impression"": ""Real"",
  ""Initial_Reasoning"": ""The headline appears to be a straightforward informational piece about a popular video game release, which is a common and plausible news topic."",
  ""Final_Decision"": ""Fake"",
  ""Did_Decision_Change"": ""Yes"",
  ""Decision_Confidence"": ""High"",
  ""Explanation"": ""Initially, the headline seemed credible as it discusses a typical gaming news topic about 'Horizon Zero Dawn' release details. The AI image description was somewhat aligned, describing a woman holding an arrow in a desert, which fits the game's theme. However, forensic analysis revealed strong contradictions: the text_tool flagged both the headline and the AI caption as fake with very high confidence, indicating the text content is likely fabricated or misleading. The vision_tool classified the image as real but with low confidence, and the detected visual concepts loosely relate to the game but are not definitive. The consistency_tool showed very low or negative similarity scores between the headline and caption (-0.04) and only weak alignment between the image and texts (~0.3), suggesting poor coherence among the elements. These factors combined indicate the news item is likely malicious fake news despite the plausible headline. Thus, the forensic evidence overturned the initial impression."",
  ""Nudge"": ""Always verify gaming news from official sources or well-known gaming news outlets, and be cautious of headlines that seem generic or overly broad without detailed supporting content.""
}"
/content/FakeNews/assets/content/fakeddit_images/21.jpg,obamas russia sanctions put hill republicans in a box,1,ryan says he's 'not going to be bullied' by obama,Real,Real,Real,Real,"The headline discusses a plausible political scenario involving Obama, Russia sanctions, and Republican politicians, which is a common topic in political news and does not contain sensational or obviously false claims.",Real,No,High,"My initial impression was that the headline seemed realistic because it addresses a typical political issue without sensationalism or obvious falsehoods. The AI-generated image description, while not a direct paraphrase of the headline, is contextually related, mentioning a political figure (Ryan) responding to Obama, which aligns with the political theme. The vision tool classified the image as Real with moderate confidence, and the visual concepts detected do not suggest manipulation. The text tool strongly classified both the headline and the AI caption as Real, with the headline having very high confidence and neutral sentiment, and the caption having a negative sentiment but still Real classification, indicating a critical but plausible statement. The consistency tool showed moderate alignment between the headline and caption (0.42) and lower but positive alignment between the image and texts (around 0.28-0.33), which is reasonable given the different focuses of the texts and image. Overall, the forensic evidence supports the initial judgment that this news item is Real.","When evaluating political news, consider whether the claims are plausible within the political context and check for sensational language or contradictions between headline and supporting content to better spot misinformation.","{
  ""Initial_Impression"": ""Real"",
  ""Initial_Reasoning"": ""The headline discusses a plausible political scenario involving Obama, Russia sanctions, and Republican politicians, which is a common topic in political news and does not contain sensational or obviously false claims."",
  ""Final_Decision"": ""Real"",
  ""Did_Decision_Change"": ""No"",
  ""Decision_Confidence"": ""High"",
  ""Explanation"": ""My initial impression was that the headline seemed realistic because it addresses a typical political issue without sensationalism or obvious falsehoods. The AI-generated image description, while not a direct paraphrase of the headline, is contextually related, mentioning a political figure (Ryan) responding to Obama, which aligns with the political theme. The vision tool classified the image as Real with moderate confidence, and the visual concepts detected do not suggest manipulation. The text tool strongly classified both the headline and the AI caption as Real, with the headline having very high confidence and neutral sentiment, and the caption having a negative sentiment but still Real classification, indicating a critical but plausible statement. The consistency tool showed moderate alignment between the headline and caption (0.42) and lower but positive alignment between the image and texts (around 0.28-0.33), which is reasonable given the different focuses of the texts and image. Overall, the forensic evidence supports the initial judgment that this news item is Real."",
  ""Nudge"": ""When evaluating political news, consider whether the claims are plausible within the political context and check for sensational language or contradictions between headline and supporting content to better spot misinformation.""
}"
/content/FakeNews/assets/content/fakeddit_images/186.jpg,little girl asks is santa real after disappointing grotto visit,1,a woman is looking at a display of snowmen and penguins,Real,Real,Fake,Real,"The headline describes a plausible and relatable scenario of a little girl questioning Santa's reality after a disappointing grotto visit, which is a common and believable human interest story.",Real,No,Medium,"Initially, the headline seemed realistic as it depicts a common emotional reaction of a child to a holiday experience. The AI image description, while not perfectly aligned, was somewhat related to a winter or holiday theme, mentioning snowmen and penguins, which could be part of a grotto display. The vision tool classified the image as Real with moderate confidence and detected concepts loosely related to a child or winter setting. The text tool strongly supported the headline as Real but flagged the AI caption as Fake, likely due to its generic nature and lack of direct connection to the headline's narrative. The consistency tool showed low to moderate alignment scores between the headline, caption, and image, indicating some thematic but not strong direct correlation. Overall, the forensic evidence supports the headline's authenticity, and the image does not contradict it strongly enough to suggest fabrication. Therefore, the final decision remains Real with medium confidence due to some ambiguity in the image-caption alignment.","When evaluating similar content, focus on whether the headline presents a plausible human experience and check if the image and description directly support the story or just loosely relate to it; strong alignment across all elements increases credibility.","{
  ""Initial_Impression"": ""Real"",
  ""Initial_Reasoning"": ""The headline describes a plausible and relatable scenario of a little girl questioning Santa's reality after a disappointing grotto visit, which is a common and believable human interest story."",
  ""Final_Decision"": ""Real"",
  ""Did_Decision_Change"": ""No"",
  ""Decision_Confidence"": ""Medium"",
  ""Explanation"": ""Initially, the headline seemed realistic as it depicts a common emotional reaction of a child to a holiday experience. The AI image description, while not perfectly aligned, was somewhat related to a winter or holiday theme, mentioning snowmen and penguins, which could be part of a grotto display. The vision tool classified the image as Real with moderate confidence and detected concepts loosely related to a child or winter setting. The text tool strongly supported the headline as Real but flagged the AI caption as Fake, likely due to its generic nature and lack of direct connection to the headline's narrative. The consistency tool showed low to moderate alignment scores between the headline, caption, and image, indicating some thematic but not strong direct correlation. Overall, the forensic evidence supports the headline's authenticity, and the image does not contradict it strongly enough to suggest fabrication. Therefore, the final decision remains Real with medium confidence due to some ambiguity in the image-caption alignment."",
  ""Nudge"": ""When evaluating similar content, focus on whether the headline presents a plausible human experience and check if the image and description directly support the story or just loosely relate to it; strong alignment across all elements increases credibility.""
}"
/content/FakeNews/assets/content/fakeddit_images/1.jpg,i am going to a hospital in due to notoriety or lack of translation,0,a man in white clothes is surrounded by police officers,Real,Fake,Fake,Fake,"The headline is incoherent and confusing, suggesting poor translation or nonsensical content, which is a common trait in fake or misleading news.",Fake,No,High,"My initial impression based on the headline alone was that the news is likely fake due to its incoherent and unclear phrasing, which does not convey a meaningful or credible message. The AI-generated image description, 'a man in white clothes is surrounded by police officers,' does not clearly align with the headline, indicating a possible mismatch or hallucination. The vision tool detected concepts like bulletproof vest and neck brace but classified the image as Real with low confidence, suggesting the image itself is not manipulated but may not support the headline's claim. The text tool strongly flagged both the headline and the AI caption as fake with high confidence, and the sentiment analysis showed a negative tone for the headline, consistent with sensational or misleading content. The consistency tool showed very low similarity scores between the headline, caption, and image, confirming poor alignment and reinforcing the suspicion of misinformation. Overall, the forensic tools confirmed my initial judgment that this news item is fake, and the evidence is strong and consistent.","When encountering confusing or poorly written headlines, especially those that seem nonsensical or mistranslated, be cautious and check for alignment between the headline, image, and description before trusting the content.","{
  ""Initial_Impression"": ""Fake"",
  ""Initial_Reasoning"": ""The headline is incoherent and confusing, suggesting poor translation or nonsensical content, which is a common trait in fake or misleading news."",
  ""Final_Decision"": ""Fake"",
  ""Did_Decision_Change"": ""No"",
  ""Decision_Confidence"": ""High"",
  ""Explanation"": ""My initial impression based on the headline alone was that the news is likely fake due to its incoherent and unclear phrasing, which does not convey a meaningful or credible message. The AI-generated image description, 'a man in white clothes is surrounded by police officers,' does not clearly align with the headline, indicating a possible mismatch or hallucination. The vision tool detected concepts like bulletproof vest and neck brace but classified the image as Real with low confidence, suggesting the image itself is not manipulated but may not support the headline's claim. The text tool strongly flagged both the headline and the AI caption as fake with high confidence, and the sentiment analysis showed a negative tone for the headline, consistent with sensational or misleading content. The consistency tool showed very low similarity scores between the headline, caption, and image, confirming poor alignment and reinforcing the suspicion of misinformation. Overall, the forensic tools confirmed my initial judgment that this news item is fake, and the evidence is strong and consistent."",
  ""Nudge"": ""When encountering confusing or poorly written headlines, especially those that seem nonsensical or mistranslated, be cautious and check for alignment between the headline, image, and description before trusting the content.""
}"
/content/FakeNews/assets/content/fakeddit_images/149.jpg,selenophene horrid grind,0,a purple and white background with the words selenophene horror grind,Real,Fake,Fake,Fake,The headline 'selenophene horrid grind' is nonsensical and does not resemble a credible news headline. It contains unusual and unrelated words that suggest it is likely fake or meaningless content.,Fake,No,High,"My initial intuition based on the headline alone was that this news item is fake due to the nonsensical and incoherent phrase 'selenophene horrid grind.' The AI-generated image description, which mentions 'a purple and white background with the words selenophene horror grind,' aligns somewhat with the headline but also contains a slight variation ('horror' instead of 'horrid'), which is minor but suggests some inconsistency. The vision tool detected unrelated visual concepts and classified the image as Real but with low confidence (around 0.5), indicating uncertainty. The text tool strongly flagged both the headline and the AI caption as fake with very high confidence (near 1.0) and detected negative sentiment, which often correlates with sensational or misleading content. The consistency tool showed low to moderate similarity scores (around 0.34 to 0.42), indicating weak alignment between the headline, caption, and image. Overall, the forensic tools strongly support the initial impression that this is fake news, confirming the headline's incoherence and the text tool's fake classification. Therefore, I maintain the decision that this is fake news with high confidence.","When encountering strange or nonsensical headlines, consider whether the words make logical sense and check for consistency with any accompanying images or descriptions. If the content seems incoherent or overly sensational without clear context, it is often a sign of misinformation or fake news.","{
  ""Initial_Impression"": ""Fake"",
  ""Initial_Reasoning"": ""The headline 'selenophene horrid grind' is nonsensical and does not resemble a credible news headline. It contains unusual and unrelated words that suggest it is likely fake or meaningless content."",
  ""Final_Decision"": ""Fake"",
  ""Did_Decision_Change"": ""No"",
  ""Decision_Confidence"": ""High"",
  ""Explanation"": ""My initial intuition based on the headline alone was that this news item is fake due to the nonsensical and incoherent phrase 'selenophene horrid grind.' The AI-generated image description, which mentions 'a purple and white background with the words selenophene horror grind,' aligns somewhat with the headline but also contains a slight variation ('horror' instead of 'horrid'), which is minor but suggests some inconsistency. The vision tool detected unrelated visual concepts and classified the image as Real but with low confidence (around 0.5), indicating uncertainty. The text tool strongly flagged both the headline and the AI caption as fake with very high confidence (near 1.0) and detected negative sentiment, which often correlates with sensational or misleading content. The consistency tool showed low to moderate similarity scores (around 0.34 to 0.42), indicating weak alignment between the headline, caption, and image. Overall, the forensic tools strongly support the initial impression that this is fake news, confirming the headline's incoherence and the text tool's fake classification. Therefore, I maintain the decision that this is fake news with high confidence."",
  ""Nudge"": ""When encountering strange or nonsensical headlines, consider whether the words make logical sense and check for consistency with any accompanying images or descriptions. If the content seems incoherent or overly sensational without clear context, it is often a sign of misinformation or fake news.""
}"
/content/FakeNews/assets/content/fakeddit_images/10.jpg,nikita khrushchev drinking a can of pepsi after the kitchen debate between him and richard nixon colourized,0,an old man with a beard and tie is drinking from a cup,Real,Fake,Fake,Fake,"The headline claims a very specific historical event with a colorized image of Nikita Khrushchev drinking a can of Pepsi after the famous Kitchen Debate, which sounds sensational and unlikely given the era and context.",Fake,No,High,"My initial impression was that the headline is likely fake because it describes a very specific and unusual scenario that seems historically improbable. The AI-generated image description is vague and does not specifically mention Khrushchev or Pepsi, only describing 'an old man with a beard and tie drinking from a cup,' which is only loosely related to the headline. The vision tool detected unrelated objects and gave a borderline 'Real' label with low confidence, indicating the image does not strongly support the headline. The text tool strongly flagged both the headline and the AI caption as fake, with very high confidence for the headline. The sentiment scores were neutral, so no sensational tone was detected, but the semantic and cross-modal similarity scores were low (around 0.2-0.3), showing weak alignment between the headline, caption, and image. Overall, the forensic tools confirmed my initial skepticism, and the evidence strongly supports classifying this news item as fake.","Be cautious of headlines that claim very specific and unusual historical moments, especially when the image description is vague or does not clearly support the claim. Always look for strong alignment between the text and image content before trusting such news.","{
  ""Initial_Impression"": ""Fake"",
  ""Initial_Reasoning"": ""The headline claims a very specific historical event with a colorized image of Nikita Khrushchev drinking a can of Pepsi after the famous Kitchen Debate, which sounds sensational and unlikely given the era and context."",
  ""Final_Decision"": ""Fake"",
  ""Did_Decision_Change"": ""No"",
  ""Decision_Confidence"": ""High"",
  ""Explanation"": ""My initial impression was that the headline is likely fake because it describes a very specific and unusual scenario that seems historically improbable. The AI-generated image description is vague and does not specifically mention Khrushchev or Pepsi, only describing 'an old man with a beard and tie drinking from a cup,' which is only loosely related to the headline. The vision tool detected unrelated objects and gave a borderline 'Real' label with low confidence, indicating the image does not strongly support the headline. The text tool strongly flagged both the headline and the AI caption as fake, with very high confidence for the headline. The sentiment scores were neutral, so no sensational tone was detected, but the semantic and cross-modal similarity scores were low (around 0.2-0.3), showing weak alignment between the headline, caption, and image. Overall, the forensic tools confirmed my initial skepticism, and the evidence strongly supports classifying this news item as fake."",
  ""Nudge"": ""Be cautious of headlines that claim very specific and unusual historical moments, especially when the image description is vague or does not clearly support the claim. Always look for strong alignment between the text and image content before trusting such news.""
}"
/content/FakeNews/assets/content/fakeddit_images/286.jpg,my ladder was pretty surprised i was so high up,0,a blue plastic tray with a hole in it,Real,Fake,Fake,Fake,"The headline 'my ladder was pretty surprised i was so high up' sounds informal, quirky, and somewhat nonsensical, which is typical of humorous or fabricated content rather than serious news.",Fake,No,High,"My initial impression based on the headline was that this was likely fake or humorous content rather than genuine news. The AI-generated image description 'a blue plastic tray with a hole in it' does not align well with the headline about a ladder and being high up, indicating the description is not reliable or relevant. The vision tool detected concepts like construction site and crate but gave only borderline confidence for real, which does not strongly support the headline's claim. The text tool classified both the headline and the AI caption as fake with very high confidence, and the headline's sentiment was somewhat sensational or playful. The consistency tool showed very low similarity scores between the headline, caption, and image, confirming poor alignment and suggesting the image and caption do not support the headline. Overall, the forensic tools strongly support the initial intuition that this is fake content.","When encountering quirky or informal headlines, especially those that seem humorous or nonsensical, check if the accompanying image and description align well with the claim. Mismatches often indicate the content is not genuine news.","{
  ""Initial_Impression"": ""Fake"",
  ""Initial_Reasoning"": ""The headline 'my ladder was pretty surprised i was so high up' sounds informal, quirky, and somewhat nonsensical, which is typical of humorous or fabricated content rather than serious news."",
  ""Final_Decision"": ""Fake"",
  ""Did_Decision_Change"": ""No"",
  ""Decision_Confidence"": ""High"",
  ""Explanation"": ""My initial impression based on the headline was that this was likely fake or humorous content rather than genuine news. The AI-generated image description 'a blue plastic tray with a hole in it' does not align well with the headline about a ladder and being high up, indicating the description is not reliable or relevant. The vision tool detected concepts like construction site and crate but gave only borderline confidence for real, which does not strongly support the headline's claim. The text tool classified both the headline and the AI caption as fake with very high confidence, and the headline's sentiment was somewhat sensational or playful. The consistency tool showed very low similarity scores between the headline, caption, and image, confirming poor alignment and suggesting the image and caption do not support the headline. Overall, the forensic tools strongly support the initial intuition that this is fake content."",
  ""Nudge"": ""When encountering quirky or informal headlines, especially those that seem humorous or nonsensical, check if the accompanying image and description align well with the claim. Mismatches often indicate the content is not genuine news.""
}"
/content/FakeNews/assets/content/fakeddit_images/49.jpg,infant holding on for dear life,1,a baby in a shopping cart at a supermarket,Real,Fake,Real,Fake,"The headline 'infant holding on for dear life' sounds sensational and dramatic, which often indicates potential fake or exaggerated news.",Fake,No,Medium,"My initial impression was that the headline seemed sensational and likely fake. The AI-generated image description 'a baby in a shopping cart at a supermarket' is generally aligned with the headline but much less dramatic, suggesting the description is reliable but toned down. The vision tool detected relevant visual concepts like 'shopping cart' and classified the image as Real with moderate confidence, indicating the image itself is authentic. However, the text tool flagged the headline as Fake with high confidence, while the AI caption was flagged as Real with very high confidence, showing a discrepancy between the sensational headline and the more mundane image description. The consistency tool showed low to moderate similarity scores between headline, caption, and image, indicating weak alignment and supporting the idea that the headline exaggerates the actual content of the image. Overall, the tools confirmed my initial suspicion that the headline is misleading or sensationalized, making the news item Fake despite the real image and accurate caption.",Be cautious of headlines that use dramatic or emotional language; always check if the accompanying image and description support the claim before accepting it as true.,"{
  ""Initial_Impression"": ""Fake"",
  ""Initial_Reasoning"": ""The headline 'infant holding on for dear life' sounds sensational and dramatic, which often indicates potential fake or exaggerated news."",
  ""Final_Decision"": ""Fake"",
  ""Did_Decision_Change"": ""No"",
  ""Decision_Confidence"": ""Medium"",
  ""Explanation"": ""My initial impression was that the headline seemed sensational and likely fake. The AI-generated image description 'a baby in a shopping cart at a supermarket' is generally aligned with the headline but much less dramatic, suggesting the description is reliable but toned down. The vision tool detected relevant visual concepts like 'shopping cart' and classified the image as Real with moderate confidence, indicating the image itself is authentic. However, the text tool flagged the headline as Fake with high confidence, while the AI caption was flagged as Real with very high confidence, showing a discrepancy between the sensational headline and the more mundane image description. The consistency tool showed low to moderate similarity scores between headline, caption, and image, indicating weak alignment and supporting the idea that the headline exaggerates the actual content of the image. Overall, the tools confirmed my initial suspicion that the headline is misleading or sensationalized, making the news item Fake despite the real image and accurate caption."",
  ""Nudge"": ""Be cautious of headlines that use dramatic or emotional language; always check if the accompanying image and description support the claim before accepting it as true.""
}"
/content/FakeNews/assets/content/fakeddit_images/140.jpg,a coast from a distance,0,a sunset with clouds and a few street lights,Real,Fake,Real,Fake,"The headline 'a coast from a distance' is vague and lacks specific informative content, which often correlates with low credibility or clickbait style headlines.",Fake,No,High,"Initially, the headline seemed vague and uninformative, which raised suspicion about the news item's credibility. The AI-generated image description 'a sunset with clouds and a few street lights' was somewhat aligned but not strongly descriptive of a coast, suggesting some mismatch. The vision tool detected concepts like sky, orange, plane, windmill, and parachute, and classified the image as Real but with low confidence (around 0.5), indicating uncertainty. The text tool flagged the headline as Fake with very high confidence (0.98), while the AI caption was considered Real with high confidence (0.97). Sentiment analysis showed neutral tone, so no sensationalism was detected. The consistency tool showed low similarity scores between headline, caption, and image (all below 0.4), indicating weak alignment and poor coherence among the elements. This combination of a suspicious headline, low alignment, and the text tool's strong Fake classification for the headline supports the final decision that this news item is Fake. The tools confirmed my initial intuition without contradiction.","When evaluating vague or generic headlines, look for strong alignment between the headline, image, and description. If these elements don't clearly support each other, be cautious about trusting the content's authenticity.","{
  ""Initial_Impression"": ""Fake"",
  ""Initial_Reasoning"": ""The headline 'a coast from a distance' is vague and lacks specific informative content, which often correlates with low credibility or clickbait style headlines."",
  ""Final_Decision"": ""Fake"",
  ""Did_Decision_Change"": ""No"",
  ""Decision_Confidence"": ""High"",
  ""Explanation"": ""Initially, the headline seemed vague and uninformative, which raised suspicion about the news item's credibility. The AI-generated image description 'a sunset with clouds and a few street lights' was somewhat aligned but not strongly descriptive of a coast, suggesting some mismatch. The vision tool detected concepts like sky, orange, plane, windmill, and parachute, and classified the image as Real but with low confidence (around 0.5), indicating uncertainty. The text tool flagged the headline as Fake with very high confidence (0.98), while the AI caption was considered Real with high confidence (0.97). Sentiment analysis showed neutral tone, so no sensationalism was detected. The consistency tool showed low similarity scores between headline, caption, and image (all below 0.4), indicating weak alignment and poor coherence among the elements. This combination of a suspicious headline, low alignment, and the text tool's strong Fake classification for the headline supports the final decision that this news item is Fake. The tools confirmed my initial intuition without contradiction."",
  ""Nudge"": ""When evaluating vague or generic headlines, look for strong alignment between the headline, image, and description. If these elements don't clearly support each other, be cautious about trusting the content's authenticity.""
}"
/content/FakeNews/assets/content/fakeddit_images/53.jpg,man in bradford traffic queue given parking ticket,1,a car is seen in the rain with a red circle around it,Fake,Real,Real,Real,"The headline describes a plausible everyday event—a man in a traffic queue receiving a parking ticket—which is not sensational or extraordinary, so it seems likely to be real.",Real,No,Medium,"My initial impression was that the headline was real because it describes a believable and mundane situation without sensational language. The AI-generated image description, ""a car is seen in the rain with a red circle around it,"" aligns reasonably well with the headline about a car and a parking ticket, so I considered it reliable. The vision tool detected relevant visual concepts like 'car mirror' and 'parking garage outdoor,' but flagged the image as 'Fake' with low confidence (about 0.5), which is borderline and not strongly indicative. The text tool classified both the headline and the AI caption as real with high confidence, and the sentiment was neutral, supporting a non-sensational, factual tone. The consistency tool showed low but positive similarity scores between the headline, caption, and image, indicating some alignment but not strong semantic or visual matching. Overall, the forensic tools did not strongly contradict my initial impression, though the vision tool's borderline fake flag and low alignment scores suggest some uncertainty. Therefore, I maintain the decision that the news is real but with medium confidence due to mixed signals from the image analysis.","When evaluating news about everyday events, consider whether the story is plausible and check if the image and description clearly support the claim. Be cautious if the image analysis shows weak alignment or low confidence, as this might indicate manipulation or misleading context.","{
  ""Initial_Impression"": ""Real"",
  ""Initial_Reasoning"": ""The headline describes a plausible everyday event—a man in a traffic queue receiving a parking ticket—which is not sensational or extraordinary, so it seems likely to be real."",
  ""Final_Decision"": ""Real"",
  ""Did_Decision_Change"": ""No"",
  ""Decision_Confidence"": ""Medium"",
  ""Explanation"": ""My initial impression was that the headline was real because it describes a believable and mundane situation without sensational language. The AI-generated image description, \""a car is seen in the rain with a red circle around it,\"" aligns reasonably well with the headline about a car and a parking ticket, so I considered it reliable. The vision tool detected relevant visual concepts like 'car mirror' and 'parking garage outdoor,' but flagged the image as 'Fake' with low confidence (about 0.5), which is borderline and not strongly indicative. The text tool classified both the headline and the AI caption as real with high confidence, and the sentiment was neutral, supporting a non-sensational, factual tone. The consistency tool showed low but positive similarity scores between the headline, caption, and image, indicating some alignment but not strong semantic or visual matching. Overall, the forensic tools did not strongly contradict my initial impression, though the vision tool's borderline fake flag and low alignment scores suggest some uncertainty. Therefore, I maintain the decision that the news is real but with medium confidence due to mixed signals from the image analysis."",
  ""Nudge"": ""When evaluating news about everyday events, consider whether the story is plausible and check if the image and description clearly support the claim. Be cautious if the image analysis shows weak alignment or low confidence, as this might indicate manipulation or misleading context.""
}"
/content/FakeNews/assets/content/fakeddit_images/292.jpg,nanaimo homeless man returns diamond ring to grateful owner,1,a man hugging a woman in front of a car,Real,Real,Fake,Real,"The headline describes a positive, plausible event of a homeless man returning a diamond ring, which is a believable human interest story without sensational or extraordinary claims.",Real,No,Medium,"My initial impression was that the headline seemed real because it tells a straightforward, positive story that is plausible and not sensationalized. The AI-generated image description, 'a man hugging a woman in front of a car,' is somewhat aligned with the headline's theme of gratitude but is vague and not specific to the event described. The vision tool detected some unrelated visual concepts but classified the image as Real with moderate confidence. The text tool strongly classified the headline as Real with very high confidence, while it flagged the AI caption as Fake with moderate confidence, likely due to its generic nature. Sentiment analysis showed the headline has a positive tone, consistent with a genuine feel-good story. The consistency tool showed low but positive similarity scores between the headline, caption, and image, indicating some alignment but not strong direct correlation. Overall, the tools support the headline's authenticity, though the image and caption are only loosely related. This does not undermine the headline's credibility, so I maintain the decision that the news is Real with medium confidence due to some ambiguity in the image-caption alignment.","When evaluating similar content, focus on the plausibility and tone of the headline first, then check if the image and description directly support the claim rather than just being vaguely related or emotional. This helps spot when images or captions might be misleading or generic fillers.","{
  ""Initial_Impression"": ""Real"",
  ""Initial_Reasoning"": ""The headline describes a positive, plausible event of a homeless man returning a diamond ring, which is a believable human interest story without sensational or extraordinary claims."",
  ""Final_Decision"": ""Real"",
  ""Did_Decision_Change"": ""No"",
  ""Decision_Confidence"": ""Medium"",
  ""Explanation"": ""My initial impression was that the headline seemed real because it tells a straightforward, positive story that is plausible and not sensationalized. The AI-generated image description, 'a man hugging a woman in front of a car,' is somewhat aligned with the headline's theme of gratitude but is vague and not specific to the event described. The vision tool detected some unrelated visual concepts but classified the image as Real with moderate confidence. The text tool strongly classified the headline as Real with very high confidence, while it flagged the AI caption as Fake with moderate confidence, likely due to its generic nature. Sentiment analysis showed the headline has a positive tone, consistent with a genuine feel-good story. The consistency tool showed low but positive similarity scores between the headline, caption, and image, indicating some alignment but not strong direct correlation. Overall, the tools support the headline's authenticity, though the image and caption are only loosely related. This does not undermine the headline's credibility, so I maintain the decision that the news is Real with medium confidence due to some ambiguity in the image-caption alignment."",
  ""Nudge"": ""When evaluating similar content, focus on the plausibility and tone of the headline first, then check if the image and description directly support the claim rather than just being vaguely related or emotional. This helps spot when images or captions might be misleading or generic fillers.""
}"
/content/FakeNews/assets/content/fakeddit_images/35.jpg,a field of broccoli,0,a large group of hulk figurines in a factory,Real,Fake,Real,Fake,"The headline 'a field of broccoli' is very generic and simple, which could be a benign description, but it also lacks context or newsworthiness, making it suspicious as a news headline.",Fake,No,High,"Initially, the headline 'a field of broccoli' seemed too generic and not like a typical news headline, raising suspicion of it being fake or misleading. The AI image description 'a large group of hulk figurines in a factory' is clearly not aligned with the headline, indicating a mismatch and unreliability of the description. The vision tool detected visual concepts related to vegetables like broccoli and cabbage, and classified the image as Real with moderate confidence, which supports the headline's claim about broccoli. However, the text tool flagged the headline as Fake with very high confidence, likely because the headline alone is not a credible news claim. The AI caption was flagged as Real but it is unrelated to the headline. The consistency tool showed very low similarity scores between the headline, caption, and image, confirming the mismatch and inconsistency. Overall, the tools confirm that the headline is misleading or fake news, especially given the unrelated AI caption and the generic nature of the headline. Therefore, the final decision remains Fake with high confidence.",Be cautious of headlines that are overly generic or lack context; always check if the accompanying image and description logically align with the headline to spot inconsistencies that may indicate misinformation.,"{
  ""Initial_Impression"": ""Fake"",
  ""Initial_Reasoning"": ""The headline 'a field of broccoli' is very generic and simple, which could be a benign description, but it also lacks context or newsworthiness, making it suspicious as a news headline."",
  ""Final_Decision"": ""Fake"",
  ""Did_Decision_Change"": ""No"",
  ""Decision_Confidence"": ""High"",
  ""Explanation"": ""Initially, the headline 'a field of broccoli' seemed too generic and not like a typical news headline, raising suspicion of it being fake or misleading. The AI image description 'a large group of hulk figurines in a factory' is clearly not aligned with the headline, indicating a mismatch and unreliability of the description. The vision tool detected visual concepts related to vegetables like broccoli and cabbage, and classified the image as Real with moderate confidence, which supports the headline's claim about broccoli. However, the text tool flagged the headline as Fake with very high confidence, likely because the headline alone is not a credible news claim. The AI caption was flagged as Real but it is unrelated to the headline. The consistency tool showed very low similarity scores between the headline, caption, and image, confirming the mismatch and inconsistency. Overall, the tools confirm that the headline is misleading or fake news, especially given the unrelated AI caption and the generic nature of the headline. Therefore, the final decision remains Fake with high confidence."",
  ""Nudge"": ""Be cautious of headlines that are overly generic or lack context; always check if the accompanying image and description logically align with the headline to spot inconsistencies that may indicate misinformation.""
}"
/content/FakeNews/assets/content/fakeddit_images/163.jpg,a security officer about to invent the dab,0,a man in a white shirt is bending over a table,Real,Fake,Fake,Fake,"The headline 'a security officer about to invent the dab' sounds implausible and sensational, suggesting a humorous or fabricated story rather than a factual news item.",Fake,No,High,"My initial impression based on the headline was that this news item is likely fake due to its sensational and unlikely claim. The AI-generated image description 'a man in a white shirt is bending over a table' is somewhat vague and does not strongly support the headline, but it is not contradictory either. The vision tool detected concepts unrelated to the headline's claim and classified the image as Real but with low confidence (around 0.5), indicating no strong evidence from the image itself to support the headline. The text tool flagged both the headline and the AI caption as Fake with very high confidence, reinforcing the suspicion that the content is fabricated or misleading. Sentiment analysis showed mild sensationalism in the headline but neutral tone in the caption. The consistency tool showed low similarity scores between the headline, caption, and image, indicating poor alignment and weak support for the headline's claim. Overall, the forensic tools confirmed my initial intuition that this is a fake news item, and I maintain a high confidence in this decision.",Be cautious of headlines that make unusual or humorous claims without clear evidence; always check if the accompanying image and description logically support the headline before accepting it as true.,"{
  ""Initial_Impression"": ""Fake"",
  ""Initial_Reasoning"": ""The headline 'a security officer about to invent the dab' sounds implausible and sensational, suggesting a humorous or fabricated story rather than a factual news item."",
  ""Final_Decision"": ""Fake"",
  ""Did_Decision_Change"": ""No"",
  ""Decision_Confidence"": ""High"",
  ""Explanation"": ""My initial impression based on the headline was that this news item is likely fake due to its sensational and unlikely claim. The AI-generated image description 'a man in a white shirt is bending over a table' is somewhat vague and does not strongly support the headline, but it is not contradictory either. The vision tool detected concepts unrelated to the headline's claim and classified the image as Real but with low confidence (around 0.5), indicating no strong evidence from the image itself to support the headline. The text tool flagged both the headline and the AI caption as Fake with very high confidence, reinforcing the suspicion that the content is fabricated or misleading. Sentiment analysis showed mild sensationalism in the headline but neutral tone in the caption. The consistency tool showed low similarity scores between the headline, caption, and image, indicating poor alignment and weak support for the headline's claim. Overall, the forensic tools confirmed my initial intuition that this is a fake news item, and I maintain a high confidence in this decision."",
  ""Nudge"": ""Be cautious of headlines that make unusual or humorous claims without clear evidence; always check if the accompanying image and description logically support the headline before accepting it as true.""
}"
/content/FakeNews/assets/content/fakeddit_images/126.jpg,peeled off sticker looks like a donkey,0,a piece of paper with a sticker on it,Real,Fake,Fake,Fake,The headline 'peeled off sticker looks like a donkey' sounds like a trivial or misleading claim that could be clickbait or a joke rather than serious news.,Fake,No,Medium,"Initially, the headline seemed like a trivial or potentially misleading claim, suggesting it might be fake news or clickbait. The AI-generated image description 'a piece of paper with a sticker on it' was somewhat aligned but vague and not very informative. The vision tool detected concepts related to paper objects and classified the image as Real but with low confidence (around 0.5), indicating uncertainty. The text tool flagged both the headline and the AI caption as Fake with relatively high confidence, especially the caption. Sentiment analysis showed mild sensationalism in the headline but neutral in the caption. The consistency tool showed moderate semantic similarity between the headline and caption (0.47) but low cross-modal similarity between the image and both texts (around 0.26-0.28), indicating weak alignment. Overall, the forensic tools supported the initial impression that this is likely fake or misleading content, though the image itself is real. The evidence is mixed but leans toward Fake due to the nature of the claim and text analysis.","When encountering unusual or trivial headlines, consider whether the claim is meaningful or just clickbait, and check if the image and description strongly support the claim before accepting it as true.","{
  ""Initial_Impression"": ""Fake"",
  ""Initial_Reasoning"": ""The headline 'peeled off sticker looks like a donkey' sounds like a trivial or misleading claim that could be clickbait or a joke rather than serious news."",
  ""Final_Decision"": ""Fake"",
  ""Did_Decision_Change"": ""No"",
  ""Decision_Confidence"": ""Medium"",
  ""Explanation"": ""Initially, the headline seemed like a trivial or potentially misleading claim, suggesting it might be fake news or clickbait. The AI-generated image description 'a piece of paper with a sticker on it' was somewhat aligned but vague and not very informative. The vision tool detected concepts related to paper objects and classified the image as Real but with low confidence (around 0.5), indicating uncertainty. The text tool flagged both the headline and the AI caption as Fake with relatively high confidence, especially the caption. Sentiment analysis showed mild sensationalism in the headline but neutral in the caption. The consistency tool showed moderate semantic similarity between the headline and caption (0.47) but low cross-modal similarity between the image and both texts (around 0.26-0.28), indicating weak alignment. Overall, the forensic tools supported the initial impression that this is likely fake or misleading content, though the image itself is real. The evidence is mixed but leans toward Fake due to the nature of the claim and text analysis."",
  ""Nudge"": ""When encountering unusual or trivial headlines, consider whether the claim is meaningful or just clickbait, and check if the image and description strongly support the claim before accepting it as true.""
}"
/content/FakeNews/assets/content/fakeddit_images/205.jpg,years old me having just caught my cat,1,a young boy standing on a porch holding a fishing pole,Real,Real,Real,Fake,"The headline 'years old me having just caught my cat' is vague and somewhat nonsensical, lacking clear context or grammatical structure, which raises suspicion about its authenticity.",Fake,No,High,"Initially, the headline seemed suspicious due to its unclear and incomplete phrasing, which suggested it might be fake or misleading. The AI-generated image description 'a young boy standing on a porch holding a fishing pole' does not align well with the headline about catching a cat, indicating a mismatch and reducing the reliability of the description. The vision tool detected unrelated visual concepts such as 'ice lolly,' 'Polaroid camera,' and 'beer bottle,' and classified the image as Real but with low confidence (0.50), suggesting the image content is ambiguous or not clearly related to the headline. The text tool classified both the headline and the AI caption as Real with high confidence, but their neutral sentiment and the low semantic similarity scores from the consistency tool (around 0.24-0.29) show poor alignment between the headline, caption, and image. This weak alignment and the mismatch between the headline and image description reinforce the initial impression that the news item is likely fake or at least misleading. Therefore, the final decision remains Fake with high confidence.","When evaluating similar content, pay close attention to whether the headline clearly matches the image and description; vague or poorly phrased headlines combined with unrelated images often indicate misinformation or fake news.","{
  ""Initial_Impression"": ""Fake"",
  ""Initial_Reasoning"": ""The headline 'years old me having just caught my cat' is vague and somewhat nonsensical, lacking clear context or grammatical structure, which raises suspicion about its authenticity."",
  ""Final_Decision"": ""Fake"",
  ""Did_Decision_Change"": ""No"",
  ""Decision_Confidence"": ""High"",
  ""Explanation"": ""Initially, the headline seemed suspicious due to its unclear and incomplete phrasing, which suggested it might be fake or misleading. The AI-generated image description 'a young boy standing on a porch holding a fishing pole' does not align well with the headline about catching a cat, indicating a mismatch and reducing the reliability of the description. The vision tool detected unrelated visual concepts such as 'ice lolly,' 'Polaroid camera,' and 'beer bottle,' and classified the image as Real but with low confidence (0.50), suggesting the image content is ambiguous or not clearly related to the headline. The text tool classified both the headline and the AI caption as Real with high confidence, but their neutral sentiment and the low semantic similarity scores from the consistency tool (around 0.24-0.29) show poor alignment between the headline, caption, and image. This weak alignment and the mismatch between the headline and image description reinforce the initial impression that the news item is likely fake or at least misleading. Therefore, the final decision remains Fake with high confidence."",
  ""Nudge"": ""When evaluating similar content, pay close attention to whether the headline clearly matches the image and description; vague or poorly phrased headlines combined with unrelated images often indicate misinformation or fake news.""
}"
/content/FakeNews/assets/content/fakeddit_images/131.jpg,my colleagues bag looks pretty satisfied,0,a laptop and a purse on a desk next to a window,Real,Fake,Fake,Fake,"The headline 'my colleagues bag looks pretty satisfied' is unusual and nonsensical, implying a personification of an inanimate object, which is a common trait in misleading or fake content.",Fake,No,High,"My initial impression based on the headline alone was that this news item is likely fake due to the odd and nonsensical phrasing that personifies a bag as being 'satisfied.' The AI-generated image description 'a laptop and a purse on a desk next to a window' is somewhat aligned with the headline in terms of content (mentioning a bag/purse), so it is somewhat reliable as a complement. The vision tool detected relevant visual concepts such as 'purse' and 'laptop' and classified the image as Real but with low confidence (around 0.5), indicating the image itself is likely authentic. However, the text tool flagged both the headline and the AI caption as Fake with very high confidence, and the headline's sentiment score was quite high, indicating sensational or unusual wording. The consistency tool showed low to moderate similarity scores between the headline, caption, and image (all around 0.3 to 0.38), indicating weak alignment and suggesting the headline is not well supported by the image or caption. Overall, the forensic tools confirmed my initial suspicion that the headline is misleading or nonsensical, and despite the image being real, the content as a news item is fake. Therefore, I maintain the classification as Fake with high confidence.","Be cautious of headlines that use unusual or personifying language about objects or situations, as these can be signs of misleading or fake news. Always check if the headline meaningfully aligns with the image and description before trusting the content.","{
  ""Initial_Impression"": ""Fake"",
  ""Initial_Reasoning"": ""The headline 'my colleagues bag looks pretty satisfied' is unusual and nonsensical, implying a personification of an inanimate object, which is a common trait in misleading or fake content."",
  ""Final_Decision"": ""Fake"",
  ""Did_Decision_Change"": ""No"",
  ""Decision_Confidence"": ""High"",
  ""Explanation"": ""My initial impression based on the headline alone was that this news item is likely fake due to the odd and nonsensical phrasing that personifies a bag as being 'satisfied.' The AI-generated image description 'a laptop and a purse on a desk next to a window' is somewhat aligned with the headline in terms of content (mentioning a bag/purse), so it is somewhat reliable as a complement. The vision tool detected relevant visual concepts such as 'purse' and 'laptop' and classified the image as Real but with low confidence (around 0.5), indicating the image itself is likely authentic. However, the text tool flagged both the headline and the AI caption as Fake with very high confidence, and the headline's sentiment score was quite high, indicating sensational or unusual wording. The consistency tool showed low to moderate similarity scores between the headline, caption, and image (all around 0.3 to 0.38), indicating weak alignment and suggesting the headline is not well supported by the image or caption. Overall, the forensic tools confirmed my initial suspicion that the headline is misleading or nonsensical, and despite the image being real, the content as a news item is fake. Therefore, I maintain the classification as Fake with high confidence."",
  ""Nudge"": ""Be cautious of headlines that use unusual or personifying language about objects or situations, as these can be signs of misleading or fake news. Always check if the headline meaningfully aligns with the image and description before trusting the content.""
}"
/content/FakeNews/assets/content/fakeddit_images/283.jpg,my grandads vintage poker dice,1,a game of dice and a piece of paper on a table,Fake,Real,Fake,Real,"The headline 'my grandads vintage poker dice' sounds like a personal, benign statement about a family heirloom, which is unlikely to be malicious or fake news.",Fake,Yes,Medium,"Initially, the headline suggested a simple, genuine personal story about vintage poker dice, which seemed real and benign. The AI image description 'a game of dice and a piece of paper on a table' was somewhat aligned but generic and not very specific. The vision tool flagged the image as Fake with moderate confidence, detecting unrelated objects like slide rule and letter opener, which do not strongly support the headline's claim. The text tool classified the headline as Real with high confidence but flagged the AI caption as Fake with very high confidence, indicating the caption might be misleading or fabricated. The consistency tool showed moderate semantic similarity between headline and caption (0.57), but low cross-modal similarity between image and text (0.30) and image and caption (0.33), suggesting the image content does not strongly support either the headline or the caption. This mismatch and the vision tool's Fake classification suggest the image and caption do not reliably represent the headline's claim, leading to a final classification of Fake. The confidence is medium due to some alignment in text but overall weak image support.","When evaluating similar content, pay close attention to whether the image truly matches the headline's claim and be cautious if the image or caption seems generic or unrelated, as this can indicate misleading or fabricated content.","{
  ""Initial_Impression"": ""Real"",
  ""Initial_Reasoning"": ""The headline 'my grandads vintage poker dice' sounds like a personal, benign statement about a family heirloom, which is unlikely to be malicious or fake news."",
  ""Final_Decision"": ""Fake"",
  ""Did_Decision_Change"": ""Yes"",
  ""Decision_Confidence"": ""Medium"",
  ""Explanation"": ""Initially, the headline suggested a simple, genuine personal story about vintage poker dice, which seemed real and benign. The AI image description 'a game of dice and a piece of paper on a table' was somewhat aligned but generic and not very specific. The vision tool flagged the image as Fake with moderate confidence, detecting unrelated objects like slide rule and letter opener, which do not strongly support the headline's claim. The text tool classified the headline as Real with high confidence but flagged the AI caption as Fake with very high confidence, indicating the caption might be misleading or fabricated. The consistency tool showed moderate semantic similarity between headline and caption (0.57), but low cross-modal similarity between image and text (0.30) and image and caption (0.33), suggesting the image content does not strongly support either the headline or the caption. This mismatch and the vision tool's Fake classification suggest the image and caption do not reliably represent the headline's claim, leading to a final classification of Fake. The confidence is medium due to some alignment in text but overall weak image support."",
  ""Nudge"": ""When evaluating similar content, pay close attention to whether the image truly matches the headline's claim and be cautious if the image or caption seems generic or unrelated, as this can indicate misleading or fabricated content.""
}"
/content/FakeNews/assets/content/fakeddit_images/224.jpg,cake slice looking a little smug,0,a slice of chocolate cake on a plate,Real,Fake,Fake,Fake,"The headline 'cake slice looking a little smug' is unusual and personifies a cake slice, which suggests a humorous or sensational tone rather than a straightforward news item.",Fake,No,High,"My initial impression was that the headline was likely fake due to its personification and informal tone, which is uncommon in genuine news headlines. The AI-generated image description 'a slice of chocolate cake on a plate' aligns reasonably well with the headline, indicating the description is reliable. The vision tool detected relevant visual concepts and classified the image as Real but with low confidence, suggesting the image itself is not manipulated. However, the text tool strongly flagged both the headline and the AI caption as Fake with very high confidence, indicating the textual content is likely misleading or not genuine news. The sentiment scores were low, showing no extreme sensationalism, but the consistency tool showed moderate semantic similarity between headline and caption (0.58) but low cross-modal similarity between image and text/caption (~0.3), indicating the image does not strongly support the textual claims. Overall, the forensic tools confirmed my initial suspicion that this is not a genuine news item but rather a piece of fake or humorous content. Therefore, I maintain the classification as Fake with high confidence.","Be cautious of headlines that use personification or unusual, informal language, as they often indicate humor, satire, or fake news rather than factual reporting.","{
  ""Initial_Impression"": ""Fake"",
  ""Initial_Reasoning"": ""The headline 'cake slice looking a little smug' is unusual and personifies a cake slice, which suggests a humorous or sensational tone rather than a straightforward news item."",
  ""Final_Decision"": ""Fake"",
  ""Did_Decision_Change"": ""No"",
  ""Decision_Confidence"": ""High"",
  ""Explanation"": ""My initial impression was that the headline was likely fake due to its personification and informal tone, which is uncommon in genuine news headlines. The AI-generated image description 'a slice of chocolate cake on a plate' aligns reasonably well with the headline, indicating the description is reliable. The vision tool detected relevant visual concepts and classified the image as Real but with low confidence, suggesting the image itself is not manipulated. However, the text tool strongly flagged both the headline and the AI caption as Fake with very high confidence, indicating the textual content is likely misleading or not genuine news. The sentiment scores were low, showing no extreme sensationalism, but the consistency tool showed moderate semantic similarity between headline and caption (0.58) but low cross-modal similarity between image and text/caption (~0.3), indicating the image does not strongly support the textual claims. Overall, the forensic tools confirmed my initial suspicion that this is not a genuine news item but rather a piece of fake or humorous content. Therefore, I maintain the classification as Fake with high confidence."",
  ""Nudge"": ""Be cautious of headlines that use personification or unusual, informal language, as they often indicate humor, satire, or fake news rather than factual reporting.""
}"
/content/FakeNews/assets/content/fakeddit_images/181.jpg,a woman tracked down the sheikh who saved her grandfather and gave him a home,1,two men in traditional clothing walking through a desert area,Real,Real,Real,Real,"The headline describes a plausible and positive human interest story about a woman finding the sheikh who helped her grandfather, which does not raise immediate suspicion of falsehood.",Real,No,Medium,"Initially, the headline seemed credible as it tells a heartfelt story that is not sensational or extraordinary. The AI image description, while somewhat generic, aligns reasonably with the headline by depicting men in traditional clothing in a desert setting, which fits the cultural context implied by the headline. The vision tool detected relevant visual concepts such as 'abaya' and 'medina' and classified the image as Real with moderate confidence. The text tool strongly classified the headline as Real and also found the AI caption to be Real, though with less confidence. Sentiment analysis showed the headline has a mild positive tone, consistent with a genuine story, and the caption was neutral. The consistency tool showed low but positive similarity scores between the headline, caption, and image, indicating some alignment but not strong semantic overlap, likely due to the caption's generic nature. Overall, the forensic evidence supports the initial impression that this is Real content, though the moderate confidence reflects some ambiguity in the image-caption alignment.","When evaluating similar news, pay attention to whether the image and description provide specific, detailed context that directly supports the headline, rather than generic or loosely related visuals, as this can help identify more subtle misinformation.","{
  ""Initial_Impression"": ""Real"",
  ""Initial_Reasoning"": ""The headline describes a plausible and positive human interest story about a woman finding the sheikh who helped her grandfather, which does not raise immediate suspicion of falsehood."",
  ""Final_Decision"": ""Real"",
  ""Did_Decision_Change"": ""No"",
  ""Decision_Confidence"": ""Medium"",
  ""Explanation"": ""Initially, the headline seemed credible as it tells a heartfelt story that is not sensational or extraordinary. The AI image description, while somewhat generic, aligns reasonably with the headline by depicting men in traditional clothing in a desert setting, which fits the cultural context implied by the headline. The vision tool detected relevant visual concepts such as 'abaya' and 'medina' and classified the image as Real with moderate confidence. The text tool strongly classified the headline as Real and also found the AI caption to be Real, though with less confidence. Sentiment analysis showed the headline has a mild positive tone, consistent with a genuine story, and the caption was neutral. The consistency tool showed low but positive similarity scores between the headline, caption, and image, indicating some alignment but not strong semantic overlap, likely due to the caption's generic nature. Overall, the forensic evidence supports the initial impression that this is Real content, though the moderate confidence reflects some ambiguity in the image-caption alignment."",
  ""Nudge"": ""When evaluating similar news, pay attention to whether the image and description provide specific, detailed context that directly supports the headline, rather than generic or loosely related visuals, as this can help identify more subtle misinformation.""
}"
/content/FakeNews/assets/content/fakeddit_images/235.jpg,sorry i lied so much,0,a computer mouse and keyboard on a desk,Real,Fake,Fake,Fake,The headline 'sorry i lied so much' sounds like a sensational or emotional statement that is often used in misleading or manipulative content rather than straightforward news.,Fake,No,High,"My initial impression was that the headline seemed sensational and likely to be fake news due to its vague and emotional nature without context. The AI-generated image description 'a computer mouse and keyboard on a desk' is only loosely related and generic, which reduces its reliability as a complement to the headline. The vision tool detected relevant computer-related objects and classified the image as Real but with low confidence, indicating the image itself is not suspicious. However, the text tool strongly flagged both the headline and the AI caption as Fake with high confidence, and the headline sentiment was negative, consistent with sensational or manipulative content. The consistency tool showed very low similarity scores between the headline, caption, and image, indicating poor alignment and suggesting the image and caption do not support the headline's claim. Overall, the forensic evidence supports the initial intuition that this is likely fake news, as the headline is misleading and the image and caption do not substantiate it.","Be cautious of headlines that are vague, emotional, or sensational without clear context or supporting evidence; always check if the accompanying image and description logically align with the claim before trusting the content.","{
  ""Initial_Impression"": ""Fake"",
  ""Initial_Reasoning"": ""The headline 'sorry i lied so much' sounds like a sensational or emotional statement that is often used in misleading or manipulative content rather than straightforward news."",
  ""Final_Decision"": ""Fake"",
  ""Did_Decision_Change"": ""No"",
  ""Decision_Confidence"": ""High"",
  ""Explanation"": ""My initial impression was that the headline seemed sensational and likely to be fake news due to its vague and emotional nature without context. The AI-generated image description 'a computer mouse and keyboard on a desk' is only loosely related and generic, which reduces its reliability as a complement to the headline. The vision tool detected relevant computer-related objects and classified the image as Real but with low confidence, indicating the image itself is not suspicious. However, the text tool strongly flagged both the headline and the AI caption as Fake with high confidence, and the headline sentiment was negative, consistent with sensational or manipulative content. The consistency tool showed very low similarity scores between the headline, caption, and image, indicating poor alignment and suggesting the image and caption do not support the headline's claim. Overall, the forensic evidence supports the initial intuition that this is likely fake news, as the headline is misleading and the image and caption do not substantiate it."",
  ""Nudge"": ""Be cautious of headlines that are vague, emotional, or sensational without clear context or supporting evidence; always check if the accompanying image and description logically align with the claim before trusting the content.""
}"
/content/FakeNews/assets/content/fakeddit_images/274.jpg,chief judge says he and his colleagues discarded arrest warrants issued over five years for qualityoflife crimes like sleeping on the sidewalk because it made no sense to lock people up for fines they couldnt afford,1,a judge's gavel on a table with books and a gavel,Real,Real,Real,Real,"The headline discusses a plausible judicial policy decision about discarding arrest warrants for minor quality-of-life offenses, which aligns with known trends in criminal justice reform.",Real,No,High,"My initial impression was that the news is real because the headline describes a credible and socially relevant judicial stance on minor offenses, which is consistent with ongoing reforms. The AI-generated image description of a judge's gavel and books aligns well with the judicial theme of the headline, making the description reliable. The vision tool detected relevant visual concepts such as courthouse and pedestal, and classified the image as Real with moderate confidence. The text tool strongly classified both the headline and the AI caption as Real, with the headline showing a negative sentiment consistent with the serious nature of the topic. The consistency tool showed moderate but positive alignment between the headline, caption, and image, indicating no contradictions. Overall, the forensic tools confirmed my initial judgment, supporting a high-confidence classification of this news item as Real.","When evaluating news about legal or policy decisions, consider whether the claims align with known social trends and reforms, and check if the accompanying images and descriptions logically support the headline's context.","{
  ""Initial_Impression"": ""Real"",
  ""Initial_Reasoning"": ""The headline discusses a plausible judicial policy decision about discarding arrest warrants for minor quality-of-life offenses, which aligns with known trends in criminal justice reform."",
  ""Final_Decision"": ""Real"",
  ""Did_Decision_Change"": ""No"",
  ""Decision_Confidence"": ""High"",
  ""Explanation"": ""My initial impression was that the news is real because the headline describes a credible and socially relevant judicial stance on minor offenses, which is consistent with ongoing reforms. The AI-generated image description of a judge's gavel and books aligns well with the judicial theme of the headline, making the description reliable. The vision tool detected relevant visual concepts such as courthouse and pedestal, and classified the image as Real with moderate confidence. The text tool strongly classified both the headline and the AI caption as Real, with the headline showing a negative sentiment consistent with the serious nature of the topic. The consistency tool showed moderate but positive alignment between the headline, caption, and image, indicating no contradictions. Overall, the forensic tools confirmed my initial judgment, supporting a high-confidence classification of this news item as Real."",
  ""Nudge"": ""When evaluating news about legal or policy decisions, consider whether the claims align with known social trends and reforms, and check if the accompanying images and descriptions logically support the headline's context.""
}"
/content/FakeNews/assets/content/fakeddit_images/146.jpg,this overused scrub daddy,1,a piece of food that looks like a face sitting in a sink,Real,Real,Fake,Fake,"The headline 'this overused scrub daddy' is vague and somewhat nonsensical, which raises suspicion about the seriousness or authenticity of the news item.",Fake,No,Medium,"Initially, the headline seemed suspicious due to its vague and informal nature, suggesting it might be fake or not a serious news item. The AI image description 'a piece of food that looks like a face sitting in a sink' does not strongly align with the headline, indicating some disconnect. The vision tool detected concepts like jack-o'-lantern and spaghetti squash, which are food-related but not clearly connected to the headline about a 'scrub daddy' (a cleaning sponge). The vision tool classified the image as Real but with low confidence (about 51%). The text tool classified the headline as Real with high confidence but flagged the AI caption as Fake with moderate confidence, and the caption had a somewhat sensational sentiment score. The consistency tool showed low similarity scores between headline, caption, and image (all around 0.16 to 0.32), indicating weak alignment. Overall, the forensic tools confirm the initial suspicion that the content is likely fake or at least misleading, as the headline and image content do not align well, and the caption seems fabricated or irrelevant. Therefore, the final decision remains Fake with medium confidence due to some ambiguity in the image classification.","When encountering vague or informal headlines, especially those that seem disconnected from the image or description, question the coherence and look for strong alignment between headline, image, and caption to assess credibility.","{
  ""Initial_Impression"": ""Fake"",
  ""Initial_Reasoning"": ""The headline 'this overused scrub daddy' is vague and somewhat nonsensical, which raises suspicion about the seriousness or authenticity of the news item."",
  ""Final_Decision"": ""Fake"",
  ""Did_Decision_Change"": ""No"",
  ""Decision_Confidence"": ""Medium"",
  ""Explanation"": ""Initially, the headline seemed suspicious due to its vague and informal nature, suggesting it might be fake or not a serious news item. The AI image description 'a piece of food that looks like a face sitting in a sink' does not strongly align with the headline, indicating some disconnect. The vision tool detected concepts like jack-o'-lantern and spaghetti squash, which are food-related but not clearly connected to the headline about a 'scrub daddy' (a cleaning sponge). The vision tool classified the image as Real but with low confidence (about 51%). The text tool classified the headline as Real with high confidence but flagged the AI caption as Fake with moderate confidence, and the caption had a somewhat sensational sentiment score. The consistency tool showed low similarity scores between headline, caption, and image (all around 0.16 to 0.32), indicating weak alignment. Overall, the forensic tools confirm the initial suspicion that the content is likely fake or at least misleading, as the headline and image content do not align well, and the caption seems fabricated or irrelevant. Therefore, the final decision remains Fake with medium confidence due to some ambiguity in the image classification."",
  ""Nudge"": ""When encountering vague or informal headlines, especially those that seem disconnected from the image or description, question the coherence and look for strong alignment between headline, image, and caption to assess credibility.""
}"
/content/FakeNews/assets/content/fakeddit_images/145.jpg,did you know theres a talking gorilla,0,a woman is hugging a gorilla in front of a tree,Real,Fake,Fake,Fake,"The headline 'did you know theres a talking gorilla' sounds sensational and unlikely, suggesting a fake or exaggerated claim.",Fake,No,High,"My initial impression based on the headline alone was that this news is likely fake because the claim of a 'talking gorilla' is extraordinary and sensational, which often signals misinformation. The AI-generated image description 'a woman is hugging a gorilla in front of a tree' is somewhat aligned with the headline but does not support the extraordinary claim of talking. The vision tool detected a gorilla and related primates in the image and classified the image as Real with moderate confidence, indicating the image itself is likely authentic. However, the text tool flagged both the headline and the AI caption as fake with high confidence, reflecting skepticism about the claim and the description's relevance. The sentiment analysis showed the headline is neutral but the caption has some positive sentiment, possibly due to the affectionate scene. The consistency tool showed low to moderate alignment scores between the headline, caption, and image, indicating weak semantic and cross-modal consistency. Overall, the tools confirm that while the image is real, the claim in the headline is false or misleading, and the description does not substantiate the sensational claim. Therefore, the final decision remains that this news item is fake with high confidence.",Be cautious of sensational headlines that make extraordinary claims without clear evidence; always check if the image and description truly support the headline before believing or sharing such content.,"{
  ""Initial_Impression"": ""Fake"",
  ""Initial_Reasoning"": ""The headline 'did you know theres a talking gorilla' sounds sensational and unlikely, suggesting a fake or exaggerated claim."",
  ""Final_Decision"": ""Fake"",
  ""Did_Decision_Change"": ""No"",
  ""Decision_Confidence"": ""High"",
  ""Explanation"": ""My initial impression based on the headline alone was that this news is likely fake because the claim of a 'talking gorilla' is extraordinary and sensational, which often signals misinformation. The AI-generated image description 'a woman is hugging a gorilla in front of a tree' is somewhat aligned with the headline but does not support the extraordinary claim of talking. The vision tool detected a gorilla and related primates in the image and classified the image as Real with moderate confidence, indicating the image itself is likely authentic. However, the text tool flagged both the headline and the AI caption as fake with high confidence, reflecting skepticism about the claim and the description's relevance. The sentiment analysis showed the headline is neutral but the caption has some positive sentiment, possibly due to the affectionate scene. The consistency tool showed low to moderate alignment scores between the headline, caption, and image, indicating weak semantic and cross-modal consistency. Overall, the tools confirm that while the image is real, the claim in the headline is false or misleading, and the description does not substantiate the sensational claim. Therefore, the final decision remains that this news item is fake with high confidence."",
  ""Nudge"": ""Be cautious of sensational headlines that make extraordinary claims without clear evidence; always check if the image and description truly support the headline before believing or sharing such content.""
}"
/content/FakeNews/assets/content/fakeddit_images/204.jpg,lonely bear sitting at picnic table,1,a bear sitting on a picnic table,Real,Real,Fake,Real,"The headline 'lonely bear sitting at picnic table' sounds plausible and straightforward, describing a natural scene that could easily occur in wildlife contexts.",Real,No,Medium,"My initial impression was that the headline was real because it describes a believable scenario of a bear sitting at a picnic table, which is a common enough wildlife occurrence. The AI-generated image description aligns well with the headline, describing 'a bear sitting on a picnic table,' which supports the reliability of the description. The vision tool detected relevant visual concepts such as 'American black bear' and 'beer garden,' and classified the image as Real with moderate confidence (about 0.51). The text tool classified the headline as Real with high confidence (0.83), but surprisingly flagged the AI caption as Fake with very high confidence (0.95), though the caption is a simple restatement of the headline. Sentiment analysis showed a slightly negative sentiment for the headline, likely due to the word 'lonely,' but neutral for the caption. The consistency tool showed strong semantic similarity between the headline and caption (0.87), indicating they describe the same concept well. However, the image-to-text and image-to-caption similarities were moderate (~0.36), suggesting the image somewhat aligns with the texts but not perfectly. Overall, the evidence supports the headline as Real, and the image is likely authentic or at least not obviously manipulated. The AI caption's fake classification might be a false positive due to its simplicity. Therefore, I maintain the initial Real judgment with medium confidence due to some moderate alignment scores and the caption classification anomaly.","When evaluating similar content, pay close attention to how well the image and text descriptions align semantically and visually. Also, be cautious of overly simplistic captions that might trigger false fake flags; cross-check multiple signals before concluding.","{
  ""Initial_Impression"": ""Real"",
  ""Initial_Reasoning"": ""The headline 'lonely bear sitting at picnic table' sounds plausible and straightforward, describing a natural scene that could easily occur in wildlife contexts."",
  ""Final_Decision"": ""Real"",
  ""Did_Decision_Change"": ""No"",
  ""Decision_Confidence"": ""Medium"",
  ""Explanation"": ""My initial impression was that the headline was real because it describes a believable scenario of a bear sitting at a picnic table, which is a common enough wildlife occurrence. The AI-generated image description aligns well with the headline, describing 'a bear sitting on a picnic table,' which supports the reliability of the description. The vision tool detected relevant visual concepts such as 'American black bear' and 'beer garden,' and classified the image as Real with moderate confidence (about 0.51). The text tool classified the headline as Real with high confidence (0.83), but surprisingly flagged the AI caption as Fake with very high confidence (0.95), though the caption is a simple restatement of the headline. Sentiment analysis showed a slightly negative sentiment for the headline, likely due to the word 'lonely,' but neutral for the caption. The consistency tool showed strong semantic similarity between the headline and caption (0.87), indicating they describe the same concept well. However, the image-to-text and image-to-caption similarities were moderate (~0.36), suggesting the image somewhat aligns with the texts but not perfectly. Overall, the evidence supports the headline as Real, and the image is likely authentic or at least not obviously manipulated. The AI caption's fake classification might be a false positive due to its simplicity. Therefore, I maintain the initial Real judgment with medium confidence due to some moderate alignment scores and the caption classification anomaly."",
  ""Nudge"": ""When evaluating similar content, pay close attention to how well the image and text descriptions align semantically and visually. Also, be cautious of overly simplistic captions that might trigger false fake flags; cross-check multiple signals before concluding.""
}"
/content/FakeNews/assets/content/fakeddit_images/27.jpg,christ announces hiring of associate christ,0,jesus and his disciples are shown in a painting,Fake,Fake,Fake,Fake,"The headline 'christ announces hiring of associate christ' sounds nonsensical and implausible, suggesting a fabricated or satirical story rather than genuine news.",Fake,No,High,"My initial impression based on the headline alone was that this news is fake due to its absurd and illogical claim. The AI-generated image description 'jesus and his disciples are shown in a painting' is somewhat aligned with the headline's religious theme but does not clarify or legitimize the claim. The vision tool flagged the image as Fake with moderate confidence, detecting unrelated visual concepts that do not support a real news story. The text tool strongly classified both the headline and the AI caption as Fake with very high confidence and neutral sentiment, indicating no sensationalism but clear unreliability. The consistency tool showed low semantic and cross-modal similarity scores between the headline, caption, and image, indicating weak alignment and further undermining credibility. Overall, the forensic tools confirmed my initial judgment that this is a piece of malicious fake news.","When encountering unusual or bizarre headlines, especially those involving religious or historical figures in modern contexts, critically assess the plausibility and check for supporting evidence before accepting the claim as true.","{
  ""Initial_Impression"": ""Fake"",
  ""Initial_Reasoning"": ""The headline 'christ announces hiring of associate christ' sounds nonsensical and implausible, suggesting a fabricated or satirical story rather than genuine news."",
  ""Final_Decision"": ""Fake"",
  ""Did_Decision_Change"": ""No"",
  ""Decision_Confidence"": ""High"",
  ""Explanation"": ""My initial impression based on the headline alone was that this news is fake due to its absurd and illogical claim. The AI-generated image description 'jesus and his disciples are shown in a painting' is somewhat aligned with the headline's religious theme but does not clarify or legitimize the claim. The vision tool flagged the image as Fake with moderate confidence, detecting unrelated visual concepts that do not support a real news story. The text tool strongly classified both the headline and the AI caption as Fake with very high confidence and neutral sentiment, indicating no sensationalism but clear unreliability. The consistency tool showed low semantic and cross-modal similarity scores between the headline, caption, and image, indicating weak alignment and further undermining credibility. Overall, the forensic tools confirmed my initial judgment that this is a piece of malicious fake news."",
  ""Nudge"": ""When encountering unusual or bizarre headlines, especially those involving religious or historical figures in modern contexts, critically assess the plausibility and check for supporting evidence before accepting the claim as true.""
}"
/content/FakeNews/assets/content/fakeddit_images/37.jpg,ive u aint seen nothing yet,0,a poster with a woman's face and eyes,Fake,Fake,Fake,Fake,"The headline 'ive u aint seen nothing yet' is informal, grammatically incorrect, and vague, which often correlates with low credibility or sensational content typical of fake news.",Fake,No,High,"My initial impression based on the headline alone was that this news item is likely fake due to its informal and unclear wording, which is common in misleading or low-quality content. The AI-generated image description 'a poster with a woman's face and eyes' was somewhat aligned but vague and not very informative. The forensic tools strongly supported my initial judgment: the vision tool flagged the image as fake with moderate confidence, detecting unrelated concepts like 'television' and 'ski mask' that do not clearly support the headline. The text tool classified both the headline and the AI caption as fake with high confidence and neutral sentiment, indicating no genuine or balanced tone. The consistency tool showed very low similarity scores between the headline, caption, and image, indicating poor alignment and coherence among the elements. Overall, the tools confirmed the content is likely fabricated or misleading, so I maintained my initial decision of 'Fake' with high confidence.","When encountering vague or grammatically poor headlines, especially those that seem sensational or unclear, be cautious and look for corroborating evidence or credible sources before trusting the content.","{
  ""Initial_Impression"": ""Fake"",
  ""Initial_Reasoning"": ""The headline 'ive u aint seen nothing yet' is informal, grammatically incorrect, and vague, which often correlates with low credibility or sensational content typical of fake news."",
  ""Final_Decision"": ""Fake"",
  ""Did_Decision_Change"": ""No"",
  ""Decision_Confidence"": ""High"",
  ""Explanation"": ""My initial impression based on the headline alone was that this news item is likely fake due to its informal and unclear wording, which is common in misleading or low-quality content. The AI-generated image description 'a poster with a woman's face and eyes' was somewhat aligned but vague and not very informative. The forensic tools strongly supported my initial judgment: the vision tool flagged the image as fake with moderate confidence, detecting unrelated concepts like 'television' and 'ski mask' that do not clearly support the headline. The text tool classified both the headline and the AI caption as fake with high confidence and neutral sentiment, indicating no genuine or balanced tone. The consistency tool showed very low similarity scores between the headline, caption, and image, indicating poor alignment and coherence among the elements. Overall, the tools confirmed the content is likely fabricated or misleading, so I maintained my initial decision of 'Fake' with high confidence."",
  ""Nudge"": ""When encountering vague or grammatically poor headlines, especially those that seem sensational or unclear, be cautious and look for corroborating evidence or credible sources before trusting the content.""
}"
/content/FakeNews/assets/content/fakeddit_images/104.jpg,this crack in the stairs that looks like woody woodpecker,1,a close up of a white wall with some holes,Real,Fake,Fake,Fake,"The headline is unusual and somewhat trivial, describing a crack in stairs that looks like a cartoon character, which suggests a clickbait or trivial content rather than serious news.",Fake,No,Medium,"My initial impression was that the headline seemed more like trivial or clickbait content rather than genuine news, so I suspected it might be fake or misleading. The AI-generated image description, 'a close up of a white wall with some holes,' is somewhat aligned but vague and does not strongly support the headline's claim about a crack resembling Woody Woodpecker. The vision tool detected concepts unrelated to stairs or cracks and classified the image as Real but with low confidence (around 0.5), indicating uncertainty. The text tool flagged both the headline and the AI caption as Fake with moderate to high confidence, suggesting the textual content is likely misleading or fabricated. Sentiment analysis showed mild sensationalism in the headline but neutral in the caption. The consistency tool showed low similarity scores (around 0.28 to 0.34) between headline, caption, and image, indicating weak alignment and possible mismatch between the claim and the visual evidence. Overall, the forensic tools confirmed my initial suspicion that this is not a reliable or genuine news item, though the image itself is not clearly manipulated. Hence, I maintain the classification as Fake with medium confidence due to some ambiguity in the image classification.",Be cautious of headlines that focus on trivial or oddly specific visual coincidences; always check if the image and description truly support the claim before accepting it as real news.,"{
  ""Initial_Impression"": ""Fake"",
  ""Initial_Reasoning"": ""The headline is unusual and somewhat trivial, describing a crack in stairs that looks like a cartoon character, which suggests a clickbait or trivial content rather than serious news."",
  ""Final_Decision"": ""Fake"",
  ""Did_Decision_Change"": ""No"",
  ""Decision_Confidence"": ""Medium"",
  ""Explanation"": ""My initial impression was that the headline seemed more like trivial or clickbait content rather than genuine news, so I suspected it might be fake or misleading. The AI-generated image description, 'a close up of a white wall with some holes,' is somewhat aligned but vague and does not strongly support the headline's claim about a crack resembling Woody Woodpecker. The vision tool detected concepts unrelated to stairs or cracks and classified the image as Real but with low confidence (around 0.5), indicating uncertainty. The text tool flagged both the headline and the AI caption as Fake with moderate to high confidence, suggesting the textual content is likely misleading or fabricated. Sentiment analysis showed mild sensationalism in the headline but neutral in the caption. The consistency tool showed low similarity scores (around 0.28 to 0.34) between headline, caption, and image, indicating weak alignment and possible mismatch between the claim and the visual evidence. Overall, the forensic tools confirmed my initial suspicion that this is not a reliable or genuine news item, though the image itself is not clearly manipulated. Hence, I maintain the classification as Fake with medium confidence due to some ambiguity in the image classification."",
  ""Nudge"": ""Be cautious of headlines that focus on trivial or oddly specific visual coincidences; always check if the image and description truly support the claim before accepting it as real news.""
}"
/content/FakeNews/assets/content/fakeddit_images/290.jpg,czechs realising their fade after anschluss,0,a dog and a cat are sitting together,Real,Fake,Fake,Fake,"The headline 'czechs realising their fade after anschluss' is vague, historically inaccurate, and sensational in tone, suggesting a misleading or fabricated narrative.",Fake,No,High,"Initially, the headline appeared suspicious due to its unclear meaning and historical inaccuracy, implying a fabricated or misleading story. The AI-generated image description 'a dog and a cat are sitting together' was not aligned with the headline, indicating a lack of relevance or possible hallucination. The vision tool detected unrelated visual concepts and classified the image as Real but with low confidence, suggesting the image itself is not manipulated but irrelevant. The text tool strongly flagged both the headline and the AI caption as Fake, with very high confidence for the headline. Sentiment analysis showed neutral tone, so sensationalism was not a factor here. The consistency tool showed near-zero to low similarity scores between the headline, caption, and image, confirming poor alignment and coherence. Overall, the forensic tools confirmed the initial impression that this news item is Fake due to misleading headline content and irrelevant image description.","When encountering headlines with vague or historically questionable claims, always check for alignment with the accompanying image and description, and be cautious if the elements do not logically connect or if the headline seems sensational or confusing.","{
  ""Initial_Impression"": ""Fake"",
  ""Initial_Reasoning"": ""The headline 'czechs realising their fade after anschluss' is vague, historically inaccurate, and sensational in tone, suggesting a misleading or fabricated narrative."",
  ""Final_Decision"": ""Fake"",
  ""Did_Decision_Change"": ""No"",
  ""Decision_Confidence"": ""High"",
  ""Explanation"": ""Initially, the headline appeared suspicious due to its unclear meaning and historical inaccuracy, implying a fabricated or misleading story. The AI-generated image description 'a dog and a cat are sitting together' was not aligned with the headline, indicating a lack of relevance or possible hallucination. The vision tool detected unrelated visual concepts and classified the image as Real but with low confidence, suggesting the image itself is not manipulated but irrelevant. The text tool strongly flagged both the headline and the AI caption as Fake, with very high confidence for the headline. Sentiment analysis showed neutral tone, so sensationalism was not a factor here. The consistency tool showed near-zero to low similarity scores between the headline, caption, and image, confirming poor alignment and coherence. Overall, the forensic tools confirmed the initial impression that this news item is Fake due to misleading headline content and irrelevant image description."",
  ""Nudge"": ""When encountering headlines with vague or historically questionable claims, always check for alignment with the accompanying image and description, and be cautious if the elements do not logically connect or if the headline seems sensational or confusing.""
}"
/content/FakeNews/assets/content/fakeddit_images/20.jpg,alfred hitchcock angrily squatting in front of a vast ocean,1,a man in black suit kneeling on the beach,Real,Real,Real,Fake,"The headline is unusual and somewhat sensational, describing Alfred Hitchcock angrily squatting in front of a vast ocean, which sounds like a staged or fabricated scenario rather than a typical news event.",Real,Yes,Medium,"Initially, the headline seemed suspicious due to its odd and dramatic nature, which suggested it might be fake news. However, the AI-generated image description was aligned reasonably well with the headline, describing a man in a black suit kneeling on the beach, which fits the idea of someone squatting near the ocean. The vision tool detected relevant visual concepts like seashore and gave a 'Real' classification with moderate confidence. The text tool also classified both the headline and the AI caption as real with high confidence, and the sentiment analysis showed a negative but not extreme tone in the headline, which fits the 'angrily' descriptor. The consistency tool showed moderate but not strong alignment between the headline, caption, and image, indicating some coherence but not perfect. Overall, the forensic evidence suggests the content is likely real or at least not maliciously fake, leading to a change in decision from initial skepticism to a medium-confidence real classification.","When encountering unusual or dramatic headlines, check for supporting visual and textual evidence and consider whether the description and image content align logically before concluding the news is fake.","{
  ""Initial_Impression"": ""Fake"",
  ""Initial_Reasoning"": ""The headline is unusual and somewhat sensational, describing Alfred Hitchcock angrily squatting in front of a vast ocean, which sounds like a staged or fabricated scenario rather than a typical news event."",
  ""Final_Decision"": ""Real"",
  ""Did_Decision_Change"": ""Yes"",
  ""Decision_Confidence"": ""Medium"",
  ""Explanation"": ""Initially, the headline seemed suspicious due to its odd and dramatic nature, which suggested it might be fake news. However, the AI-generated image description was aligned reasonably well with the headline, describing a man in a black suit kneeling on the beach, which fits the idea of someone squatting near the ocean. The vision tool detected relevant visual concepts like seashore and gave a 'Real' classification with moderate confidence. The text tool also classified both the headline and the AI caption as real with high confidence, and the sentiment analysis showed a negative but not extreme tone in the headline, which fits the 'angrily' descriptor. The consistency tool showed moderate but not strong alignment between the headline, caption, and image, indicating some coherence but not perfect. Overall, the forensic evidence suggests the content is likely real or at least not maliciously fake, leading to a change in decision from initial skepticism to a medium-confidence real classification."",
  ""Nudge"": ""When encountering unusual or dramatic headlines, check for supporting visual and textual evidence and consider whether the description and image content align logically before concluding the news is fake.""
}"
/content/FakeNews/assets/content/fakeddit_images/117.jpg,the effects of sun bleaching on a year old pamphlet,1,honda city calendar 2019,Real,Real,Fake,Real,"The headline about the effects of sun bleaching on a year-old pamphlet sounds plausible and factual, describing a common physical phenomenon without sensationalism.",Fake,Yes,High,"Initially, the headline seemed realistic as it described a straightforward, believable topic about sun bleaching effects on paper. The AI-generated image description, however, was about a 'honda city calendar 2019,' which does not align well with the headline. The vision tool detected objects like laptops and printers and classified the image as Real but with low confidence, indicating the image content is somewhat generic or unrelated. The text tool strongly classified the headline as Real but flagged the AI caption as Fake with high confidence. The consistency tool showed very low semantic similarity between the headline and AI caption (0.04), and low cross-modal similarity between the image and headline (0.21) and image and caption (0.31), indicating poor alignment among the three elements. This mismatch suggests the image and caption do not support the headline's claim, which undermines the credibility of the news item. Therefore, despite the plausible headline, the overall evidence points to this being Fake news due to inconsistency and misleading image-caption pairing.",Always check if the image and its description truly relate to the headline; mismatches often signal misleading or fake content.,"{
  ""Initial_Impression"": ""Real"",
  ""Initial_Reasoning"": ""The headline about the effects of sun bleaching on a year-old pamphlet sounds plausible and factual, describing a common physical phenomenon without sensationalism."",
  ""Final_Decision"": ""Fake"",
  ""Did_Decision_Change"": ""Yes"",
  ""Decision_Confidence"": ""High"",
  ""Explanation"": ""Initially, the headline seemed realistic as it described a straightforward, believable topic about sun bleaching effects on paper. The AI-generated image description, however, was about a 'honda city calendar 2019,' which does not align well with the headline. The vision tool detected objects like laptops and printers and classified the image as Real but with low confidence, indicating the image content is somewhat generic or unrelated. The text tool strongly classified the headline as Real but flagged the AI caption as Fake with high confidence. The consistency tool showed very low semantic similarity between the headline and AI caption (0.04), and low cross-modal similarity between the image and headline (0.21) and image and caption (0.31), indicating poor alignment among the three elements. This mismatch suggests the image and caption do not support the headline's claim, which undermines the credibility of the news item. Therefore, despite the plausible headline, the overall evidence points to this being Fake news due to inconsistency and misleading image-caption pairing."",
  ""Nudge"": ""Always check if the image and its description truly relate to the headline; mismatches often signal misleading or fake content.""
}"
/content/FakeNews/assets/content/fakeddit_images/216.jpg,walking boot plant pots,1,a garden with many plants and plants in boots,Real,Real,Real,Real,"The headline 'walking boot plant pots' suggests a quirky but plausible gardening idea, which does not sound sensational or inherently false.",Real,No,High,"Initially, the headline seemed like a benign and plausible concept related to gardening, possibly about using walking boots as plant pots. The AI-generated image description 'a garden with many plants and plants in boots' aligns well with the headline, indicating the description is reliable. The vision tool detected relevant garden-related concepts and classified the image as Real with moderate confidence. The text tool classified both the headline and AI caption as Real with moderate confidence and neutral sentiment, indicating no sensationalism or fake news signals. The consistency tool showed moderate semantic alignment between the headline and caption (0.57) and some alignment between the image and texts (~0.3), which is reasonable given the abstract nature of the headline and image. Overall, the forensic evidence supports the initial impression that this is benign content, not malicious fake news.","When encountering unusual or quirky headlines, check if the accompanying image and description logically align and avoid jumping to conclusions about their truthfulness without supporting evidence.","{
  ""Initial_Impression"": ""Real"",
  ""Initial_Reasoning"": ""The headline 'walking boot plant pots' suggests a quirky but plausible gardening idea, which does not sound sensational or inherently false."",
  ""Final_Decision"": ""Real"",
  ""Did_Decision_Change"": ""No"",
  ""Decision_Confidence"": ""High"",
  ""Explanation"": ""Initially, the headline seemed like a benign and plausible concept related to gardening, possibly about using walking boots as plant pots. The AI-generated image description 'a garden with many plants and plants in boots' aligns well with the headline, indicating the description is reliable. The vision tool detected relevant garden-related concepts and classified the image as Real with moderate confidence. The text tool classified both the headline and AI caption as Real with moderate confidence and neutral sentiment, indicating no sensationalism or fake news signals. The consistency tool showed moderate semantic alignment between the headline and caption (0.57) and some alignment between the image and texts (~0.3), which is reasonable given the abstract nature of the headline and image. Overall, the forensic evidence supports the initial impression that this is benign content, not malicious fake news."",
  ""Nudge"": ""When encountering unusual or quirky headlines, check if the accompanying image and description logically align and avoid jumping to conclusions about their truthfulness without supporting evidence.""
}"
/content/FakeNews/assets/content/fakeddit_images/174.jpg,and then the whole class laugh girl accidentally orders a small child spilling a slushie and remembers word for lamb,0,a screenshot of a text message from a woman to a man,Fake,Fake,Fake,Fake,"The headline is incoherent and nonsensical, which strongly suggests it is not a genuine news item but rather a fabricated or distorted statement.",Fake,No,High,"My initial impression based on the headline alone was that this news item is fake due to its incoherent and confusing wording, which does not resemble a legitimate news headline. The AI-generated image description, 'a screenshot of a text message from a woman to a man,' is somewhat generic and does not clarify or support the headline, so it was treated cautiously. The forensic tools confirmed this suspicion: the vision tool flagged the image as fake with moderate confidence and detected unrelated visual concepts, indicating the image likely does not correspond to the headline. The text tool classified both the headline and the AI caption as fake with very high confidence, and the sentiment was not sensational but rather neutral or low. The consistency tool showed very low similarity scores between the headline, caption, and image, indicating poor alignment and further supporting the conclusion that the content is fabricated or misleading. Overall, the forensic evidence strongly supports the initial judgment that this is fake news.","When encountering confusing or nonsensical headlines, pause and consider whether the content makes logical sense or if it might be distorted or fabricated; cross-checking with reliable sources can help avoid falling for fake news.","{
  ""Initial_Impression"": ""Fake"",
  ""Initial_Reasoning"": ""The headline is incoherent and nonsensical, which strongly suggests it is not a genuine news item but rather a fabricated or distorted statement."",
  ""Final_Decision"": ""Fake"",
  ""Did_Decision_Change"": ""No"",
  ""Decision_Confidence"": ""High"",
  ""Explanation"": ""My initial impression based on the headline alone was that this news item is fake due to its incoherent and confusing wording, which does not resemble a legitimate news headline. The AI-generated image description, 'a screenshot of a text message from a woman to a man,' is somewhat generic and does not clarify or support the headline, so it was treated cautiously. The forensic tools confirmed this suspicion: the vision tool flagged the image as fake with moderate confidence and detected unrelated visual concepts, indicating the image likely does not correspond to the headline. The text tool classified both the headline and the AI caption as fake with very high confidence, and the sentiment was not sensational but rather neutral or low. The consistency tool showed very low similarity scores between the headline, caption, and image, indicating poor alignment and further supporting the conclusion that the content is fabricated or misleading. Overall, the forensic evidence strongly supports the initial judgment that this is fake news."",
  ""Nudge"": ""When encountering confusing or nonsensical headlines, pause and consider whether the content makes logical sense or if it might be distorted or fabricated; cross-checking with reliable sources can help avoid falling for fake news.""
}"
/content/FakeNews/assets/content/fakeddit_images/228.jpg,marxists,0,united workers are never defected,Real,Fake,Fake,Fake,"The headline 'marxists' is vague and potentially loaded, often used in misleading or politically charged contexts without clear factual content.",Fake,No,High,"My initial impression was that the headline 'marxists' alone is too vague and potentially misleading, which often aligns with fake or misleading content. The AI-generated image description 'united workers are never defected' is somewhat aligned with the headline but is vague and grammatically odd, reducing its reliability. The vision tool detected concepts related to books and factories and classified the image as Real but with low confidence (0.5), indicating uncertainty. The text tool strongly flagged both the headline and the AI caption as Fake with high confidence, and the caption had a somewhat sensational positive sentiment. The consistency tool showed low semantic and cross-modal similarity scores (all around 0.24 to 0.34), indicating weak alignment between the headline, caption, and image. This weak alignment and strong fake classification by the text tool confirm the initial suspicion that this content is likely misleading or fake. Therefore, I maintain the decision that this news item is Fake with high confidence.",Be cautious of headlines that are vague or politically charged without clear context; always check if the accompanying text and images strongly support the claim before trusting the content.,"{
  ""Initial_Impression"": ""Fake"",
  ""Initial_Reasoning"": ""The headline 'marxists' is vague and potentially loaded, often used in misleading or politically charged contexts without clear factual content."",
  ""Final_Decision"": ""Fake"",
  ""Did_Decision_Change"": ""No"",
  ""Decision_Confidence"": ""High"",
  ""Explanation"": ""My initial impression was that the headline 'marxists' alone is too vague and potentially misleading, which often aligns with fake or misleading content. The AI-generated image description 'united workers are never defected' is somewhat aligned with the headline but is vague and grammatically odd, reducing its reliability. The vision tool detected concepts related to books and factories and classified the image as Real but with low confidence (0.5), indicating uncertainty. The text tool strongly flagged both the headline and the AI caption as Fake with high confidence, and the caption had a somewhat sensational positive sentiment. The consistency tool showed low semantic and cross-modal similarity scores (all around 0.24 to 0.34), indicating weak alignment between the headline, caption, and image. This weak alignment and strong fake classification by the text tool confirm the initial suspicion that this content is likely misleading or fake. Therefore, I maintain the decision that this news item is Fake with high confidence."",
  ""Nudge"": ""Be cautious of headlines that are vague or politically charged without clear context; always check if the accompanying text and images strongly support the claim before trusting the content.""
}"
/content/FakeNews/assets/content/fakeddit_images/187.jpg,stop jumping from windows into snow boston mayor says,1,a snow shovel is buried in the snow,Real,Real,Fake,Real,"The headline sounds like a plausible public safety advisory from a mayor during snowy conditions, warning people not to jump from windows into snow, which is a reasonable caution.",Real,No,Medium,"My initial impression was that the headline is likely real because it reflects a sensible public safety message during winter conditions. The AI image description, 'a snow shovel is buried in the snow,' is somewhat related to the winter theme but does not directly depict the headline's content. The vision tool detected relevant winter concepts like snowmobile, snowplow, and igloo, and classified the image as Real with moderate confidence. The text tool strongly classified the headline as Real with high confidence, while it flagged the AI caption as Fake, likely because the caption is generic and not informative. Sentiment analysis showed a slightly negative tone in the headline, consistent with a cautionary message. The consistency tool showed low to moderate alignment scores between the headline, caption, and image, indicating some thematic relation but not strong direct correspondence. Overall, the forensic tools support the headline's authenticity despite the AI caption being less reliable. Therefore, I maintain the decision that the news item is Real with medium confidence due to some ambiguity in the image-caption alignment.","When evaluating news with safety warnings, consider whether the message is plausible and consistent with common sense and local conditions, and be cautious if the accompanying images or captions seem unrelated or generic.","{
  ""Initial_Impression"": ""Real"",
  ""Initial_Reasoning"": ""The headline sounds like a plausible public safety advisory from a mayor during snowy conditions, warning people not to jump from windows into snow, which is a reasonable caution."",
  ""Final_Decision"": ""Real"",
  ""Did_Decision_Change"": ""No"",
  ""Decision_Confidence"": ""Medium"",
  ""Explanation"": ""My initial impression was that the headline is likely real because it reflects a sensible public safety message during winter conditions. The AI image description, 'a snow shovel is buried in the snow,' is somewhat related to the winter theme but does not directly depict the headline's content. The vision tool detected relevant winter concepts like snowmobile, snowplow, and igloo, and classified the image as Real with moderate confidence. The text tool strongly classified the headline as Real with high confidence, while it flagged the AI caption as Fake, likely because the caption is generic and not informative. Sentiment analysis showed a slightly negative tone in the headline, consistent with a cautionary message. The consistency tool showed low to moderate alignment scores between the headline, caption, and image, indicating some thematic relation but not strong direct correspondence. Overall, the forensic tools support the headline's authenticity despite the AI caption being less reliable. Therefore, I maintain the decision that the news item is Real with medium confidence due to some ambiguity in the image-caption alignment."",
  ""Nudge"": ""When evaluating news with safety warnings, consider whether the message is plausible and consistent with common sense and local conditions, and be cautious if the accompanying images or captions seem unrelated or generic.""
}"
/content/FakeNews/assets/content/fakeddit_images/238.jpg,british nurse and ebola survivor talks about his return to sierra leone what courage looks like today,1,a man in glasses is talking to the camera,Real,Real,Fake,Real,"The headline describes a plausible and human-interest story about a British nurse and Ebola survivor returning to Sierra Leone, which sounds credible and not sensationalized.",Real,No,Medium,"My initial impression based on the headline was that this news item is real because it presents a believable and respectful story about courage and survival. The AI-generated image description, 'a man in glasses is talking to the camera,' is somewhat generic but not contradictory to the headline, so it can be cautiously considered reliable. The vision tool detected the image as Real with moderate confidence, though the visual concepts detected were not strongly related to the headline content, which is common in complex images. The text tool strongly classified the headline as Real with very high confidence, while it flagged the AI caption as Fake, likely due to its vagueness and lack of detail. Sentiment analysis showed the headline has a positive tone, consistent with a human-interest story, while the caption was neutral. The consistency tool showed low but positive alignment scores between the headline, caption, and image, indicating some semantic and visual relation but not strong. Overall, the forensic tools support the headline's credibility and do not provide strong evidence of misinformation. Therefore, I maintain the decision that this news item is Real, with medium confidence due to some generic aspects in the image description and moderate image-to-text alignment.","When evaluating similar content, focus on whether the headline presents a plausible, non-sensational story and check if the image and description meaningfully support the claim rather than being generic or vague.","{
  ""Initial_Impression"": ""Real"",
  ""Initial_Reasoning"": ""The headline describes a plausible and human-interest story about a British nurse and Ebola survivor returning to Sierra Leone, which sounds credible and not sensationalized."",
  ""Final_Decision"": ""Real"",
  ""Did_Decision_Change"": ""No"",
  ""Decision_Confidence"": ""Medium"",
  ""Explanation"": ""My initial impression based on the headline was that this news item is real because it presents a believable and respectful story about courage and survival. The AI-generated image description, 'a man in glasses is talking to the camera,' is somewhat generic but not contradictory to the headline, so it can be cautiously considered reliable. The vision tool detected the image as Real with moderate confidence, though the visual concepts detected were not strongly related to the headline content, which is common in complex images. The text tool strongly classified the headline as Real with very high confidence, while it flagged the AI caption as Fake, likely due to its vagueness and lack of detail. Sentiment analysis showed the headline has a positive tone, consistent with a human-interest story, while the caption was neutral. The consistency tool showed low but positive alignment scores between the headline, caption, and image, indicating some semantic and visual relation but not strong. Overall, the forensic tools support the headline's credibility and do not provide strong evidence of misinformation. Therefore, I maintain the decision that this news item is Real, with medium confidence due to some generic aspects in the image description and moderate image-to-text alignment."",
  ""Nudge"": ""When evaluating similar content, focus on whether the headline presents a plausible, non-sensational story and check if the image and description meaningfully support the claim rather than being generic or vague.""
}"
/content/FakeNews/assets/content/fakeddit_images/215.jpg,donald trump reading the tweets about him at am,0,a man reading a newspaper in a room,Real,Fake,Fake,Fake,"The headline 'donald trump reading the tweets about him at am' is vague, informal, and lacks credible context, which raises suspicion about its authenticity.",Fake,No,High,"My initial impression based on the headline alone was that the news is likely fake due to its informal and unclear nature. The AI-generated image description 'a man reading a newspaper in a room' is only loosely related to the headline and does not specifically mention Donald Trump or tweets, making it a weak complement. The vision tool detected concepts related to a child's room (bassinet, cradle, teddy) which do not align with the headline about Donald Trump, but it classified the image as Real with low confidence. The text tool strongly flagged both the headline and the AI caption as fake with high confidence, indicating the text content is suspicious. The consistency tool showed low similarity scores between the headline, caption, and image, indicating poor alignment and suggesting the image and description do not support the headline's claim. Overall, the forensic tools confirmed my initial suspicion that this news item is fake, and the evidence is strong and consistent.","When evaluating news, pay close attention to whether the headline is supported by clear, specific details and whether the accompanying image and description directly relate to the claim being made.","{
  ""Initial_Impression"": ""Fake"",
  ""Initial_Reasoning"": ""The headline 'donald trump reading the tweets about him at am' is vague, informal, and lacks credible context, which raises suspicion about its authenticity."",
  ""Final_Decision"": ""Fake"",
  ""Did_Decision_Change"": ""No"",
  ""Decision_Confidence"": ""High"",
  ""Explanation"": ""My initial impression based on the headline alone was that the news is likely fake due to its informal and unclear nature. The AI-generated image description 'a man reading a newspaper in a room' is only loosely related to the headline and does not specifically mention Donald Trump or tweets, making it a weak complement. The vision tool detected concepts related to a child's room (bassinet, cradle, teddy) which do not align with the headline about Donald Trump, but it classified the image as Real with low confidence. The text tool strongly flagged both the headline and the AI caption as fake with high confidence, indicating the text content is suspicious. The consistency tool showed low similarity scores between the headline, caption, and image, indicating poor alignment and suggesting the image and description do not support the headline's claim. Overall, the forensic tools confirmed my initial suspicion that this news item is fake, and the evidence is strong and consistent."",
  ""Nudge"": ""When evaluating news, pay close attention to whether the headline is supported by clear, specific details and whether the accompanying image and description directly relate to the claim being made.""
}"
/content/FakeNews/assets/content/fakeddit_images/73.jpg,this kid and a mackerel,1,a young boy holding a fish on a boat,Fake,Real,Real,Real,"The headline 'this kid and a mackerel' sounds like a simple, benign statement likely describing a child with a fish, which is plausible and not sensational or extraordinary.",Fake,Yes,Medium,"Initially, the headline seemed straightforward and believable, suggesting a real scenario of a child with a fish. The AI-generated image description aligned well with the headline, describing a young boy holding a fish on a boat, which seemed reliable. The text analysis confirmed both the headline and caption as likely real with high confidence and neutral sentiment, supporting the initial impression. However, the vision tool flagged the image as potentially fake with a borderline confidence score (about 0.5), and the detected visual concepts did not strongly match a mackerel or a typical fishing scene but rather fish species less related to the headline. Additionally, the consistency tool showed only moderate to low similarity scores between the headline, caption, and image (all around 0.3 to 0.4), indicating weak alignment. This suggests the image might not genuinely depict the described scene, raising doubts about the authenticity of the news item. Given the mixed evidence, especially the vision tool's fake flag and low cross-modal alignment, the final decision is that the news is likely fake, but with medium confidence due to some supporting textual evidence.","When evaluating news involving images and simple headlines, always check if the visual content truly matches the claim and be cautious if the image seems generic or only loosely related; cross-checking multiple sources or looking for more detailed context can help avoid being misled by superficially plausible but misleading content.","{
  ""Initial_Impression"": ""Real"",
  ""Initial_Reasoning"": ""The headline 'this kid and a mackerel' sounds like a simple, benign statement likely describing a child with a fish, which is plausible and not sensational or extraordinary."",
  ""Final_Decision"": ""Fake"",
  ""Did_Decision_Change"": ""Yes"",
  ""Decision_Confidence"": ""Medium"",
  ""Explanation"": ""Initially, the headline seemed straightforward and believable, suggesting a real scenario of a child with a fish. The AI-generated image description aligned well with the headline, describing a young boy holding a fish on a boat, which seemed reliable. The text analysis confirmed both the headline and caption as likely real with high confidence and neutral sentiment, supporting the initial impression. However, the vision tool flagged the image as potentially fake with a borderline confidence score (about 0.5), and the detected visual concepts did not strongly match a mackerel or a typical fishing scene but rather fish species less related to the headline. Additionally, the consistency tool showed only moderate to low similarity scores between the headline, caption, and image (all around 0.3 to 0.4), indicating weak alignment. This suggests the image might not genuinely depict the described scene, raising doubts about the authenticity of the news item. Given the mixed evidence, especially the vision tool's fake flag and low cross-modal alignment, the final decision is that the news is likely fake, but with medium confidence due to some supporting textual evidence."",
  ""Nudge"": ""When evaluating news involving images and simple headlines, always check if the visual content truly matches the claim and be cautious if the image seems generic or only loosely related; cross-checking multiple sources or looking for more detailed context can help avoid being misled by superficially plausible but misleading content.""
}"
/content/FakeNews/assets/content/fakeddit_images/259.jpg,redditor is fed up with my son,0,a man is using a snow shovel to clear the snow,Real,Fake,Fake,Fake,"The headline 'redditor is fed up with my son' is vague and unusual as a news headline, suggesting it might be a personal complaint or social media post rather than legitimate news.",Fake,No,High,"My initial impression was that the headline seemed more like a personal or social media complaint rather than credible news, so I suspected it might be fake. The AI-generated image description 'a man is using a snow shovel to clear the snow' does not align well with the headline, indicating a lack of coherence. The vision tool detected relevant visual concepts related to snow and shoveling and classified the image as Real but with low confidence (about 0.51), which suggests the image itself is likely authentic but unrelated to the headline. The text tool flagged both the headline and the AI caption as Fake with high confidence (around 0.88-0.89), reinforcing the suspicion that the textual content is misleading or fabricated. The sentiment scores were neutral to mildly positive, indicating no sensationalism but rather incoherence. The consistency tool showed very low similarity scores between headline, caption, and image (all below 0.35), confirming poor alignment and suggesting the image and caption do not support the headline's claim. Overall, the forensic evidence supports the initial judgment that this news item is fake or at least misleading and not a genuine news report.","When encountering vague or unusual headlines, especially those that seem like personal complaints or social media posts, check if the accompanying images and descriptions align well with the headline. Mismatches often indicate misleading or fake content.","{
  ""Initial_Impression"": ""Fake"",
  ""Initial_Reasoning"": ""The headline 'redditor is fed up with my son' is vague and unusual as a news headline, suggesting it might be a personal complaint or social media post rather than legitimate news."",
  ""Final_Decision"": ""Fake"",
  ""Did_Decision_Change"": ""No"",
  ""Decision_Confidence"": ""High"",
  ""Explanation"": ""My initial impression was that the headline seemed more like a personal or social media complaint rather than credible news, so I suspected it might be fake. The AI-generated image description 'a man is using a snow shovel to clear the snow' does not align well with the headline, indicating a lack of coherence. The vision tool detected relevant visual concepts related to snow and shoveling and classified the image as Real but with low confidence (about 0.51), which suggests the image itself is likely authentic but unrelated to the headline. The text tool flagged both the headline and the AI caption as Fake with high confidence (around 0.88-0.89), reinforcing the suspicion that the textual content is misleading or fabricated. The sentiment scores were neutral to mildly positive, indicating no sensationalism but rather incoherence. The consistency tool showed very low similarity scores between headline, caption, and image (all below 0.35), confirming poor alignment and suggesting the image and caption do not support the headline's claim. Overall, the forensic evidence supports the initial judgment that this news item is fake or at least misleading and not a genuine news report."",
  ""Nudge"": ""When encountering vague or unusual headlines, especially those that seem like personal complaints or social media posts, check if the accompanying images and descriptions align well with the headline. Mismatches often indicate misleading or fake content.""
}"
/content/FakeNews/assets/content/fakeddit_images/130.jpg,people of nagasaki th after usa nuking them colorised,0,a lego turkey with a hat and a backpack,Real,Fake,Real,Fake,"The headline is poorly written, lacks proper grammar, and makes a sensational claim about a historical event in a way that seems disrespectful and likely misleading.",Fake,No,High,"My initial impression based on the headline alone was that this news item is likely fake due to the sensational and disrespectful phrasing about a serious historical event. The AI-generated image description, which describes a 'lego turkey with a hat and a backpack,' is completely unrelated and does not align with the headline, indicating it is unreliable as a complement. The vision tool detected unrelated visual concepts and classified the image as Real but with low confidence, suggesting the image itself is not obviously manipulated but irrelevant. The text tool strongly flagged the headline as fake with very high confidence, while the AI caption was considered real but unrelated. The consistency tool showed very low similarity scores between the headline, caption, and image, confirming a lack of alignment. Overall, the forensic evidence strongly supports the initial judgment that this is fake news, likely a misleading or nonsensical post rather than a genuine historical depiction.",Be cautious of headlines that are poorly written or sensational about serious topics; always check if the accompanying image and description logically align with the claim before trusting the content.,"{
  ""Initial_Impression"": ""Fake"",
  ""Initial_Reasoning"": ""The headline is poorly written, lacks proper grammar, and makes a sensational claim about a historical event in a way that seems disrespectful and likely misleading."",
  ""Final_Decision"": ""Fake"",
  ""Did_Decision_Change"": ""No"",
  ""Decision_Confidence"": ""High"",
  ""Explanation"": ""My initial impression based on the headline alone was that this news item is likely fake due to the sensational and disrespectful phrasing about a serious historical event. The AI-generated image description, which describes a 'lego turkey with a hat and a backpack,' is completely unrelated and does not align with the headline, indicating it is unreliable as a complement. The vision tool detected unrelated visual concepts and classified the image as Real but with low confidence, suggesting the image itself is not obviously manipulated but irrelevant. The text tool strongly flagged the headline as fake with very high confidence, while the AI caption was considered real but unrelated. The consistency tool showed very low similarity scores between the headline, caption, and image, confirming a lack of alignment. Overall, the forensic evidence strongly supports the initial judgment that this is fake news, likely a misleading or nonsensical post rather than a genuine historical depiction."",
  ""Nudge"": ""Be cautious of headlines that are poorly written or sensational about serious topics; always check if the accompanying image and description logically align with the claim before trusting the content.""
}"
/content/FakeNews/assets/content/fakeddit_images/120.jpg,ripped looking cat,1,a white cat standing on the counter in a bathroom,Real,Real,Real,Fake,"The headline 'ripped looking cat' is vague and unusual, which raises suspicion about the authenticity or seriousness of the news item.",Real,Yes,Medium,"Initially, the headline 'ripped looking cat' seemed suspicious and potentially fake due to its vague and odd phrasing. However, the AI-generated image description 'a white cat standing on the counter in a bathroom' aligns reasonably well with the image content, as confirmed by the vision tool detecting relevant visual concepts like 'Madagascar cat' and 'shower' and classifying the image as Real with moderate confidence. The text tool also classified both the headline and the AI caption as Real with high confidence and neutral sentiment, indicating no sensationalism. The consistency tool showed moderate alignment between the headline, caption, and image, supporting the overall coherence of the content. Although the headline is somewhat ambiguous, the forensic evidence suggests the content is genuine rather than malicious fake news. Therefore, I revised my initial impression to Real with medium confidence due to the moderate alignment scores and somewhat unusual headline.","When encountering vague or unusual headlines, look for supporting evidence in the image and description to verify consistency before judging the content as fake.","{
  ""Initial_Impression"": ""Fake"",
  ""Initial_Reasoning"": ""The headline 'ripped looking cat' is vague and unusual, which raises suspicion about the authenticity or seriousness of the news item."",
  ""Final_Decision"": ""Real"",
  ""Did_Decision_Change"": ""Yes"",
  ""Decision_Confidence"": ""Medium"",
  ""Explanation"": ""Initially, the headline 'ripped looking cat' seemed suspicious and potentially fake due to its vague and odd phrasing. However, the AI-generated image description 'a white cat standing on the counter in a bathroom' aligns reasonably well with the image content, as confirmed by the vision tool detecting relevant visual concepts like 'Madagascar cat' and 'shower' and classifying the image as Real with moderate confidence. The text tool also classified both the headline and the AI caption as Real with high confidence and neutral sentiment, indicating no sensationalism. The consistency tool showed moderate alignment between the headline, caption, and image, supporting the overall coherence of the content. Although the headline is somewhat ambiguous, the forensic evidence suggests the content is genuine rather than malicious fake news. Therefore, I revised my initial impression to Real with medium confidence due to the moderate alignment scores and somewhat unusual headline."",
  ""Nudge"": ""When encountering vague or unusual headlines, look for supporting evidence in the image and description to verify consistency before judging the content as fake.""
}"
/content/FakeNews/assets/content/fakeddit_images/86.jpg,cardboard cutout of most interesting man fails as carpoollane ruse,1,a man in a car with a man in the back seat,Real,Real,Fake,Real,"The headline describes a humorous and plausible scenario involving a cardboard cutout used as a ruse in a carpool lane, which seems like a believable and lighthearted news story rather than a sensational or obviously false claim.",Real,No,Medium,"My initial impression was that the headline was real because it described a plausible and humorous event that could happen in everyday life. The AI-generated image description was somewhat aligned but vague, describing 'a man in a car with a man in the back seat,' which loosely fits the headline but does not mention the cardboard cutout. The vision tool detected relevant visual concepts related to a car interior and classified the image as Real with moderate confidence. The text tool strongly classified the headline as Real with high confidence, while the AI caption was flagged as Fake but with low confidence, likely due to its vagueness rather than falsehood. The consistency tool showed low to moderate similarity scores between the headline, caption, and image, indicating some alignment but not strong semantic or visual matching, which is expected given the caption's generic nature. Overall, the forensic tools support the headline's plausibility and the image's authenticity, so I maintain the decision that this news item is Real, though with medium confidence due to some vagueness and moderate alignment scores.","When evaluating similar content, pay close attention to whether the headline makes a plausible claim and check if the image and description provide clear, specific evidence supporting it rather than vague or generic details.","{
  ""Initial_Impression"": ""Real"",
  ""Initial_Reasoning"": ""The headline describes a humorous and plausible scenario involving a cardboard cutout used as a ruse in a carpool lane, which seems like a believable and lighthearted news story rather than a sensational or obviously false claim."",
  ""Final_Decision"": ""Real"",
  ""Did_Decision_Change"": ""No"",
  ""Decision_Confidence"": ""Medium"",
  ""Explanation"": ""My initial impression was that the headline was real because it described a plausible and humorous event that could happen in everyday life. The AI-generated image description was somewhat aligned but vague, describing 'a man in a car with a man in the back seat,' which loosely fits the headline but does not mention the cardboard cutout. The vision tool detected relevant visual concepts related to a car interior and classified the image as Real with moderate confidence. The text tool strongly classified the headline as Real with high confidence, while the AI caption was flagged as Fake but with low confidence, likely due to its vagueness rather than falsehood. The consistency tool showed low to moderate similarity scores between the headline, caption, and image, indicating some alignment but not strong semantic or visual matching, which is expected given the caption's generic nature. Overall, the forensic tools support the headline's plausibility and the image's authenticity, so I maintain the decision that this news item is Real, though with medium confidence due to some vagueness and moderate alignment scores."",
  ""Nudge"": ""When evaluating similar content, pay close attention to whether the headline makes a plausible claim and check if the image and description provide clear, specific evidence supporting it rather than vague or generic details.""
}"
/content/FakeNews/assets/content/fakeddit_images/262.jpg,this black horse,1,a horse is jumping in the air on a black background,Fake,Real,Fake,Fake,"The headline 'this black horse' is vague and unusual as a news headline, which raises suspicion about its authenticity.",Fake,No,High,"Initially, the headline 'this black horse' seemed suspicious due to its vagueness and lack of clear newsworthiness, suggesting it might be fake. The AI-generated image description 'a horse is jumping in the air on a black background' was somewhat aligned with the headline but not strongly descriptive. The vision tool detected visual concepts unrelated to a horse (e.g., scorpion, spider monkey) and classified the image as Fake with moderate confidence. The text tool classified the headline as Real but the AI caption as Fake with high confidence, indicating the caption might be misleading or fabricated. Sentiment scores were neutral, so no sensationalism was detected. Consistency scores showed moderate alignment between headline and caption (0.62) but low alignment between image and text (0.24) and image and caption (0.31), indicating the image content does not strongly support the textual claims. Overall, the forensic evidence supports the initial suspicion that this news item is fake, and the tools did not change the initial judgment.","When encountering vague or unusual headlines, critically assess whether the accompanying image and description truly support the claim, and be cautious if the visual content seems unrelated or inconsistent.","{
  ""Initial_Impression"": ""Fake"",
  ""Initial_Reasoning"": ""The headline 'this black horse' is vague and unusual as a news headline, which raises suspicion about its authenticity."",
  ""Final_Decision"": ""Fake"",
  ""Did_Decision_Change"": ""No"",
  ""Decision_Confidence"": ""High"",
  ""Explanation"": ""Initially, the headline 'this black horse' seemed suspicious due to its vagueness and lack of clear newsworthiness, suggesting it might be fake. The AI-generated image description 'a horse is jumping in the air on a black background' was somewhat aligned with the headline but not strongly descriptive. The vision tool detected visual concepts unrelated to a horse (e.g., scorpion, spider monkey) and classified the image as Fake with moderate confidence. The text tool classified the headline as Real but the AI caption as Fake with high confidence, indicating the caption might be misleading or fabricated. Sentiment scores were neutral, so no sensationalism was detected. Consistency scores showed moderate alignment between headline and caption (0.62) but low alignment between image and text (0.24) and image and caption (0.31), indicating the image content does not strongly support the textual claims. Overall, the forensic evidence supports the initial suspicion that this news item is fake, and the tools did not change the initial judgment."",
  ""Nudge"": ""When encountering vague or unusual headlines, critically assess whether the accompanying image and description truly support the claim, and be cautious if the visual content seems unrelated or inconsistent.""
}"
/content/FakeNews/assets/content/fakeddit_images/161.jpg,cranberry harvester in plymouth ma,1,a tractor is harvesting cranberries in a field,Real,Real,Fake,Real,"The headline 'cranberry harvester in plymouth ma' is straightforward and plausible, describing a common agricultural activity in a known location without sensational or extraordinary claims.",Real,No,Medium,"My initial impression was that the headline is likely real because it describes a plausible and non-sensational event. The AI-generated image description 'a tractor is harvesting cranberries in a field' aligns well with the headline, indicating the description is reliable. The vision tool detected relevant visual concepts such as 'harvester' and 'tractor' and classified the image as Real with moderate confidence. The text tool classified the headline as Real with good confidence, though it flagged the AI caption as Fake with high confidence, which may indicate the caption is somewhat generic or less precise. The consistency tool showed moderate semantic alignment between the headline and caption (0.55) and lower but positive cross-modal similarities between image and text (around 0.36-0.37), suggesting the image content generally matches the headline and caption. Overall, the forensic evidence supports the headline's authenticity and the image's relevance, so I maintain the Real classification with medium confidence due to some minor inconsistencies in caption classification.","When evaluating similar content, focus on whether the headline makes a straightforward, plausible claim and check if the image and description align well with it. Be cautious if the description or image seems generic or mismatched, as that can indicate less reliable content.","{
  ""Initial_Impression"": ""Real"",
  ""Initial_Reasoning"": ""The headline 'cranberry harvester in plymouth ma' is straightforward and plausible, describing a common agricultural activity in a known location without sensational or extraordinary claims."",
  ""Final_Decision"": ""Real"",
  ""Did_Decision_Change"": ""No"",
  ""Decision_Confidence"": ""Medium"",
  ""Explanation"": ""My initial impression was that the headline is likely real because it describes a plausible and non-sensational event. The AI-generated image description 'a tractor is harvesting cranberries in a field' aligns well with the headline, indicating the description is reliable. The vision tool detected relevant visual concepts such as 'harvester' and 'tractor' and classified the image as Real with moderate confidence. The text tool classified the headline as Real with good confidence, though it flagged the AI caption as Fake with high confidence, which may indicate the caption is somewhat generic or less precise. The consistency tool showed moderate semantic alignment between the headline and caption (0.55) and lower but positive cross-modal similarities between image and text (around 0.36-0.37), suggesting the image content generally matches the headline and caption. Overall, the forensic evidence supports the headline's authenticity and the image's relevance, so I maintain the Real classification with medium confidence due to some minor inconsistencies in caption classification."",
  ""Nudge"": ""When evaluating similar content, focus on whether the headline makes a straightforward, plausible claim and check if the image and description align well with it. Be cautious if the description or image seems generic or mismatched, as that can indicate less reliable content.""
}"
/content/FakeNews/assets/content/fakeddit_images/67.jpg,the post office kept returning packages mailed in beer boxes so i had to get creative,1,laurelwood robotics team,Real,Real,Real,Real,"The headline describes a plausible personal anecdote about the post office returning packages in beer boxes, which seems like a relatable and non-sensational story.",Fake,Yes,Medium,"Initially, the headline seemed realistic as it described a plausible situation involving postal package returns and a creative workaround. However, the AI-generated image description 'laurelwood robotics team' is not aligned with the headline content, indicating a mismatch. The vision tool detected concepts related to wood and hardware but nothing clearly connected to the headline or the AI caption, though it classified the image as Real with low confidence. The text tool classified both the headline and AI caption as Real, but the caption had lower confidence and neutral sentiment, while the headline had a positive sentiment. The consistency tool showed very low semantic similarity between the headline and AI caption (0.03), and low cross-modal similarities between the image and both texts (0.26 and 0.34), indicating poor alignment overall. This suggests the image and caption do not support the headline's claim, which raises doubts about the authenticity of the news item. Given the mismatch and weak alignment, the content is likely misleading or fake despite the plausible headline. Therefore, I changed my decision to Fake with medium confidence due to some real elements but poor coherence.","When evaluating news that includes images and captions, always check if the visual content and descriptions logically support the headline's claim; mismatches often indicate misleading or fabricated stories.","{
  ""Initial_Impression"": ""Real"",
  ""Initial_Reasoning"": ""The headline describes a plausible personal anecdote about the post office returning packages in beer boxes, which seems like a relatable and non-sensational story."",
  ""Final_Decision"": ""Fake"",
  ""Did_Decision_Change"": ""Yes"",
  ""Decision_Confidence"": ""Medium"",
  ""Explanation"": ""Initially, the headline seemed realistic as it described a plausible situation involving postal package returns and a creative workaround. However, the AI-generated image description 'laurelwood robotics team' is not aligned with the headline content, indicating a mismatch. The vision tool detected concepts related to wood and hardware but nothing clearly connected to the headline or the AI caption, though it classified the image as Real with low confidence. The text tool classified both the headline and AI caption as Real, but the caption had lower confidence and neutral sentiment, while the headline had a positive sentiment. The consistency tool showed very low semantic similarity between the headline and AI caption (0.03), and low cross-modal similarities between the image and both texts (0.26 and 0.34), indicating poor alignment overall. This suggests the image and caption do not support the headline's claim, which raises doubts about the authenticity of the news item. Given the mismatch and weak alignment, the content is likely misleading or fake despite the plausible headline. Therefore, I changed my decision to Fake with medium confidence due to some real elements but poor coherence."",
  ""Nudge"": ""When evaluating news that includes images and captions, always check if the visual content and descriptions logically support the headline's claim; mismatches often indicate misleading or fabricated stories.""
}"
/content/FakeNews/assets/content/fakeddit_images/212.jpg,wheeeeeee tail end of a jet,0,the tail of a jet airplane on a foggy day,Real,Fake,Fake,Fake,"The headline 'wheeeeeee tail end of a jet' sounds informal, exaggerated, and lacks clear factual content, which raises suspicion about its authenticity.",Fake,No,High,"My initial impression based on the headline alone was that the news item is likely fake due to its informal and sensational tone. The AI-generated image description 'the tail of a jet airplane on a foggy day' aligns reasonably well with the headline, so it was considered reliable for further analysis. The vision tool detected relevant visual concepts related to planes and classified the image as Real but with low confidence (around 0.5), indicating uncertainty. However, the text tool strongly flagged both the headline and the AI caption as Fake with very high confidence (around 0.97), suggesting the textual content is misleading or fabricated. The sentiment scores were neutral, so sensationalism was not a factor. The consistency tool showed moderate semantic similarity between the headline and caption (0.62), but low cross-modal similarity between the image and both texts (around 0.27-0.32), indicating weak alignment between the visual content and the textual claims. Overall, the strong textual fake signals combined with weak image-text alignment confirm the initial suspicion that this is fake news. The tools did not change my mind but reinforced the initial judgment with high confidence.","When encountering informal or vague headlines, especially those with exaggerated expressions, critically check if the accompanying image and description truly support the claim, and be cautious of content flagged as fake by multiple analytical tools.","{
  ""Initial_Impression"": ""Fake"",
  ""Initial_Reasoning"": ""The headline 'wheeeeeee tail end of a jet' sounds informal, exaggerated, and lacks clear factual content, which raises suspicion about its authenticity."",
  ""Final_Decision"": ""Fake"",
  ""Did_Decision_Change"": ""No"",
  ""Decision_Confidence"": ""High"",
  ""Explanation"": ""My initial impression based on the headline alone was that the news item is likely fake due to its informal and sensational tone. The AI-generated image description 'the tail of a jet airplane on a foggy day' aligns reasonably well with the headline, so it was considered reliable for further analysis. The vision tool detected relevant visual concepts related to planes and classified the image as Real but with low confidence (around 0.5), indicating uncertainty. However, the text tool strongly flagged both the headline and the AI caption as Fake with very high confidence (around 0.97), suggesting the textual content is misleading or fabricated. The sentiment scores were neutral, so sensationalism was not a factor. The consistency tool showed moderate semantic similarity between the headline and caption (0.62), but low cross-modal similarity between the image and both texts (around 0.27-0.32), indicating weak alignment between the visual content and the textual claims. Overall, the strong textual fake signals combined with weak image-text alignment confirm the initial suspicion that this is fake news. The tools did not change my mind but reinforced the initial judgment with high confidence."",
  ""Nudge"": ""When encountering informal or vague headlines, especially those with exaggerated expressions, critically check if the accompanying image and description truly support the claim, and be cautious of content flagged as fake by multiple analytical tools.""
}"
/content/FakeNews/assets/content/fakeddit_images/266.jpg,found a smoothly ushaped piece of spaghetti,1,a package of spaghetti and a wooden spoon,Real,Real,Fake,Real,"The headline 'found a smoothly ushaped piece of spaghetti' sounds like a simple, plausible observation without sensational or extraordinary claims.",Fake,Yes,Medium,"Initially, the headline seemed realistic as it described a mundane observation about a piece of spaghetti shaped like a 'U'. The AI-generated image description 'a package of spaghetti and a wooden spoon' was somewhat aligned but not a perfect match, so it was treated as cautiously reliable. The vision tool detected relevant visual concepts like 'spaghetti squash' and 'spatula' and classified the image as Real but with low confidence (about 0.5). The text tool strongly classified the headline as Real with high confidence, but it flagged the AI caption as Fake with very high confidence, indicating the caption might be inaccurate or misleading. The consistency tool showed moderate but not strong alignment between headline, caption, and image (similarity scores around 0.35 to 0.46), suggesting some mismatch or weak connection. Given the strong fake classification of the AI caption and the moderate alignment scores, the overall evidence points to the content being misleading or partially fabricated, leading to a final decision of Fake with medium confidence. The tools revealed nuances missed in the initial impression, especially the unreliability of the AI caption and moderate inconsistencies.","When evaluating similar content, pay close attention to how well the image and its description align with the headline; inconsistencies or vague captions can be red flags for misinformation or manipulation.","{
  ""Initial_Impression"": ""Real"",
  ""Initial_Reasoning"": ""The headline 'found a smoothly ushaped piece of spaghetti' sounds like a simple, plausible observation without sensational or extraordinary claims."",
  ""Final_Decision"": ""Fake"",
  ""Did_Decision_Change"": ""Yes"",
  ""Decision_Confidence"": ""Medium"",
  ""Explanation"": ""Initially, the headline seemed realistic as it described a mundane observation about a piece of spaghetti shaped like a 'U'. The AI-generated image description 'a package of spaghetti and a wooden spoon' was somewhat aligned but not a perfect match, so it was treated as cautiously reliable. The vision tool detected relevant visual concepts like 'spaghetti squash' and 'spatula' and classified the image as Real but with low confidence (about 0.5). The text tool strongly classified the headline as Real with high confidence, but it flagged the AI caption as Fake with very high confidence, indicating the caption might be inaccurate or misleading. The consistency tool showed moderate but not strong alignment between headline, caption, and image (similarity scores around 0.35 to 0.46), suggesting some mismatch or weak connection. Given the strong fake classification of the AI caption and the moderate alignment scores, the overall evidence points to the content being misleading or partially fabricated, leading to a final decision of Fake with medium confidence. The tools revealed nuances missed in the initial impression, especially the unreliability of the AI caption and moderate inconsistencies."",
  ""Nudge"": ""When evaluating similar content, pay close attention to how well the image and its description align with the headline; inconsistencies or vague captions can be red flags for misinformation or manipulation.""
}"
/content/FakeNews/assets/content/fakeddit_images/112.jpg,mit surprises ahmed mohamed during live interview,1,two people in hijab sitting next to each other,Real,Real,Fake,Fake,"The headline 'mit surprises ahmed mohamed during live interview' sounds unusual and potentially misleading, as it references a specific event involving a well-known figure (Ahmed Mohamed) and MIT, which could be fabricated or exaggerated.",Fake,No,Medium,"My initial impression was that the headline might be fake due to its unusual and potentially sensational nature. The AI-generated image description 'two people in hijab sitting next to each other' does not clearly align with the headline about MIT and Ahmed Mohamed, indicating a possible mismatch or hallucination in the description. The vision tool classified the image as Real but with low confidence and detected unrelated visual concepts, which do not strongly support the headline. The text tool classified the headline as Real with high confidence but flagged the AI caption as Fake with high confidence, showing a discrepancy between the headline and the image description. Sentiment analysis showed mild positivity in the headline but neutral in the caption. Consistency scores between headline, caption, and image were low (around 0.08 to 0.33), indicating weak alignment and suggesting the image and caption do not support the headline's claim. Overall, the forensic evidence supports the initial suspicion that the news item is likely fake or misleading, especially due to the poor alignment and questionable image description.","When encountering news with specific names and surprising claims, check if the image and description logically support the headline, and be cautious if the visual or textual elements seem unrelated or inconsistent.","{
  ""Initial_Impression"": ""Fake"",
  ""Initial_Reasoning"": ""The headline 'mit surprises ahmed mohamed during live interview' sounds unusual and potentially misleading, as it references a specific event involving a well-known figure (Ahmed Mohamed) and MIT, which could be fabricated or exaggerated."",
  ""Final_Decision"": ""Fake"",
  ""Did_Decision_Change"": ""No"",
  ""Decision_Confidence"": ""Medium"",
  ""Explanation"": ""My initial impression was that the headline might be fake due to its unusual and potentially sensational nature. The AI-generated image description 'two people in hijab sitting next to each other' does not clearly align with the headline about MIT and Ahmed Mohamed, indicating a possible mismatch or hallucination in the description. The vision tool classified the image as Real but with low confidence and detected unrelated visual concepts, which do not strongly support the headline. The text tool classified the headline as Real with high confidence but flagged the AI caption as Fake with high confidence, showing a discrepancy between the headline and the image description. Sentiment analysis showed mild positivity in the headline but neutral in the caption. Consistency scores between headline, caption, and image were low (around 0.08 to 0.33), indicating weak alignment and suggesting the image and caption do not support the headline's claim. Overall, the forensic evidence supports the initial suspicion that the news item is likely fake or misleading, especially due to the poor alignment and questionable image description."",
  ""Nudge"": ""When encountering news with specific names and surprising claims, check if the image and description logically support the headline, and be cautious if the visual or textual elements seem unrelated or inconsistent.""
}"
/content/FakeNews/assets/content/fakeddit_images/167.jpg,tuna sushi rat,0,"armadillos are cute, but they're also deadly",Real,Fake,Real,Fake,"The headline 'tuna sushi rat' is unusual and nonsensical, suggesting a likely fake or misleading news item.",Fake,No,High,"My initial impression based on the headline alone was that this news item is likely fake because the phrase 'tuna sushi rat' is odd and does not form a coherent or credible news headline. The AI-generated image description 'armadillos are cute, but they're also deadly' is unrelated and does not align well with the headline, indicating it is not a reliable complement. The vision tool detected concepts like armadillo and reptiles and classified the image as Real but with low confidence (about 0.5), which is inconclusive. The text tool strongly flagged the headline as Fake with high confidence (0.89), while it considered the AI caption Real with moderate confidence (0.81). Sentiment analysis showed neutral to mild positivity for the caption but neutral for the headline, indicating no sensationalism. The consistency tool showed low similarity scores between headline, caption, and image (all around 0.2 to 0.3), confirming poor alignment and suggesting the content is disjointed and likely fabricated or misleading. Overall, the forensic tools confirmed my initial suspicion that this is fake news, and I maintain that decision with high confidence.","When encountering strange or nonsensical headlines, check if the accompanying image and description logically align with the headline. Mismatches often indicate misinformation or fake content.","{
  ""Initial_Impression"": ""Fake"",
  ""Initial_Reasoning"": ""The headline 'tuna sushi rat' is unusual and nonsensical, suggesting a likely fake or misleading news item."",
  ""Final_Decision"": ""Fake"",
  ""Did_Decision_Change"": ""No"",
  ""Decision_Confidence"": ""High"",
  ""Explanation"": ""My initial impression based on the headline alone was that this news item is likely fake because the phrase 'tuna sushi rat' is odd and does not form a coherent or credible news headline. The AI-generated image description 'armadillos are cute, but they're also deadly' is unrelated and does not align well with the headline, indicating it is not a reliable complement. The vision tool detected concepts like armadillo and reptiles and classified the image as Real but with low confidence (about 0.5), which is inconclusive. The text tool strongly flagged the headline as Fake with high confidence (0.89), while it considered the AI caption Real with moderate confidence (0.81). Sentiment analysis showed neutral to mild positivity for the caption but neutral for the headline, indicating no sensationalism. The consistency tool showed low similarity scores between headline, caption, and image (all around 0.2 to 0.3), confirming poor alignment and suggesting the content is disjointed and likely fabricated or misleading. Overall, the forensic tools confirmed my initial suspicion that this is fake news, and I maintain that decision with high confidence."",
  ""Nudge"": ""When encountering strange or nonsensical headlines, check if the accompanying image and description logically align with the headline. Mismatches often indicate misinformation or fake content.""
}"
/content/FakeNews/assets/content/fakeddit_images/236.jpg,anticommunim is my duty lets protect it with my own power south korea s,0,"a poster with the words ""the north korean people's war""",Real,Fake,Fake,Fake,"The headline is poorly written, contains spelling errors ('anticommunim'), and is incoherent, which is typical of low-quality or fake news content.",Fake,No,High,"My initial impression based on the headline alone was that this news item is likely fake due to the spelling errors and incoherent phrasing, which are common in misleading or fabricated content. The AI-generated image description, 'a poster with the words ""the north korean people's war""', does not align well with the headline about South Korea and anti-communism, indicating a mismatch and reducing the reliability of the description. The vision tool classified the image as Real but with low confidence (around 0.5), suggesting the image itself is not obviously manipulated but not strongly authentic either. The text tool strongly flagged both the headline and the AI caption as Fake with very high confidence, reinforcing the suspicion of misinformation. Sentiment analysis showed the headline has a somewhat positive sentiment but the caption is negative, indicating a tonal mismatch. The consistency tool showed low to moderate similarity scores between headline, caption, and image, confirming poor alignment and semantic inconsistency. Overall, the forensic tools confirmed my initial judgment that this is fake news, and the evidence is strong and consistent.","When encountering news with spelling errors, incoherent phrasing, or mismatched image descriptions, be skeptical and verify the source before trusting or sharing the content.","{
  ""Initial_Impression"": ""Fake"",
  ""Initial_Reasoning"": ""The headline is poorly written, contains spelling errors ('anticommunim'), and is incoherent, which is typical of low-quality or fake news content."",
  ""Final_Decision"": ""Fake"",
  ""Did_Decision_Change"": ""No"",
  ""Decision_Confidence"": ""High"",
  ""Explanation"": ""My initial impression based on the headline alone was that this news item is likely fake due to the spelling errors and incoherent phrasing, which are common in misleading or fabricated content. The AI-generated image description, 'a poster with the words \""the north korean people's war\""', does not align well with the headline about South Korea and anti-communism, indicating a mismatch and reducing the reliability of the description. The vision tool classified the image as Real but with low confidence (around 0.5), suggesting the image itself is not obviously manipulated but not strongly authentic either. The text tool strongly flagged both the headline and the AI caption as Fake with very high confidence, reinforcing the suspicion of misinformation. Sentiment analysis showed the headline has a somewhat positive sentiment but the caption is negative, indicating a tonal mismatch. The consistency tool showed low to moderate similarity scores between headline, caption, and image, confirming poor alignment and semantic inconsistency. Overall, the forensic tools confirmed my initial judgment that this is fake news, and the evidence is strong and consistent."",
  ""Nudge"": ""When encountering news with spelling errors, incoherent phrasing, or mismatched image descriptions, be skeptical and verify the source before trusting or sharing the content.""
}"
/content/FakeNews/assets/content/fakeddit_images/29.jpg,chinese village doctor overcomes amputation to make house calls on only one leg,1,a man walking down a dirt road with a cane,Real,Real,Real,Real,"The headline describes a plausible human interest story about a Chinese village doctor overcoming amputation to continue making house calls, which is inspiring and believable rather than sensational or exaggerated.",Real,No,High,"My initial impression was that the headline is likely real because it tells a plausible and inspiring story without sensationalism. The AI-generated image description, 'a man walking down a dirt road with a cane,' aligns well with the headline about a doctor overcoming amputation and making house calls on one leg, so it is reliable as a complement. The vision tool detected relevant visual concepts and classified the image as Real with moderate confidence. The text tool strongly classified the headline as Real with very high confidence and the AI caption as Real with moderate confidence, with no sensational sentiment detected. The consistency tool showed moderate positive alignment between the headline, caption, and image, indicating they are related and consistent. Overall, the forensic tools confirmed my initial judgment, and there is no evidence of manipulation or misinformation. Therefore, I classify this news item as Real with high confidence.","When evaluating similar human interest stories, consider whether the details are plausible and supported by consistent visual and textual evidence rather than relying solely on emotional appeal.","{
  ""Initial_Impression"": ""Real"",
  ""Initial_Reasoning"": ""The headline describes a plausible human interest story about a Chinese village doctor overcoming amputation to continue making house calls, which is inspiring and believable rather than sensational or exaggerated."",
  ""Final_Decision"": ""Real"",
  ""Did_Decision_Change"": ""No"",
  ""Decision_Confidence"": ""High"",
  ""Explanation"": ""My initial impression was that the headline is likely real because it tells a plausible and inspiring story without sensationalism. The AI-generated image description, 'a man walking down a dirt road with a cane,' aligns well with the headline about a doctor overcoming amputation and making house calls on one leg, so it is reliable as a complement. The vision tool detected relevant visual concepts and classified the image as Real with moderate confidence. The text tool strongly classified the headline as Real with very high confidence and the AI caption as Real with moderate confidence, with no sensational sentiment detected. The consistency tool showed moderate positive alignment between the headline, caption, and image, indicating they are related and consistent. Overall, the forensic tools confirmed my initial judgment, and there is no evidence of manipulation or misinformation. Therefore, I classify this news item as Real with high confidence."",
  ""Nudge"": ""When evaluating similar human interest stories, consider whether the details are plausible and supported by consistent visual and textual evidence rather than relying solely on emotional appeal.""
}"
/content/FakeNews/assets/content/fakeddit_images/28.jpg,a nazi general still alive after being sentenced to death by firing squad,0,a cartoon character is hanging from a door,Real,Fake,Real,Fake,"The headline claims a Nazi general is still alive after being sentenced to death by firing squad, which sounds sensational and historically unlikely, suggesting potential misinformation.",Fake,No,High,"My initial impression based on the headline was that this news is likely fake due to its sensational and historically dubious claim. The AI-generated image description, 'a cartoon character is hanging from a door,' does not align well with the headline, indicating a lack of reliability in the image context. The vision tool detected unrelated visual concepts and classified the image as Real but with low confidence, suggesting the image itself is not obviously manipulated but irrelevant. The text tool strongly flagged the headline as Fake with very high confidence and negative sentiment, while the AI caption was considered Real but neutral in sentiment. The consistency tool showed very low similarity scores between the headline, caption, and image, confirming poor alignment and coherence among the elements. Overall, the forensic evidence supports the initial judgment that this news item is fake, with strong confidence.","Be cautious of sensational headlines that make extraordinary claims without credible evidence, and always check if the accompanying images and descriptions logically support the headline before trusting the news.","{
  ""Initial_Impression"": ""Fake"",
  ""Initial_Reasoning"": ""The headline claims a Nazi general is still alive after being sentenced to death by firing squad, which sounds sensational and historically unlikely, suggesting potential misinformation."",
  ""Final_Decision"": ""Fake"",
  ""Did_Decision_Change"": ""No"",
  ""Decision_Confidence"": ""High"",
  ""Explanation"": ""My initial impression based on the headline was that this news is likely fake due to its sensational and historically dubious claim. The AI-generated image description, 'a cartoon character is hanging from a door,' does not align well with the headline, indicating a lack of reliability in the image context. The vision tool detected unrelated visual concepts and classified the image as Real but with low confidence, suggesting the image itself is not obviously manipulated but irrelevant. The text tool strongly flagged the headline as Fake with very high confidence and negative sentiment, while the AI caption was considered Real but neutral in sentiment. The consistency tool showed very low similarity scores between the headline, caption, and image, confirming poor alignment and coherence among the elements. Overall, the forensic evidence supports the initial judgment that this news item is fake, with strong confidence."",
  ""Nudge"": ""Be cautious of sensational headlines that make extraordinary claims without credible evidence, and always check if the accompanying images and descriptions logically support the headline before trusting the news.""
}"
/content/FakeNews/assets/content/fakeddit_images/129.jpg,travel agent booked a window seat,1,a man sitting on a plane,Fake,Real,Fake,Real,"The headline 'travel agent booked a window seat' sounds plausible and straightforward, with no sensational or extraordinary claims that would suggest fake news.",Fake,Yes,Medium,"Initially, the headline seemed realistic and benign, suggesting a simple event that a travel agent booked a window seat. The AI-generated image description 'a man sitting on a plane' was aligned with the headline in a general sense, indicating the description was somewhat reliable. However, forensic tool analysis revealed discrepancies: the vision tool flagged the image as 'Fake' with moderate confidence, and the text tool classified the headline as 'Real' but the AI caption as 'Fake' with high confidence. Sentiment scores were neutral, so no sensationalism was detected. Consistency scores between headline, caption, and image were low (~0.3), indicating weak alignment and possible mismatch. These signals suggest the image or its context might be manipulated or misleading, and the AI caption may be hallucinated or inaccurate. Given these mixed but concerning signals, the final decision is 'Fake' with medium confidence, reflecting some uncertainty but leaning towards misinformation.","When evaluating news, especially with images, always check if the visual content truly matches the headline and description. Low alignment or conflicting signals between text and image can indicate manipulation or misleading context.","{
  ""Initial_Impression"": ""Real"",
  ""Initial_Reasoning"": ""The headline 'travel agent booked a window seat' sounds plausible and straightforward, with no sensational or extraordinary claims that would suggest fake news."",
  ""Final_Decision"": ""Fake"",
  ""Did_Decision_Change"": ""Yes"",
  ""Decision_Confidence"": ""Medium"",
  ""Explanation"": ""Initially, the headline seemed realistic and benign, suggesting a simple event that a travel agent booked a window seat. The AI-generated image description 'a man sitting on a plane' was aligned with the headline in a general sense, indicating the description was somewhat reliable. However, forensic tool analysis revealed discrepancies: the vision tool flagged the image as 'Fake' with moderate confidence, and the text tool classified the headline as 'Real' but the AI caption as 'Fake' with high confidence. Sentiment scores were neutral, so no sensationalism was detected. Consistency scores between headline, caption, and image were low (~0.3), indicating weak alignment and possible mismatch. These signals suggest the image or its context might be manipulated or misleading, and the AI caption may be hallucinated or inaccurate. Given these mixed but concerning signals, the final decision is 'Fake' with medium confidence, reflecting some uncertainty but leaning towards misinformation."",
  ""Nudge"": ""When evaluating news, especially with images, always check if the visual content truly matches the headline and description. Low alignment or conflicting signals between text and image can indicate manipulation or misleading context.""
}"
/content/FakeNews/assets/content/fakeddit_images/287.jpg,katy perry singing with a parrot in the jungle,1,a woman in a bikini holding a parrot,Real,Real,Fake,Fake,"The headline 'katy perry singing with a parrot in the jungle' sounds unusual and somewhat sensational, which raises suspicion about its authenticity.",Fake,No,High,"My initial impression was that the headline seemed suspicious and potentially fake due to its unusual and sensational nature. The AI-generated image description 'a woman in a bikini holding a parrot' only partially aligns with the headline but does not mention singing or the jungle setting, making it somewhat unreliable as a complement. The vision tool detected concepts like 'maraca,' 'leopard,' 'wig,' and 'microphone,' which loosely relate to performance but do not strongly support the headline's claim. The vision classifier labeled the image as Real but with low confidence (0.50), indicating uncertainty. The text tool classified the headline as Real with very high confidence but flagged the AI caption as Fake with high confidence, suggesting the caption is misleading or inaccurate. Sentiment scores were neutral, so no sensational tone was detected. Consistency scores between headline, caption, and image were low to moderate (0.25 to 0.44), indicating weak alignment and some discrepancy. Overall, the forensic evidence supports the initial skepticism, confirming the content is likely fake or misleading.","When encountering unusual or sensational headlines, always check if the accompanying image and description truly support the claim, and be cautious if the visual or textual elements seem only loosely related or inconsistent.","{
  ""Initial_Impression"": ""Fake"",
  ""Initial_Reasoning"": ""The headline 'katy perry singing with a parrot in the jungle' sounds unusual and somewhat sensational, which raises suspicion about its authenticity."",
  ""Final_Decision"": ""Fake"",
  ""Did_Decision_Change"": ""No"",
  ""Decision_Confidence"": ""High"",
  ""Explanation"": ""My initial impression was that the headline seemed suspicious and potentially fake due to its unusual and sensational nature. The AI-generated image description 'a woman in a bikini holding a parrot' only partially aligns with the headline but does not mention singing or the jungle setting, making it somewhat unreliable as a complement. The vision tool detected concepts like 'maraca,' 'leopard,' 'wig,' and 'microphone,' which loosely relate to performance but do not strongly support the headline's claim. The vision classifier labeled the image as Real but with low confidence (0.50), indicating uncertainty. The text tool classified the headline as Real with very high confidence but flagged the AI caption as Fake with high confidence, suggesting the caption is misleading or inaccurate. Sentiment scores were neutral, so no sensational tone was detected. Consistency scores between headline, caption, and image were low to moderate (0.25 to 0.44), indicating weak alignment and some discrepancy. Overall, the forensic evidence supports the initial skepticism, confirming the content is likely fake or misleading."",
  ""Nudge"": ""When encountering unusual or sensational headlines, always check if the accompanying image and description truly support the claim, and be cautious if the visual or textual elements seem only loosely related or inconsistent.""
}"
