image_path,headline,true_label,blip2_caption,clip_label,roberta_label,initial_impression,initial_reasoning,final_decision,changed_mind,confidence,explanation,nudge,raw_output
/content/FakeNews/assets/content/fakeddit_images/44.jpg,bernie sander announces his campaign for president,0,"yoda is sitting in a chair with the caption, ""yoda is a wise man""",Real,Fake,Fake,"The headline claims Bernie Sanders announces a presidential campaign, but the image shows a person in a cabbage costume, which is unrelated and suspicious.",Fake,No,High,"Initially, the headline about Bernie Sanders' campaign did not match the image of a person dressed as a cabbage, which seemed unrelated and suspicious. The AI image description about Yoda was clearly inaccurate and unrelated to the image, so it was not reliable. The vision tool classified the image as Real but with low confidence and detected unrelated concepts like 'head cabbage' and 'bullfrog,' confirming the image content is unrelated to the headline. The text tool flagged the headline as Fake with high confidence, indicating the headline is likely false or misleading. The consistency tool showed very low similarity scores between the headline, AI caption, and image, confirming poor alignment. All evidence supports that this news item is Fake. The tools confirmed my initial impression without contradiction.",Always check if the image content matches the headline context; mismatches often indicate misleading or fake news.,"{
  ""Initial_Impression"": ""Fake"",
  ""Initial_Reasoning"": ""The headline claims Bernie Sanders announces a presidential campaign, but the image shows a person in a cabbage costume, which is unrelated and suspicious."",
  ""Final_Decision"": ""Fake"",
  ""Did_Decision_Change"": ""No"",
  ""Decision_Confidence"": ""High"",
  ""Explanation"": ""Initially, the headline about Bernie Sanders' campaign did not match the image of a person dressed as a cabbage, which seemed unrelated and suspicious. The AI image description about Yoda was clearly inaccurate and unrelated to the image, so it was not reliable. The vision tool classified the image as Real but with low confidence and detected unrelated concepts like 'head cabbage' and 'bullfrog,' confirming the image content is unrelated to the headline. The text tool flagged the headline as Fake with high confidence, indicating the headline is likely false or misleading. The consistency tool showed very low similarity scores between the headline, AI caption, and image, confirming poor alignment. All evidence supports that this news item is Fake. The tools confirmed my initial impression without contradiction."",
  ""Nudge"": ""Always check if the image content matches the headline context; mismatches often indicate misleading or fake news.""
}"
/content/FakeNews/assets/content/fakeddit_images/225.jpg,my dom nsfw,0,a woman is standing in front of microphones,Fake,Fake,Fake,"The headline 'my dom nsfw' is vague and suspicious, and the image shows a woman in front of microphones but does not clearly relate to the headline, suggesting possible mismatch or misleading content.",Fake,No,High,"Initially, the headline seemed suspicious and unrelated to the image, which shows a woman standing in front of microphones. The AI image description was accurate in describing the image content, so the consistency tool's scores are trustworthy. The vision tool flagged the image as potentially fake with moderate confidence, detecting microphones but also odd concepts like 'weasel' and 'American chameleon' which may indicate noise or manipulation. The text tool strongly classified the headline as fake with high confidence and neutral sentiment, indicating no genuine informative content. The consistency tool showed very low semantic similarity between the headline and caption (-0.03) and low cross-modal similarity between image and headline (0.18), confirming poor alignment. All tools consistently indicate the content is misleading or fake, confirming my initial impression without change.","Be cautious of headlines that are vague, nonsensical, or use internet slang without clear context, especially when paired with images that do not clearly support the claim. Always check if the image and text align logically before trusting the content.","{
  ""Initial_Impression"": ""Fake"",
  ""Initial_Reasoning"": ""The headline 'my dom nsfw' is vague and suspicious, and the image shows a woman in front of microphones but does not clearly relate to the headline, suggesting possible mismatch or misleading content."",
  ""Final_Decision"": ""Fake"",
  ""Did_Decision_Change"": ""No"",
  ""Decision_Confidence"": ""High"",
  ""Explanation"": ""Initially, the headline seemed suspicious and unrelated to the image, which shows a woman standing in front of microphones. The AI image description was accurate in describing the image content, so the consistency tool's scores are trustworthy. The vision tool flagged the image as potentially fake with moderate confidence, detecting microphones but also odd concepts like 'weasel' and 'American chameleon' which may indicate noise or manipulation. The text tool strongly classified the headline as fake with high confidence and neutral sentiment, indicating no genuine informative content. The consistency tool showed very low semantic similarity between the headline and caption (-0.03) and low cross-modal similarity between image and headline (0.18), confirming poor alignment. All tools consistently indicate the content is misleading or fake, confirming my initial impression without change."",
  ""Nudge"": ""Be cautious of headlines that are vague, nonsensical, or use internet slang without clear context, especially when paired with images that do not clearly support the claim. Always check if the image and text align logically before trusting the content.""
}"
/content/FakeNews/assets/content/fakeddit_images/31.jpg,my inlaws moved into a building that hasnt updated its common room since,1,a room with purple walls and green furniture,Real,Real,Real,"The image shows a room with purple walls and green furniture that looks like an older common room, which aligns with the headline about an outdated common room. There is no obvious manipulation or sensationalism in the image or headline.",Real,No,High,"My initial impression was that the news item is real because the image visually matches the headline's claim about an outdated common room. The AI-generated description 'a room with purple walls and green furniture' is accurate and consistent with the image, so the consistency tool's scores are trustworthy. The vision tool detected relevant visual concepts such as 'living room' and 'recreation room' and classified the image as Real with moderate confidence. The text tool strongly classified the headline as Real with very high confidence and found no sensational sentiment. The consistency tool showed moderate alignment between the headline, AI caption, and image, supporting the claim's coherence. Overall, the forensic tools confirmed my initial intuition, and there is no evidence of manipulation or misinformation.","When evaluating news items about places or settings, pay close attention to whether the image content logically matches the headline's claim and avoid jumping to conclusions based on vague or generic descriptions.","{
  ""Initial_Impression"": ""Real"",
  ""Initial_Reasoning"": ""The image shows a room with purple walls and green furniture that looks like an older common room, which aligns with the headline about an outdated common room. There is no obvious manipulation or sensationalism in the image or headline."",
  ""Final_Decision"": ""Real"",
  ""Did_Decision_Change"": ""No"",
  ""Decision_Confidence"": ""High"",
  ""Explanation"": ""My initial impression was that the news item is real because the image visually matches the headline's claim about an outdated common room. The AI-generated description 'a room with purple walls and green furniture' is accurate and consistent with the image, so the consistency tool's scores are trustworthy. The vision tool detected relevant visual concepts such as 'living room' and 'recreation room' and classified the image as Real with moderate confidence. The text tool strongly classified the headline as Real with very high confidence and found no sensational sentiment. The consistency tool showed moderate alignment between the headline, AI caption, and image, supporting the claim's coherence. Overall, the forensic tools confirmed my initial intuition, and there is no evidence of manipulation or misinformation."",
  ""Nudge"": ""When evaluating news items about places or settings, pay close attention to whether the image content logically matches the headline's claim and avoid jumping to conclusions based on vague or generic descriptions.""
}"
/content/FakeNews/assets/content/fakeddit_images/148.jpg,a leaf fell perfectly in the wet cement,1,a leaf on the sidewalk,Real,Real,Real,"The image shows a leaf on a cement surface that appears wet, and the headline 'a leaf fell perfectly in the wet cement' seems plausible and consistent with the visual evidence.",Real,No,High,"My initial impression was that the news item is real because the image clearly shows a leaf on a cement surface that looks wet, matching the headline's claim. The AI-generated description 'a leaf on the sidewalk' is accurate and reliable, supporting the consistency of the content. The vision tool classified the image as real with moderate confidence, detecting relevant visual concepts like 'mortar' which aligns with wet cement. The text tool strongly classified the headline as real with high confidence and a positive sentiment score, indicating a benign and plausible statement. The consistency tool showed moderate alignment between the headline and AI caption (0.54) and some alignment between the image and headline (0.37), which is reasonable given the simple nature of the claim. Overall, the forensic tools confirmed my initial intuition, and there is no evidence of manipulation or misinformation.","When evaluating similar content, pay close attention to whether the visual evidence directly supports the headline's claim and check for consistency between image descriptions and headlines to spot potential misinformation.","{
  ""Initial_Impression"": ""Real"",
  ""Initial_Reasoning"": ""The image shows a leaf on a cement surface that appears wet, and the headline 'a leaf fell perfectly in the wet cement' seems plausible and consistent with the visual evidence."",
  ""Final_Decision"": ""Real"",
  ""Did_Decision_Change"": ""No"",
  ""Decision_Confidence"": ""High"",
  ""Explanation"": ""My initial impression was that the news item is real because the image clearly shows a leaf on a cement surface that looks wet, matching the headline's claim. The AI-generated description 'a leaf on the sidewalk' is accurate and reliable, supporting the consistency of the content. The vision tool classified the image as real with moderate confidence, detecting relevant visual concepts like 'mortar' which aligns with wet cement. The text tool strongly classified the headline as real with high confidence and a positive sentiment score, indicating a benign and plausible statement. The consistency tool showed moderate alignment between the headline and AI caption (0.54) and some alignment between the image and headline (0.37), which is reasonable given the simple nature of the claim. Overall, the forensic tools confirmed my initial intuition, and there is no evidence of manipulation or misinformation."",
  ""Nudge"": ""When evaluating similar content, pay close attention to whether the visual evidence directly supports the headline's claim and check for consistency between image descriptions and headlines to spot potential misinformation.""
}"
/content/FakeNews/assets/content/fakeddit_images/34.jpg,a philadelphia bar cut a hall of famers baseball card in half and made it part of their wallpaper in mint condition its worth,1,a baseball card with a picture of a man on it,Real,Real,Fake,"The headline claims a Philadelphia bar cut a Hall of Famer's baseball card in half and incorporated it into their wallpaper, which sounds unusual and potentially damaging to a valuable collectible. The image shows a baseball card, but the idea of cutting a valuable card in half and calling it 'mint condition' seems contradictory and suspicious.",Real,Yes,Medium,"Initially, the headline seemed suspicious because cutting a valuable baseball card in half and still calling it 'mint condition' is counterintuitive and sounds like a sensational or fake claim. The image shows a baseball card, which aligns with the headline's subject. The AI-generated description is accurate but very generic, simply stating 'a baseball card with a picture of a man on it,' which matches the image. The vision tool detected relevant visual concepts like 'ballplayer' and 'baseball' and classified the image as Real with moderate confidence. The text tool classified the headline as Real with very high confidence and showed a neutral sentiment score, indicating the headline is not overly sensational. The consistency tool showed moderate semantic similarity between the headline and AI caption (0.59) and a lower but positive similarity between the image and headline (0.33), suggesting some alignment but not perfect. Overall, the forensic tools support the headline and image being genuine, leading me to change my initial impression to Real with medium confidence due to the unusual nature of the claim but strong tool support.","When encountering unusual or surprising claims, especially involving valuable collectibles, look for corroborating evidence and consider whether the language is sensational or neutral. Use multiple sources and tools to verify the authenticity before accepting such claims.","{
  ""Initial_Impression"": ""Fake"",
  ""Initial_Reasoning"": ""The headline claims a Philadelphia bar cut a Hall of Famer's baseball card in half and incorporated it into their wallpaper, which sounds unusual and potentially damaging to a valuable collectible. The image shows a baseball card, but the idea of cutting a valuable card in half and calling it 'mint condition' seems contradictory and suspicious."",
  ""Final_Decision"": ""Real"",
  ""Did_Decision_Change"": ""Yes"",
  ""Decision_Confidence"": ""Medium"",
  ""Explanation"": ""Initially, the headline seemed suspicious because cutting a valuable baseball card in half and still calling it 'mint condition' is counterintuitive and sounds like a sensational or fake claim. The image shows a baseball card, which aligns with the headline's subject. The AI-generated description is accurate but very generic, simply stating 'a baseball card with a picture of a man on it,' which matches the image. The vision tool detected relevant visual concepts like 'ballplayer' and 'baseball' and classified the image as Real with moderate confidence. The text tool classified the headline as Real with very high confidence and showed a neutral sentiment score, indicating the headline is not overly sensational. The consistency tool showed moderate semantic similarity between the headline and AI caption (0.59) and a lower but positive similarity between the image and headline (0.33), suggesting some alignment but not perfect. Overall, the forensic tools support the headline and image being genuine, leading me to change my initial impression to Real with medium confidence due to the unusual nature of the claim but strong tool support."",
  ""Nudge"": ""When encountering unusual or surprising claims, especially involving valuable collectibles, look for corroborating evidence and consider whether the language is sensational or neutral. Use multiple sources and tools to verify the authenticity before accepting such claims.""
}"
/content/FakeNews/assets/content/fakeddit_images/209.jpg,clean floors by day fight crime at night,0,a mop sitting on top of a tool rack,Real,Fake,Fake,"The headline 'clean floors by day fight crime at night' sounds sensational and implausible as a news claim. The image shows cleaning tools, which do not visually support the crime-fighting claim, suggesting a mismatch.",Fake,No,High,"My initial impression was that the news item is fake because the headline makes a sensational claim that cleaning floors is linked to fighting crime at night, which seems unlikely. The image shows a mop and cleaning tools, which do not support the headline's claim. The AI-generated image description 'a mop sitting on top of a tool rack' is accurate and matches the image, so the consistency tool's scores are trustworthy. The vision tool classified the image as Real but with low confidence (about 0.51), indicating the image itself is genuine but neutral regarding the claim. The text tool strongly flagged the headline as Fake with very high confidence (0.998) and detected a negative sentiment score (-0.5267), indicating sensationalism or negativity. The consistency tool showed low similarity scores between the headline and the AI caption (0.18) and between the image and the headline (0.20), confirming poor alignment. These forensic results confirm my initial intuition that the news item is fake, as the headline is misleading and not supported by the image or description.","When encountering sensational headlines, always check if the accompanying image and description logically support the claim. Mismatches between text and visuals often indicate misleading or fake content.","{
  ""Initial_Impression"": ""Fake"",
  ""Initial_Reasoning"": ""The headline 'clean floors by day fight crime at night' sounds sensational and implausible as a news claim. The image shows cleaning tools, which do not visually support the crime-fighting claim, suggesting a mismatch."",
  ""Final_Decision"": ""Fake"",
  ""Did_Decision_Change"": ""No"",
  ""Decision_Confidence"": ""High"",
  ""Explanation"": ""My initial impression was that the news item is fake because the headline makes a sensational claim that cleaning floors is linked to fighting crime at night, which seems unlikely. The image shows a mop and cleaning tools, which do not support the headline's claim. The AI-generated image description 'a mop sitting on top of a tool rack' is accurate and matches the image, so the consistency tool's scores are trustworthy. The vision tool classified the image as Real but with low confidence (about 0.51), indicating the image itself is genuine but neutral regarding the claim. The text tool strongly flagged the headline as Fake with very high confidence (0.998) and detected a negative sentiment score (-0.5267), indicating sensationalism or negativity. The consistency tool showed low similarity scores between the headline and the AI caption (0.18) and between the image and the headline (0.20), confirming poor alignment. These forensic results confirm my initial intuition that the news item is fake, as the headline is misleading and not supported by the image or description."",
  ""Nudge"": ""When encountering sensational headlines, always check if the accompanying image and description logically support the claim. Mismatches between text and visuals often indicate misleading or fake content.""
}"
/content/FakeNews/assets/content/fakeddit_images/141.jpg,brake or break uk artwork by mendoza,0,a vintage advertisement for a bicycle with the words brake or break,Fake,Fake,Real,"The image visually resembles a vintage bicycle advertisement with the phrase 'brake or break' visible, which aligns with the headline mentioning UK artwork by Mendoza. The style and content appear plausible for an old advertisement.",Fake,Yes,High,"Initially, the image and headline seemed consistent and believable as a vintage bicycle advertisement, suggesting a real piece of artwork. The AI description was accurate, describing the image as a vintage bicycle ad with the words 'brake or break,' which matches the visual content. However, forensic tools revealed strong evidence of fakery: the vision tool flagged the image as Fake with moderate confidence, detecting visual concepts related to bicycles but also labeling it as fake. The text tool classified the headline as Fake with very high confidence, indicating the headline is likely misleading or fabricated. The consistency tool showed only moderate semantic similarity between the headline and AI caption (0.53) and low cross-modal similarity between the image and headline (0.26), suggesting weak alignment. Taken together, these forensic signals outweigh the initial impression, indicating the news item is likely malicious fake news rather than benign content.","When evaluating vintage or artistic content, look beyond surface appearances and check for consistency between the image, headline, and descriptions. Use multiple verification methods to detect subtle signs of manipulation or misleading claims.","{
  ""Initial_Impression"": ""Real"",
  ""Initial_Reasoning"": ""The image visually resembles a vintage bicycle advertisement with the phrase 'brake or break' visible, which aligns with the headline mentioning UK artwork by Mendoza. The style and content appear plausible for an old advertisement."",
  ""Final_Decision"": ""Fake"",
  ""Did_Decision_Change"": ""Yes"",
  ""Decision_Confidence"": ""High"",
  ""Explanation"": ""Initially, the image and headline seemed consistent and believable as a vintage bicycle advertisement, suggesting a real piece of artwork. The AI description was accurate, describing the image as a vintage bicycle ad with the words 'brake or break,' which matches the visual content. However, forensic tools revealed strong evidence of fakery: the vision tool flagged the image as Fake with moderate confidence, detecting visual concepts related to bicycles but also labeling it as fake. The text tool classified the headline as Fake with very high confidence, indicating the headline is likely misleading or fabricated. The consistency tool showed only moderate semantic similarity between the headline and AI caption (0.53) and low cross-modal similarity between the image and headline (0.26), suggesting weak alignment. Taken together, these forensic signals outweigh the initial impression, indicating the news item is likely malicious fake news rather than benign content."",
  ""Nudge"": ""When evaluating vintage or artistic content, look beyond surface appearances and check for consistency between the image, headline, and descriptions. Use multiple verification methods to detect subtle signs of manipulation or misleading claims.""
}"
/content/FakeNews/assets/content/fakeddit_images/183.jpg,budapest,1,"the chain bridge in budapest, hungary",Real,Real,Real,"The image shows a large suspension bridge over a river, consistent with the famous Chain Bridge in Budapest. The headline 'budapest' is simple and factual, matching the visual content.",Real,No,High,"My initial impression was that the news item is real because the image clearly depicts a suspension bridge that resembles the Chain Bridge in Budapest, and the headline is straightforward and factual. The AI image description accurately describes the image as 'the chain bridge in budapest, hungary,' which aligns well with what I see. The vision tool confirmed the presence of a bridge and classified the image as real with moderate confidence. The text tool also classified the headline as real with moderate confidence and found no sensational sentiment. The consistency tool showed moderate semantic similarity between the headline and AI caption (0.55) and a lower but positive similarity between the image and headline (0.30), which is reasonable given the generic headline. Overall, the tools support my initial assessment, and there is no evidence of manipulation or misinformation.","When evaluating news items with simple headlines and well-known landmarks, focus on whether the image content matches the location and context described. Be cautious of overly vague headlines or mismatched images that could indicate misleading content.","{
  ""Initial_Impression"": ""Real"",
  ""Initial_Reasoning"": ""The image shows a large suspension bridge over a river, consistent with the famous Chain Bridge in Budapest. The headline 'budapest' is simple and factual, matching the visual content."",
  ""Final_Decision"": ""Real"",
  ""Did_Decision_Change"": ""No"",
  ""Decision_Confidence"": ""High"",
  ""Explanation"": ""My initial impression was that the news item is real because the image clearly depicts a suspension bridge that resembles the Chain Bridge in Budapest, and the headline is straightforward and factual. The AI image description accurately describes the image as 'the chain bridge in budapest, hungary,' which aligns well with what I see. The vision tool confirmed the presence of a bridge and classified the image as real with moderate confidence. The text tool also classified the headline as real with moderate confidence and found no sensational sentiment. The consistency tool showed moderate semantic similarity between the headline and AI caption (0.55) and a lower but positive similarity between the image and headline (0.30), which is reasonable given the generic headline. Overall, the tools support my initial assessment, and there is no evidence of manipulation or misinformation."",
  ""Nudge"": ""When evaluating news items with simple headlines and well-known landmarks, focus on whether the image content matches the location and context described. Be cautious of overly vague headlines or mismatched images that could indicate misleading content.""
}"
/content/FakeNews/assets/content/fakeddit_images/9.jpg,i dont know he looks kinda sick,0,a blue toilet paper holder with a face on it,Real,Fake,Fake,"The headline 'i dont know he looks kinda sick' is vague and informal, which raises suspicion. The image shows a blue toilet paper holder with a face, which seems unrelated or nonsensical in context with the headline, suggesting potential misinformation or a meme rather than genuine news.",Fake,No,High,"My initial impression was that the content is likely fake due to the odd combination of a vague, informal headline and an image of a blue toilet paper holder with a face, which does not appear to be a serious news item. The AI image description accurately describes the image, so the consistency tool's scores are trustworthy. The vision tool confirms the image is real but identifies it as a toilet-related object, matching the description. The text tool strongly classifies the headline as fake with very high confidence and detects a negative sentiment, indicating a suspicious or sensational tone. The consistency tool shows very low semantic similarity between the headline and the caption (0.067) and low cross-modal similarity between the image and headline (0.22), confirming poor alignment. All evidence supports the conclusion that this is malicious fake news or at least misleading content rather than benign or real news.","When encountering vague or informal headlines paired with unrelated or odd images, question the credibility and seek additional context or sources before accepting the content as true.","{
  ""Initial_Impression"": ""Fake"",
  ""Initial_Reasoning"": ""The headline 'i dont know he looks kinda sick' is vague and informal, which raises suspicion. The image shows a blue toilet paper holder with a face, which seems unrelated or nonsensical in context with the headline, suggesting potential misinformation or a meme rather than genuine news."",
  ""Final_Decision"": ""Fake"",
  ""Did_Decision_Change"": ""No"",
  ""Decision_Confidence"": ""High"",
  ""Explanation"": ""My initial impression was that the content is likely fake due to the odd combination of a vague, informal headline and an image of a blue toilet paper holder with a face, which does not appear to be a serious news item. The AI image description accurately describes the image, so the consistency tool's scores are trustworthy. The vision tool confirms the image is real but identifies it as a toilet-related object, matching the description. The text tool strongly classifies the headline as fake with very high confidence and detects a negative sentiment, indicating a suspicious or sensational tone. The consistency tool shows very low semantic similarity between the headline and the caption (0.067) and low cross-modal similarity between the image and headline (0.22), confirming poor alignment. All evidence supports the conclusion that this is malicious fake news or at least misleading content rather than benign or real news."",
  ""Nudge"": ""When encountering vague or informal headlines paired with unrelated or odd images, question the credibility and seek additional context or sources before accepting the content as true.""
}"
/content/FakeNews/assets/content/fakeddit_images/281.jpg,this door at a norwegian hotel has a mark that looks like norway,1,a small piece of paper is stuck to the wall,Real,Real,Real,"The image shows a door with a mark that visually resembles the shape of Norway, which aligns with the headline. The claim seems plausible and not sensational.",Real,No,High,"My initial impression was that the news item is real because the image clearly shows a door with a mark that looks like the outline of Norway, matching the headline. The AI-generated description stating 'a small piece of paper is stuck to the wall' is somewhat vague but not inaccurate, as the mark could be on a small paper or sticker. The vision tool detected relevant visual concepts such as 'elevator door' and 'hotel room' and classified the image as Real with moderate confidence. The text tool strongly classified the headline as Real with high confidence and a mild positive sentiment, indicating no sensationalism. The consistency tool showed moderate but not very high similarity scores between the headline, AI caption, and image, which is expected given the vague caption. Overall, the forensic tools confirm the initial intuition that the content is benign and truthful.","When evaluating similar content, focus on whether the visual evidence directly supports the headline and be cautious of vague or generic AI descriptions that might not add much clarity. Cross-checking multiple tools helps confirm authenticity.","{
  ""Initial_Impression"": ""Real"",
  ""Initial_Reasoning"": ""The image shows a door with a mark that visually resembles the shape of Norway, which aligns with the headline. The claim seems plausible and not sensational."",
  ""Final_Decision"": ""Real"",
  ""Did_Decision_Change"": ""No"",
  ""Decision_Confidence"": ""High"",
  ""Explanation"": ""My initial impression was that the news item is real because the image clearly shows a door with a mark that looks like the outline of Norway, matching the headline. The AI-generated description stating 'a small piece of paper is stuck to the wall' is somewhat vague but not inaccurate, as the mark could be on a small paper or sticker. The vision tool detected relevant visual concepts such as 'elevator door' and 'hotel room' and classified the image as Real with moderate confidence. The text tool strongly classified the headline as Real with high confidence and a mild positive sentiment, indicating no sensationalism. The consistency tool showed moderate but not very high similarity scores between the headline, AI caption, and image, which is expected given the vague caption. Overall, the forensic tools confirm the initial intuition that the content is benign and truthful."",
  ""Nudge"": ""When evaluating similar content, focus on whether the visual evidence directly supports the headline and be cautious of vague or generic AI descriptions that might not add much clarity. Cross-checking multiple tools helps confirm authenticity.""
}"
/content/FakeNews/assets/content/fakeddit_images/293.jpg,funding boost means new koala homes among the gum trees,1,a koala bear is wrapped in a blanket and sitting on a chair,Real,Real,Real,"The headline about funding for new koala homes aligns with the image of a koala wrapped in a blanket, suggesting a positive conservation effort.",Real,No,High,"My initial impression was that the news item is real because the headline about funding for new koala homes fits well with the image of a koala wrapped in a blanket, which suggests care and conservation. The AI image description accurately describes the image, confirming the reliability of the caption. The vision tool detected relevant visual concepts such as 'koala' and classified the image as real with moderate confidence. The text tool strongly classified the headline as real with very high confidence and a positive sentiment score, indicating a non-sensational, genuine tone. The consistency tool showed moderate alignment between the headline, AI caption, and image, supporting the coherence of the content. Overall, the forensic tools confirmed my initial intuition, and there is no evidence of manipulation or misinformation.","When evaluating similar content, pay close attention to whether the image and headline logically support each other and check for consistent, non-sensational language that aligns with the visual evidence.","{
  ""Initial_Impression"": ""Real"",
  ""Initial_Reasoning"": ""The headline about funding for new koala homes aligns with the image of a koala wrapped in a blanket, suggesting a positive conservation effort."",
  ""Final_Decision"": ""Real"",
  ""Did_Decision_Change"": ""No"",
  ""Decision_Confidence"": ""High"",
  ""Explanation"": ""My initial impression was that the news item is real because the headline about funding for new koala homes fits well with the image of a koala wrapped in a blanket, which suggests care and conservation. The AI image description accurately describes the image, confirming the reliability of the caption. The vision tool detected relevant visual concepts such as 'koala' and classified the image as real with moderate confidence. The text tool strongly classified the headline as real with very high confidence and a positive sentiment score, indicating a non-sensational, genuine tone. The consistency tool showed moderate alignment between the headline, AI caption, and image, supporting the coherence of the content. Overall, the forensic tools confirmed my initial intuition, and there is no evidence of manipulation or misinformation."",
  ""Nudge"": ""When evaluating similar content, pay close attention to whether the image and headline logically support each other and check for consistent, non-sensational language that aligns with the visual evidence.""
}"
/content/FakeNews/assets/content/fakeddit_images/202.jpg,you please ramen noodle package you eat,0,a person holding a box of instant noodles,Real,Fake,Fake,"The headline 'you please ramen noodle package you eat' is nonsensical and poorly constructed, which raises suspicion about the credibility of the news item. The image shows a person holding a box of instant noodles, which is consistent with the topic but does not clarify the headline's meaning.",Fake,No,High,"My initial impression was that the news item is fake due to the incoherent and grammatically incorrect headline. The AI image description accurately describes the image as a person holding a box of instant noodles, which matches the visual content. The vision tool classified the image as Real but with low confidence, indicating the image itself is likely authentic. However, the text tool strongly flagged the headline as Fake with very high confidence, reflecting the nonsensical nature of the headline. The consistency tool showed only moderate alignment between the headline and the AI caption (0.46) and low alignment between the image and the headline (0.30), indicating weak semantic and cross-modal consistency. Overall, the tools confirm that while the image is real, the headline is misleading or fabricated, making the news item fake.","When encountering headlines that seem confusing or poorly written, consider whether they make logical sense and check if the accompanying image and description align well with the claim. Mismatches or nonsensical language often indicate unreliable or fake content.","{
  ""Initial_Impression"": ""Fake"",
  ""Initial_Reasoning"": ""The headline 'you please ramen noodle package you eat' is nonsensical and poorly constructed, which raises suspicion about the credibility of the news item. The image shows a person holding a box of instant noodles, which is consistent with the topic but does not clarify the headline's meaning."",
  ""Final_Decision"": ""Fake"",
  ""Did_Decision_Change"": ""No"",
  ""Decision_Confidence"": ""High"",
  ""Explanation"": ""My initial impression was that the news item is fake due to the incoherent and grammatically incorrect headline. The AI image description accurately describes the image as a person holding a box of instant noodles, which matches the visual content. The vision tool classified the image as Real but with low confidence, indicating the image itself is likely authentic. However, the text tool strongly flagged the headline as Fake with very high confidence, reflecting the nonsensical nature of the headline. The consistency tool showed only moderate alignment between the headline and the AI caption (0.46) and low alignment between the image and the headline (0.30), indicating weak semantic and cross-modal consistency. Overall, the tools confirm that while the image is real, the headline is misleading or fabricated, making the news item fake."",
  ""Nudge"": ""When encountering headlines that seem confusing or poorly written, consider whether they make logical sense and check if the accompanying image and description align well with the claim. Mismatches or nonsensical language often indicate unreliable or fake content.""
}"
/content/FakeNews/assets/content/fakeddit_images/42.jpg,no planes were hurt in the filming of this scene photo credit in comments,0,air france a330-300 and airbus a350-900,Fake,Fake,Fake,"The headline's humorous tone and the image showing multiple planes in an unusual close formation suggest a staged or manipulated scene, raising suspicion about authenticity.",Fake,No,High,"My initial impression was that the news item is fake due to the unusual and unlikely close proximity of multiple large aircraft in the image, which looks staged or digitally altered. The headline's lighthearted disclaimer about no planes being hurt also hints at a fictional or humorous context. The AI image description accurately identifies the types of planes but does not confirm the scene's authenticity. The vision tool flagged the image as fake with moderate confidence, detecting relevant visual concepts but indicating manipulation. The text tool strongly classified the headline as fake with high confidence and noted a negative sentiment, likely due to the sarcastic tone. The consistency tool showed low similarity scores between the headline and AI caption and between the image and headline, indicating weak alignment and supporting the idea that the content is misleading or fabricated. Overall, the forensic tools confirmed my initial intuition, and I maintain a high confidence in the fake classification.","When encountering news with unusual or humorous headlines paired with striking images, critically assess whether the scene is plausible and check for signs of digital manipulation or staged content before accepting it as true.","{
  ""Initial_Impression"": ""Fake"",
  ""Initial_Reasoning"": ""The headline's humorous tone and the image showing multiple planes in an unusual close formation suggest a staged or manipulated scene, raising suspicion about authenticity."",
  ""Final_Decision"": ""Fake"",
  ""Did_Decision_Change"": ""No"",
  ""Decision_Confidence"": ""High"",
  ""Explanation"": ""My initial impression was that the news item is fake due to the unusual and unlikely close proximity of multiple large aircraft in the image, which looks staged or digitally altered. The headline's lighthearted disclaimer about no planes being hurt also hints at a fictional or humorous context. The AI image description accurately identifies the types of planes but does not confirm the scene's authenticity. The vision tool flagged the image as fake with moderate confidence, detecting relevant visual concepts but indicating manipulation. The text tool strongly classified the headline as fake with high confidence and noted a negative sentiment, likely due to the sarcastic tone. The consistency tool showed low similarity scores between the headline and AI caption and between the image and headline, indicating weak alignment and supporting the idea that the content is misleading or fabricated. Overall, the forensic tools confirmed my initial intuition, and I maintain a high confidence in the fake classification."",
  ""Nudge"": ""When encountering news with unusual or humorous headlines paired with striking images, critically assess whether the scene is plausible and check for signs of digital manipulation or staged content before accepting it as true.""
}"
/content/FakeNews/assets/content/fakeddit_images/263.jpg,a floating island,0,a small island in the middle of the ocean,Real,Fake,Real,"The image visually shows what appears to be a small island or landmass floating on water, which aligns with the headline 'a floating island'. The scene looks natural and plausible at first glance.",Fake,Yes,Medium,"Initially, the image and headline seemed consistent and realistic, showing a small island-like landmass in the ocean, which matched the headline 'a floating island'. The AI description was accurate and reliable, describing 'a small island in the middle of the ocean' which fits the image well. The vision tool detected relevant concepts such as 'islet' and 'iceberg' and classified the image as Real but with only moderate confidence (about 0.51). However, the text tool strongly flagged the headline as Fake with very high confidence (0.98), indicating the headline is likely misleading or false. The consistency tool showed moderate semantic similarity between the headline and AI caption (0.74), but low cross-modal similarity between the image and headline (0.30), suggesting the image does not strongly support the claim of a 'floating island'. This discrepancy, combined with the strong fake classification of the headline, leads to the conclusion that the news item is likely Fake. The tools revealed that while the image is real, the headline is misleading or false, so the overall news item is classified as Fake. Confidence is medium due to mixed signals from the image and headline analysis.","When encountering headlines about unusual natural phenomena, critically assess whether the image truly supports the claim and be cautious of sensational or vague headlines that may mislead despite realistic images.","{
  ""Initial_Impression"": ""Real"",
  ""Initial_Reasoning"": ""The image visually shows what appears to be a small island or landmass floating on water, which aligns with the headline 'a floating island'. The scene looks natural and plausible at first glance."",
  ""Final_Decision"": ""Fake"",
  ""Did_Decision_Change"": ""Yes"",
  ""Decision_Confidence"": ""Medium"",
  ""Explanation"": ""Initially, the image and headline seemed consistent and realistic, showing a small island-like landmass in the ocean, which matched the headline 'a floating island'. The AI description was accurate and reliable, describing 'a small island in the middle of the ocean' which fits the image well. The vision tool detected relevant concepts such as 'islet' and 'iceberg' and classified the image as Real but with only moderate confidence (about 0.51). However, the text tool strongly flagged the headline as Fake with very high confidence (0.98), indicating the headline is likely misleading or false. The consistency tool showed moderate semantic similarity between the headline and AI caption (0.74), but low cross-modal similarity between the image and headline (0.30), suggesting the image does not strongly support the claim of a 'floating island'. This discrepancy, combined with the strong fake classification of the headline, leads to the conclusion that the news item is likely Fake. The tools revealed that while the image is real, the headline is misleading or false, so the overall news item is classified as Fake. Confidence is medium due to mixed signals from the image and headline analysis."",
  ""Nudge"": ""When encountering headlines about unusual natural phenomena, critically assess whether the image truly supports the claim and be cautious of sensational or vague headlines that may mislead despite realistic images.""
}"
/content/FakeNews/assets/content/fakeddit_images/269.jpg,riva chosen by the people x,0,the cover of a book with the words 'crush by the people ',Fake,Fake,Fake,"The headline 'riva chosen by the people x' is vague and oddly phrased, and the image appears to be a book cover with text that does not clearly match the headline, suggesting possible manipulation or misleading content.",Fake,No,High,"My initial impression was that the news item is likely fake due to the unclear and oddly worded headline and the image showing a book cover with text that does not clearly align with the headline. The AI-generated description 'the cover of a book with the words 'crush by the people'' is somewhat inaccurate because the headline says 'riva chosen by the people x', which does not match the description or the visible text on the image. The vision tool flagged the image as Fake with moderate confidence, detecting concepts like 'book jacket' but also unrelated items, indicating possible confusion or manipulation. The text tool also classified the headline as Fake with moderate confidence and neutral sentiment, indicating no sensationalism but still suspicious content. The consistency tool showed low similarity scores between the headline and the AI caption (0.23) and between the image and the headline (0.23), indicating poor alignment and inconsistency. These forensic results confirm my initial intuition that this is malicious fake news. Therefore, I maintain the final decision as Fake with high confidence.","When encountering vague or oddly phrased headlines paired with images that don't clearly relate, question the alignment between text and visuals, and look for consistency before trusting the content.","{
  ""Initial_Impression"": ""Fake"",
  ""Initial_Reasoning"": ""The headline 'riva chosen by the people x' is vague and oddly phrased, and the image appears to be a book cover with text that does not clearly match the headline, suggesting possible manipulation or misleading content."",
  ""Final_Decision"": ""Fake"",
  ""Did_Decision_Change"": ""No"",
  ""Decision_Confidence"": ""High"",
  ""Explanation"": ""My initial impression was that the news item is likely fake due to the unclear and oddly worded headline and the image showing a book cover with text that does not clearly align with the headline. The AI-generated description 'the cover of a book with the words 'crush by the people'' is somewhat inaccurate because the headline says 'riva chosen by the people x', which does not match the description or the visible text on the image. The vision tool flagged the image as Fake with moderate confidence, detecting concepts like 'book jacket' but also unrelated items, indicating possible confusion or manipulation. The text tool also classified the headline as Fake with moderate confidence and neutral sentiment, indicating no sensationalism but still suspicious content. The consistency tool showed low similarity scores between the headline and the AI caption (0.23) and between the image and the headline (0.23), indicating poor alignment and inconsistency. These forensic results confirm my initial intuition that this is malicious fake news. Therefore, I maintain the final decision as Fake with high confidence."",
  ""Nudge"": ""When encountering vague or oddly phrased headlines paired with images that don't clearly relate, question the alignment between text and visuals, and look for consistency before trusting the content.""
}"
/content/FakeNews/assets/content/fakeddit_images/278.jpg,avengers infinity war,0,a colorful windows logo with squares,Fake,Fake,Fake,"The headline 'avengers infinity war' suggests a movie or superhero theme, but the image shows a colorful Windows logo with squares, which is unrelated and suspicious.",Fake,No,High,"My initial impression was that the news item is fake because the headline about 'avengers infinity war' does not match the image, which is a colorful Windows logo with squares. The AI-generated description accurately describes the image, confirming the image content is unrelated to the headline. The vision tool flagged the image as fake with moderate confidence, detecting concepts like 'packet' and 'shield' but not anything related to Avengers or movies. The text tool strongly flagged the headline as fake with very high confidence and detected a negative sentiment, indicating sensationalism or misleading content. The consistency tool showed very low similarity scores between the headline and the AI caption, and between the image and the headline, confirming poor alignment. All tools strongly support the initial intuition that this is malicious fake news.",Always check if the image content logically matches the headline; mismatches often indicate misleading or fake news.,"{
  ""Initial_Impression"": ""Fake"",
  ""Initial_Reasoning"": ""The headline 'avengers infinity war' suggests a movie or superhero theme, but the image shows a colorful Windows logo with squares, which is unrelated and suspicious."",
  ""Final_Decision"": ""Fake"",
  ""Did_Decision_Change"": ""No"",
  ""Decision_Confidence"": ""High"",
  ""Explanation"": ""My initial impression was that the news item is fake because the headline about 'avengers infinity war' does not match the image, which is a colorful Windows logo with squares. The AI-generated description accurately describes the image, confirming the image content is unrelated to the headline. The vision tool flagged the image as fake with moderate confidence, detecting concepts like 'packet' and 'shield' but not anything related to Avengers or movies. The text tool strongly flagged the headline as fake with very high confidence and detected a negative sentiment, indicating sensationalism or misleading content. The consistency tool showed very low similarity scores between the headline and the AI caption, and between the image and the headline, confirming poor alignment. All tools strongly support the initial intuition that this is malicious fake news."",
  ""Nudge"": ""Always check if the image content logically matches the headline; mismatches often indicate misleading or fake news.""
}"
/content/FakeNews/assets/content/fakeddit_images/56.jpg,poll nfl drops as favorite us sport,1,"atlanta falcons vs new england patriots live stream, tv channel, time, how to watch nfl football online",Real,Real,Fake,"The headline claims that the NFL has dropped as the favorite US sport, which is a sensational and potentially misleading statement. The image shows a football helmet and stadium, which aligns with NFL content, but the headline's claim seems exaggerated without context.",Real,Yes,Medium,"Initially, the headline seemed sensational and potentially misleading, suggesting a decline in NFL popularity, which raised suspicion. The AI image description accurately describes an NFL game between the Atlanta Falcons and New England Patriots, which matches the visual content showing football-related items. The vision tool classified the image as Real with moderate confidence, detecting football helmets and stadium elements. The text tool strongly classified the headline as Real with high confidence and a moderately positive sentiment, indicating the headline is not overly sensational or fake. The consistency tool showed low but positive alignment between the headline, AI caption, and image, suggesting some thematic connection but not strong semantic overlap. Overall, the tools indicate the content is likely Real, and the headline is a plausible news statement rather than fabricated misinformation. Thus, I changed my initial impression to Real with medium confidence due to moderate tool agreement and the headline's plausible nature.","When encountering headlines that make broad claims about popular topics, check for supporting evidence and context before accepting them as true, and consider whether the accompanying images and descriptions align well with the claim.","{
  ""Initial_Impression"": ""Fake"",
  ""Initial_Reasoning"": ""The headline claims that the NFL has dropped as the favorite US sport, which is a sensational and potentially misleading statement. The image shows a football helmet and stadium, which aligns with NFL content, but the headline's claim seems exaggerated without context."",
  ""Final_Decision"": ""Real"",
  ""Did_Decision_Change"": ""Yes"",
  ""Decision_Confidence"": ""Medium"",
  ""Explanation"": ""Initially, the headline seemed sensational and potentially misleading, suggesting a decline in NFL popularity, which raised suspicion. The AI image description accurately describes an NFL game between the Atlanta Falcons and New England Patriots, which matches the visual content showing football-related items. The vision tool classified the image as Real with moderate confidence, detecting football helmets and stadium elements. The text tool strongly classified the headline as Real with high confidence and a moderately positive sentiment, indicating the headline is not overly sensational or fake. The consistency tool showed low but positive alignment between the headline, AI caption, and image, suggesting some thematic connection but not strong semantic overlap. Overall, the tools indicate the content is likely Real, and the headline is a plausible news statement rather than fabricated misinformation. Thus, I changed my initial impression to Real with medium confidence due to moderate tool agreement and the headline's plausible nature."",
  ""Nudge"": ""When encountering headlines that make broad claims about popular topics, check for supporting evidence and context before accepting them as true, and consider whether the accompanying images and descriptions align well with the claim.""
}"
/content/FakeNews/assets/content/fakeddit_images/123.jpg,was browsing interior design when a nightmareclownmaskfromhell reflection of the shoes gave me goosebumps,0,"a room with a table, chair, and a stereo",Real,Fake,Fake,"The headline is bizarre and sensational, describing a 'nightmareclownmaskfromhell' reflection in shoes, which seems unlikely and exaggerated. The image appears to be a normal room with furniture, not matching the sensational claim.",Fake,No,High,"My initial impression was that the news item is fake due to the sensational and strange headline that does not seem to correspond to the image. The AI image description is accurate and straightforward, describing a room with a table, chair, and stereo, which matches what is visible in the image. The vision tool confirms the image is real and depicts a typical room setting, with no indication of anything unusual like a clown mask reflection. The text tool strongly flags the headline as fake with very high confidence, indicating the headline is likely fabricated or exaggerated. The consistency tool shows very low similarity scores between the headline and the AI caption, and between the image and the headline, confirming a poor alignment between the sensational claim and the actual image content. All evidence supports the conclusion that this is malicious fake news, and the tools did not change my initial decision but reinforced it with strong forensic evidence.","When encountering sensational or bizarre headlines, always check if the image content logically supports the claim. Look for consistency between the headline and visual evidence before accepting the story as true.","{
  ""Initial_Impression"": ""Fake"",
  ""Initial_Reasoning"": ""The headline is bizarre and sensational, describing a 'nightmareclownmaskfromhell' reflection in shoes, which seems unlikely and exaggerated. The image appears to be a normal room with furniture, not matching the sensational claim."",
  ""Final_Decision"": ""Fake"",
  ""Did_Decision_Change"": ""No"",
  ""Decision_Confidence"": ""High"",
  ""Explanation"": ""My initial impression was that the news item is fake due to the sensational and strange headline that does not seem to correspond to the image. The AI image description is accurate and straightforward, describing a room with a table, chair, and stereo, which matches what is visible in the image. The vision tool confirms the image is real and depicts a typical room setting, with no indication of anything unusual like a clown mask reflection. The text tool strongly flags the headline as fake with very high confidence, indicating the headline is likely fabricated or exaggerated. The consistency tool shows very low similarity scores between the headline and the AI caption, and between the image and the headline, confirming a poor alignment between the sensational claim and the actual image content. All evidence supports the conclusion that this is malicious fake news, and the tools did not change my initial decision but reinforced it with strong forensic evidence."",
  ""Nudge"": ""When encountering sensational or bizarre headlines, always check if the image content logically supports the claim. Look for consistency between the headline and visual evidence before accepting the story as true.""
}"
/content/FakeNews/assets/content/fakeddit_images/180.jpg,whats killing white middleaged american women,0,a grave with flowers and an american flag,Real,Real,Real,"The image shows a grave with flowers and an American flag, which visually aligns with the somber and serious tone of the headline about mortality among white middle-aged American women.",Real,No,Medium,"My initial impression was that the news item is real because the image of a grave with flowers and an American flag fits the headline's serious topic about causes of death among white middle-aged American women. The AI-generated image description is accurate and matches the image well, so the consistency tool's scores are trustworthy. The vision tool detected relevant visual concepts like cemetery and flagpole and classified the image as real with moderate confidence. The text tool also classified the headline as real, though with moderate confidence, and noted a negative sentiment consistent with the serious subject matter. The consistency tool showed low but positive alignment scores between the headline, caption, and image, indicating some thematic connection but not a strong direct match. Overall, the forensic tools support my initial impression, though the moderate confidence and somewhat low alignment scores suggest some caution. Therefore, I classify this news item as real with medium confidence.","When evaluating news about sensitive topics like mortality, pay close attention to whether the images and headlines align in tone and content, and be cautious of sensational or vague headlines that lack clear supporting visuals.","{
  ""Initial_Impression"": ""Real"",
  ""Initial_Reasoning"": ""The image shows a grave with flowers and an American flag, which visually aligns with the somber and serious tone of the headline about mortality among white middle-aged American women."",
  ""Final_Decision"": ""Real"",
  ""Did_Decision_Change"": ""No"",
  ""Decision_Confidence"": ""Medium"",
  ""Explanation"": ""My initial impression was that the news item is real because the image of a grave with flowers and an American flag fits the headline's serious topic about causes of death among white middle-aged American women. The AI-generated image description is accurate and matches the image well, so the consistency tool's scores are trustworthy. The vision tool detected relevant visual concepts like cemetery and flagpole and classified the image as real with moderate confidence. The text tool also classified the headline as real, though with moderate confidence, and noted a negative sentiment consistent with the serious subject matter. The consistency tool showed low but positive alignment scores between the headline, caption, and image, indicating some thematic connection but not a strong direct match. Overall, the forensic tools support my initial impression, though the moderate confidence and somewhat low alignment scores suggest some caution. Therefore, I classify this news item as real with medium confidence."",
  ""Nudge"": ""When evaluating news about sensitive topics like mortality, pay close attention to whether the images and headlines align in tone and content, and be cautious of sensational or vague headlines that lack clear supporting visuals.""
}"
/content/FakeNews/assets/content/fakeddit_images/75.jpg,the d,1,the sign on the building is the name of the hotel,Real,Fake,Fake,"The headline 'the d' is incomplete and nonsensical, and the image shows a building with a sign that is partially visible but does not clearly support the headline. This suggests the content might be misleading or fake.",Fake,No,High,"My initial impression was that the news item is fake due to the incomplete and unclear headline 'the d' and the image showing a building with a sign that does not clearly relate to the headline. The AI image description stating 'the sign on the building is the name of the hotel' is accurate but vague, so tool scores relying on it are somewhat trustworthy. The vision tool classified the image as Real but with low confidence (about 0.51), indicating the image itself is likely authentic but does not support the headline. The text tool strongly flagged the headline as Fake with high confidence (0.9), reflecting the headline's nonsensical nature. The consistency tool showed very low semantic similarity between the headline and the AI caption (0.06) and low cross-modal similarity between the image and headline (0.31), indicating poor alignment. Overall, the forensic tools confirmed my initial intuition that this is fake news, primarily due to the incoherent headline and poor alignment with the image content.","When evaluating news items, pay close attention to whether the headline clearly and accurately describes the image or content. Headlines that are incomplete, vague, or nonsensical often signal misleading or fake news.","{
  ""Initial_Impression"": ""Fake"",
  ""Initial_Reasoning"": ""The headline 'the d' is incomplete and nonsensical, and the image shows a building with a sign that is partially visible but does not clearly support the headline. This suggests the content might be misleading or fake."",
  ""Final_Decision"": ""Fake"",
  ""Did_Decision_Change"": ""No"",
  ""Decision_Confidence"": ""High"",
  ""Explanation"": ""My initial impression was that the news item is fake due to the incomplete and unclear headline 'the d' and the image showing a building with a sign that does not clearly relate to the headline. The AI image description stating 'the sign on the building is the name of the hotel' is accurate but vague, so tool scores relying on it are somewhat trustworthy. The vision tool classified the image as Real but with low confidence (about 0.51), indicating the image itself is likely authentic but does not support the headline. The text tool strongly flagged the headline as Fake with high confidence (0.9), reflecting the headline's nonsensical nature. The consistency tool showed very low semantic similarity between the headline and the AI caption (0.06) and low cross-modal similarity between the image and headline (0.31), indicating poor alignment. Overall, the forensic tools confirmed my initial intuition that this is fake news, primarily due to the incoherent headline and poor alignment with the image content."",
  ""Nudge"": ""When evaluating news items, pay close attention to whether the headline clearly and accurately describes the image or content. Headlines that are incomplete, vague, or nonsensical often signal misleading or fake news.""
}"
/content/FakeNews/assets/content/fakeddit_images/144.jpg,antichinese soviet,0,a poster with a man on a boat with a submarine,Fake,Fake,Fake,"The headline 'antichinese soviet' is vague and provocative, and the image showing a man on a boat with a submarine seems unrelated or suspiciously staged for such a headline.",Fake,No,High,"My initial impression was that this news item is likely fake due to the provocative and unclear headline combined with an image that does not clearly support the claim. The AI image description 'a poster with a man on a boat with a submarine' is accurate to the image, so the consistency tool's scores are trustworthy. The vision tool detected relevant visual concepts like 'submarine' and flagged the image as Fake with moderate confidence. The text tool strongly flagged the headline as Fake with high confidence and neutral sentiment, indicating no sensationalism but likely misinformation. The consistency tool showed low alignment between the headline and the AI caption (0.13) and between the image and the headline (0.24), indicating weak or no semantic or visual support for the headline from the image. All tools confirm my initial intuition, so I maintain the classification as Fake with high confidence.","When encountering vague or provocative headlines paired with unrelated or ambiguous images, critically assess whether the image truly supports the claim before accepting the news as credible.","{
  ""Initial_Impression"": ""Fake"",
  ""Initial_Reasoning"": ""The headline 'antichinese soviet' is vague and provocative, and the image showing a man on a boat with a submarine seems unrelated or suspiciously staged for such a headline."",
  ""Final_Decision"": ""Fake"",
  ""Did_Decision_Change"": ""No"",
  ""Decision_Confidence"": ""High"",
  ""Explanation"": ""My initial impression was that this news item is likely fake due to the provocative and unclear headline combined with an image that does not clearly support the claim. The AI image description 'a poster with a man on a boat with a submarine' is accurate to the image, so the consistency tool's scores are trustworthy. The vision tool detected relevant visual concepts like 'submarine' and flagged the image as Fake with moderate confidence. The text tool strongly flagged the headline as Fake with high confidence and neutral sentiment, indicating no sensationalism but likely misinformation. The consistency tool showed low alignment between the headline and the AI caption (0.13) and between the image and the headline (0.24), indicating weak or no semantic or visual support for the headline from the image. All tools confirm my initial intuition, so I maintain the classification as Fake with high confidence."",
  ""Nudge"": ""When encountering vague or provocative headlines paired with unrelated or ambiguous images, critically assess whether the image truly supports the claim before accepting the news as credible.""
}"
/content/FakeNews/assets/content/fakeddit_images/118.jpg,kung fu yosemite park style,1,a man jumping in the air in front of a lake,Fake,Real,Fake,"The headline 'kung fu yosemite park style' seems unusual and somewhat nonsensical when paired with the image of a man jumping in front of a lake, which does not clearly depict kung fu or Yosemite Park. This mismatch raises suspicion about the authenticity or relevance of the news item.",Fake,No,Medium,"Initially, the headline and image combination appeared suspicious because the image shows a man jumping in front of a lake, which does not obviously relate to 'kung fu' or 'Yosemite Park style.' The AI-generated description was accurate in describing the image content, so the consistency tool's scores are somewhat reliable. The vision tool flagged the image as 'Fake' with moderate confidence, detecting concepts like 'swimming hole' and 'balance beam' but no clear kung fu or Yosemite elements. The text tool classified the headline as 'Real' with high confidence but noted a negative sentiment, indicating a somewhat sensational or unusual tone. The consistency tool showed low semantic similarity between the headline and caption (0.17) and low cross-modal similarity between the image and headline (0.34), indicating poor alignment. These forensic results confirm the initial suspicion that the news item is misleading or fake, as the image and headline do not align well and the image itself is flagged as potentially fake. Therefore, the final decision remains 'Fake' with medium confidence due to mixed signals from the text tool but stronger visual and consistency evidence.","When encountering unusual or vague headlines paired with images, critically assess whether the image content clearly supports the headline's claim. Look for strong alignment between text and visuals, and be cautious of sensational or ambiguous headlines that do not match the image context.","{
  ""Initial_Impression"": ""Fake"",
  ""Initial_Reasoning"": ""The headline 'kung fu yosemite park style' seems unusual and somewhat nonsensical when paired with the image of a man jumping in front of a lake, which does not clearly depict kung fu or Yosemite Park. This mismatch raises suspicion about the authenticity or relevance of the news item."",
  ""Final_Decision"": ""Fake"",
  ""Did_Decision_Change"": ""No"",
  ""Decision_Confidence"": ""Medium"",
  ""Explanation"": ""Initially, the headline and image combination appeared suspicious because the image shows a man jumping in front of a lake, which does not obviously relate to 'kung fu' or 'Yosemite Park style.' The AI-generated description was accurate in describing the image content, so the consistency tool's scores are somewhat reliable. The vision tool flagged the image as 'Fake' with moderate confidence, detecting concepts like 'swimming hole' and 'balance beam' but no clear kung fu or Yosemite elements. The text tool classified the headline as 'Real' with high confidence but noted a negative sentiment, indicating a somewhat sensational or unusual tone. The consistency tool showed low semantic similarity between the headline and caption (0.17) and low cross-modal similarity between the image and headline (0.34), indicating poor alignment. These forensic results confirm the initial suspicion that the news item is misleading or fake, as the image and headline do not align well and the image itself is flagged as potentially fake. Therefore, the final decision remains 'Fake' with medium confidence due to mixed signals from the text tool but stronger visual and consistency evidence."",
  ""Nudge"": ""When encountering unusual or vague headlines paired with images, critically assess whether the image content clearly supports the headline's claim. Look for strong alignment between text and visuals, and be cautious of sensational or ambiguous headlines that do not match the image context.""
}"
/content/FakeNews/assets/content/fakeddit_images/25.jpg,scary pipe monster found in an abandoned factory,0,a face is painted on the side of a metal tank,Real,Fake,Fake,"The headline 'scary pipe monster found in an abandoned factory' sounds sensational and unlikely, and the image shows a painted face on a metal tank, which looks like a harmless artistic or graffiti depiction rather than a real monster.",Fake,No,High,"My initial impression was that the news item is fake because the headline is sensational and the image shows a painted face on a metal tank, not an actual monster. The AI image description accurately describes the image, confirming the face is painted on a metal tank. The vision tool detected concepts like 'mask' and 'muzzle' but classified the image as Real with low confidence, indicating the image itself is genuine but not depicting a monster. The text tool strongly flagged the headline as Fake with very high confidence and a strongly negative sentiment score, indicating sensationalism. The consistency tool showed low similarity scores between the headline and the AI caption (0.21) and between the image and the headline (0.29), indicating weak alignment and supporting that the headline exaggerates or misrepresents the image content. Overall, the forensic tools confirmed my initial intuition that this is a piece of fake news using a sensational headline to mislead viewers about a simple painted face on a metal tank.","When encountering sensational headlines, always compare the headline claims carefully with the actual image content and look for signs of exaggeration or misrepresentation before accepting the story as true.","{
  ""Initial_Impression"": ""Fake"",
  ""Initial_Reasoning"": ""The headline 'scary pipe monster found in an abandoned factory' sounds sensational and unlikely, and the image shows a painted face on a metal tank, which looks like a harmless artistic or graffiti depiction rather than a real monster."",
  ""Final_Decision"": ""Fake"",
  ""Did_Decision_Change"": ""No"",
  ""Decision_Confidence"": ""High"",
  ""Explanation"": ""My initial impression was that the news item is fake because the headline is sensational and the image shows a painted face on a metal tank, not an actual monster. The AI image description accurately describes the image, confirming the face is painted on a metal tank. The vision tool detected concepts like 'mask' and 'muzzle' but classified the image as Real with low confidence, indicating the image itself is genuine but not depicting a monster. The text tool strongly flagged the headline as Fake with very high confidence and a strongly negative sentiment score, indicating sensationalism. The consistency tool showed low similarity scores between the headline and the AI caption (0.21) and between the image and the headline (0.29), indicating weak alignment and supporting that the headline exaggerates or misrepresents the image content. Overall, the forensic tools confirmed my initial intuition that this is a piece of fake news using a sensational headline to mislead viewers about a simple painted face on a metal tank."",
  ""Nudge"": ""When encountering sensational headlines, always compare the headline claims carefully with the actual image content and look for signs of exaggeration or misrepresentation before accepting the story as true.""
}"
/content/FakeNews/assets/content/fakeddit_images/0.jpg,this tiny spoiler on this car,1,the back end of a black audi parked at a gas station,Real,Real,Real,"The image shows the back end of a black car with a small spoiler, consistent with the headline mentioning a tiny spoiler on a car. The headline is simple and non-sensational.",Real,No,High,"My initial impression was that the news item is real because the image visually matches the headline about a tiny spoiler on a car. The AI description accurately describes the image as the back end of a black Audi parked at a gas station, which aligns well with what I see. The vision tool detected relevant visual concepts related to cars and classified the image as Real with moderate confidence. The text tool strongly classified the headline as Real with high confidence and no sensational sentiment. The consistency tool showed moderate alignment between the headline and AI caption (0.46) and weaker but positive alignment between the image and headline (0.28), which is reasonable given the simple and factual nature of the headline. Overall, the forensic tools confirm my initial intuition, so I maintain the classification as Real with high confidence.","When evaluating similar content, focus on whether the image and headline clearly correspond without exaggeration or sensationalism, and verify if AI-generated descriptions accurately reflect the image to avoid being misled by hallucinated details.","{
  ""Initial_Impression"": ""Real"",
  ""Initial_Reasoning"": ""The image shows the back end of a black car with a small spoiler, consistent with the headline mentioning a tiny spoiler on a car. The headline is simple and non-sensational."",
  ""Final_Decision"": ""Real"",
  ""Did_Decision_Change"": ""No"",
  ""Decision_Confidence"": ""High"",
  ""Explanation"": ""My initial impression was that the news item is real because the image visually matches the headline about a tiny spoiler on a car. The AI description accurately describes the image as the back end of a black Audi parked at a gas station, which aligns well with what I see. The vision tool detected relevant visual concepts related to cars and classified the image as Real with moderate confidence. The text tool strongly classified the headline as Real with high confidence and no sensational sentiment. The consistency tool showed moderate alignment between the headline and AI caption (0.46) and weaker but positive alignment between the image and headline (0.28), which is reasonable given the simple and factual nature of the headline. Overall, the forensic tools confirm my initial intuition, so I maintain the classification as Real with high confidence."",
  ""Nudge"": ""When evaluating similar content, focus on whether the image and headline clearly correspond without exaggeration or sensationalism, and verify if AI-generated descriptions accurately reflect the image to avoid being misled by hallucinated details.""
}"
/content/FakeNews/assets/content/fakeddit_images/54.jpg,midapril release for redacted mueller report,1,a man in a suit and tie sitting at a table,Real,Real,Fake,"The headline about a 'midapril release for redacted mueller report' suggests a significant political event, but the image shows a man in a suit sitting at a table with no clear context or identifiable features linking it to the Mueller report, making it suspicious and possibly unrelated.",Real,Yes,Medium,"Initially, I suspected the news might be fake because the image did not clearly connect to the headline about the Mueller report release, and the headline was vague. The AI image description was accurate in describing a man in a suit sitting at a table, which matches the image. The vision tool classified the image as Real with moderate confidence, detecting some ambiguous visual concepts but no clear signs of manipulation. The text tool strongly classified the headline as Real with very high confidence and neutral sentiment, indicating no sensationalism. The consistency tool showed low semantic similarity between the headline and AI caption (0.02), which is expected since the caption is generic, but the image-to-text similarity was moderate (0.27), suggesting some alignment between the image content and headline context. Overall, the forensic tools support the headline's authenticity and the image's genuineness, leading me to revise my initial impression to Real with medium confidence due to the generic nature of the image and headline.","When evaluating news items, especially those involving political or complex topics, look for clear contextual links between images and headlines, and be cautious of generic images that do not provide specific evidence supporting the claim.","{
  ""Initial_Impression"": ""Fake"",
  ""Initial_Reasoning"": ""The headline about a 'midapril release for redacted mueller report' suggests a significant political event, but the image shows a man in a suit sitting at a table with no clear context or identifiable features linking it to the Mueller report, making it suspicious and possibly unrelated."",
  ""Final_Decision"": ""Real"",
  ""Did_Decision_Change"": ""Yes"",
  ""Decision_Confidence"": ""Medium"",
  ""Explanation"": ""Initially, I suspected the news might be fake because the image did not clearly connect to the headline about the Mueller report release, and the headline was vague. The AI image description was accurate in describing a man in a suit sitting at a table, which matches the image. The vision tool classified the image as Real with moderate confidence, detecting some ambiguous visual concepts but no clear signs of manipulation. The text tool strongly classified the headline as Real with very high confidence and neutral sentiment, indicating no sensationalism. The consistency tool showed low semantic similarity between the headline and AI caption (0.02), which is expected since the caption is generic, but the image-to-text similarity was moderate (0.27), suggesting some alignment between the image content and headline context. Overall, the forensic tools support the headline's authenticity and the image's genuineness, leading me to revise my initial impression to Real with medium confidence due to the generic nature of the image and headline."",
  ""Nudge"": ""When evaluating news items, especially those involving political or complex topics, look for clear contextual links between images and headlines, and be cautious of generic images that do not provide specific evidence supporting the claim.""
}"
/content/FakeNews/assets/content/fakeddit_images/220.jpg,poles donate record amounts of szlachetna paczka care packages,1,a little girl in a santa hat is opening a gift,Fake,Real,Real,"The image shows a little girl in a Santa hat opening a gift, which visually aligns with the idea of care packages being donated. The headline about Poles donating record amounts of Szlachetna Paczka care packages seems plausible and positive.",Fake,Yes,Medium,"Initially, the image and headline seemed consistent and believable, suggesting a real news item about charitable donations. The AI image description was accurate, describing a little girl in a Santa hat opening a gift, which fits the theme of care packages. However, forensic tools revealed some concerns: the vision tool flagged the image as potentially fake with borderline confidence, detecting concepts like 'toyshop' and 'hamper' but labeling the image as 'Fake'. The text tool strongly classified the headline as real with high confidence and a positive sentiment, indicating the headline itself is likely genuine. The consistency tool showed low semantic and cross-modal similarity scores (around 0.2), indicating weak alignment between the headline, AI caption, and image. This suggests the image may not directly support the headline's claim about record donations. Given the vision tool's fake flag and the low consistency scores, the overall evidence leans toward the news item being misleading or manipulated, thus classified as Fake despite the plausible headline.","When evaluating news about charitable acts, look closely at whether the images truly support the specific claims made in the headline, and be cautious if automated tools or inconsistencies suggest the image might be reused, staged, or unrelated.","{
  ""Initial_Impression"": ""Real"",
  ""Initial_Reasoning"": ""The image shows a little girl in a Santa hat opening a gift, which visually aligns with the idea of care packages being donated. The headline about Poles donating record amounts of Szlachetna Paczka care packages seems plausible and positive."",
  ""Final_Decision"": ""Fake"",
  ""Did_Decision_Change"": ""Yes"",
  ""Decision_Confidence"": ""Medium"",
  ""Explanation"": ""Initially, the image and headline seemed consistent and believable, suggesting a real news item about charitable donations. The AI image description was accurate, describing a little girl in a Santa hat opening a gift, which fits the theme of care packages. However, forensic tools revealed some concerns: the vision tool flagged the image as potentially fake with borderline confidence, detecting concepts like 'toyshop' and 'hamper' but labeling the image as 'Fake'. The text tool strongly classified the headline as real with high confidence and a positive sentiment, indicating the headline itself is likely genuine. The consistency tool showed low semantic and cross-modal similarity scores (around 0.2), indicating weak alignment between the headline, AI caption, and image. This suggests the image may not directly support the headline's claim about record donations. Given the vision tool's fake flag and the low consistency scores, the overall evidence leans toward the news item being misleading or manipulated, thus classified as Fake despite the plausible headline."",
  ""Nudge"": ""When evaluating news about charitable acts, look closely at whether the images truly support the specific claims made in the headline, and be cautious if automated tools or inconsistencies suggest the image might be reused, staged, or unrelated.""
}"
/content/FakeNews/assets/content/fakeddit_images/22.jpg,debate rages over praying for atheist richard dawkins after stroke,1,a man in glasses is speaking into a microphone,Fake,Real,Fake,"The headline is sensational and unusual, and the image shows a man speaking into a microphone but does not clearly connect to the headline's claim about Richard Dawkins and a stroke, raising suspicion.",Real,Yes,Medium,"Initially, the headline seemed sensational and the image did not obviously support the claim, leading to suspicion of fake news. The AI image description was accurate, showing a man in glasses speaking into a microphone, consistent with the image. The vision tool flagged the image as potentially fake but with low confidence (about 50%), and the visual concepts detected were generic and unrelated to the headline. The text tool strongly classified the headline as Real with very high confidence (99.9%) and a slightly negative sentiment score, indicating a somewhat serious tone rather than sensationalism. The consistency tool showed low but positive alignment between the headline and caption (0.13) and between the image and headline (0.36), suggesting some relevance but not strong direct evidence. Overall, the forensic tools indicate the headline is likely real news, despite the image being generic and the headline somewhat unusual. The tools changed my mind from initial suspicion to accepting the content as Real, though with medium confidence due to the weak direct visual support.","When encountering sensational or unusual headlines, look for strong visual or textual evidence that directly supports the claim, and be cautious of images that seem generic or unrelated to the headline.","{
  ""Initial_Impression"": ""Fake"",
  ""Initial_Reasoning"": ""The headline is sensational and unusual, and the image shows a man speaking into a microphone but does not clearly connect to the headline's claim about Richard Dawkins and a stroke, raising suspicion."",
  ""Final_Decision"": ""Real"",
  ""Did_Decision_Change"": ""Yes"",
  ""Decision_Confidence"": ""Medium"",
  ""Explanation"": ""Initially, the headline seemed sensational and the image did not obviously support the claim, leading to suspicion of fake news. The AI image description was accurate, showing a man in glasses speaking into a microphone, consistent with the image. The vision tool flagged the image as potentially fake but with low confidence (about 50%), and the visual concepts detected were generic and unrelated to the headline. The text tool strongly classified the headline as Real with very high confidence (99.9%) and a slightly negative sentiment score, indicating a somewhat serious tone rather than sensationalism. The consistency tool showed low but positive alignment between the headline and caption (0.13) and between the image and headline (0.36), suggesting some relevance but not strong direct evidence. Overall, the forensic tools indicate the headline is likely real news, despite the image being generic and the headline somewhat unusual. The tools changed my mind from initial suspicion to accepting the content as Real, though with medium confidence due to the weak direct visual support."",
  ""Nudge"": ""When encountering sensational or unusual headlines, look for strong visual or textual evidence that directly supports the claim, and be cautious of images that seem generic or unrelated to the headline.""
}"
/content/FakeNews/assets/content/fakeddit_images/90.jpg,dead man fulfils comedy club wish,1,a green container with a face on it,Real,Real,Fake,"The headline 'dead man fulfils comedy club wish' sounds sensational and implausible, and the image shows a green container with a face, which does not visually support the headline's claim.",Real,Yes,Medium,"Initially, the headline seemed sensational and unlikely, and the image of a green container with a face did not appear to relate to the headline, suggesting a fake news item. However, the AI-generated image description was accurate in identifying the object as a green container with a face, confirming the description's reliability. The vision tool classified the image as Real with moderate confidence, detecting plausible visual concepts like a soap dispenser or water jug. The text tool strongly classified the headline as Real with very high confidence and showed neutral sentiment, indicating the headline is not sensationalized. The consistency tool showed low but positive alignment scores between the headline, caption, and image, suggesting some thematic connection but not strong semantic overlap. Overall, the forensic tools indicate the content is likely Real despite the unusual headline, leading to a change in decision from Fake to Real with medium confidence due to the somewhat weak alignment scores.","When encountering unusual or sensational headlines, always check if the accompanying image and description logically support the claim, and use multiple verification tools to assess the credibility before concluding.","{
  ""Initial_Impression"": ""Fake"",
  ""Initial_Reasoning"": ""The headline 'dead man fulfils comedy club wish' sounds sensational and implausible, and the image shows a green container with a face, which does not visually support the headline's claim."",
  ""Final_Decision"": ""Real"",
  ""Did_Decision_Change"": ""Yes"",
  ""Decision_Confidence"": ""Medium"",
  ""Explanation"": ""Initially, the headline seemed sensational and unlikely, and the image of a green container with a face did not appear to relate to the headline, suggesting a fake news item. However, the AI-generated image description was accurate in identifying the object as a green container with a face, confirming the description's reliability. The vision tool classified the image as Real with moderate confidence, detecting plausible visual concepts like a soap dispenser or water jug. The text tool strongly classified the headline as Real with very high confidence and showed neutral sentiment, indicating the headline is not sensationalized. The consistency tool showed low but positive alignment scores between the headline, caption, and image, suggesting some thematic connection but not strong semantic overlap. Overall, the forensic tools indicate the content is likely Real despite the unusual headline, leading to a change in decision from Fake to Real with medium confidence due to the somewhat weak alignment scores."",
  ""Nudge"": ""When encountering unusual or sensational headlines, always check if the accompanying image and description logically support the claim, and use multiple verification tools to assess the credibility before concluding.""
}"
/content/FakeNews/assets/content/fakeddit_images/280.jpg,american pow being guarded by a high ranking official,0,a cat is sitting on top of a box,Real,Fake,Fake,"The headline claims 'american pow being guarded by a high ranking official' but the image clearly shows a cat sitting on a box, which is unrelated and misleading.",Fake,No,High,"My initial impression was that the news item is fake because the headline about an American POW guarded by a high-ranking official does not match the image, which shows a cat sitting on a box. The AI-generated image description accurately describes the image but is completely unrelated to the headline, indicating a mismatch. The vision tool confirms the image is real but depicts a cat and a box, not a POW or official. The text tool strongly flags the headline as fake with high confidence, likely due to sensational or misleading content. The consistency tool shows very low semantic similarity between the headline and the AI caption (0.046) and low cross-modal similarity between the image and headline (0.233), confirming the mismatch. All evidence aligns with my initial intuition that this is malicious fake news.","Always compare the content of images with their headlines carefully; if they don't align logically or contextually, question the credibility of the news item before accepting it as true.","{
  ""Initial_Impression"": ""Fake"",
  ""Initial_Reasoning"": ""The headline claims 'american pow being guarded by a high ranking official' but the image clearly shows a cat sitting on a box, which is unrelated and misleading."",
  ""Final_Decision"": ""Fake"",
  ""Did_Decision_Change"": ""No"",
  ""Decision_Confidence"": ""High"",
  ""Explanation"": ""My initial impression was that the news item is fake because the headline about an American POW guarded by a high-ranking official does not match the image, which shows a cat sitting on a box. The AI-generated image description accurately describes the image but is completely unrelated to the headline, indicating a mismatch. The vision tool confirms the image is real but depicts a cat and a box, not a POW or official. The text tool strongly flags the headline as fake with high confidence, likely due to sensational or misleading content. The consistency tool shows very low semantic similarity between the headline and the AI caption (0.046) and low cross-modal similarity between the image and headline (0.233), confirming the mismatch. All evidence aligns with my initial intuition that this is malicious fake news."",
  ""Nudge"": ""Always compare the content of images with their headlines carefully; if they don't align logically or contextually, question the credibility of the news item before accepting it as true.""
}"
/content/FakeNews/assets/content/fakeddit_images/214.jpg,my dad in vietnam in didnt know this photo existed until i came across it randomly on the internet he cried when he saw it hope this is the right place to post it,0,a man is holding a rifle while sitting on the ground next to a monkey,Real,Fake,Real,"The image shows a man sitting on the ground holding a rifle next to an animal that looks like a dog or monkey, which fits the headline about a Vietnam War photo. The headline is emotional but plausible as a personal story.",Fake,Yes,High,"Initially, the image and headline seemed plausible and consistent with a personal Vietnam War photo story, so I thought it was real. The AI image description was accurate, describing a man holding a rifle sitting next to an animal, which matches the image. However, forensic tools revealed strong contradictions: the vision tool flagged the image as Real but with very low confidence (0.5), indicating uncertainty. The text tool classified the headline as Fake with very high confidence (0.9998), suggesting the headline is likely fabricated or misleading. The consistency tool showed very low similarity scores between the headline and AI caption (0.19) and between the image and headline (0.23), indicating poor alignment and semantic mismatch. This suggests the headline's emotional story does not align well with the image content. Taken together, the strong fake classification of the headline and poor consistency scores outweigh the initial impression, leading to a final decision that this news item is Fake with high confidence.",Be cautious of highly emotional personal stories paired with images that don't clearly match the narrative; always check for consistency between the headline and image content to spot potential misinformation.,"{
  ""Initial_Impression"": ""Real"",
  ""Initial_Reasoning"": ""The image shows a man sitting on the ground holding a rifle next to an animal that looks like a dog or monkey, which fits the headline about a Vietnam War photo. The headline is emotional but plausible as a personal story."",
  ""Final_Decision"": ""Fake"",
  ""Did_Decision_Change"": ""Yes"",
  ""Decision_Confidence"": ""High"",
  ""Explanation"": ""Initially, the image and headline seemed plausible and consistent with a personal Vietnam War photo story, so I thought it was real. The AI image description was accurate, describing a man holding a rifle sitting next to an animal, which matches the image. However, forensic tools revealed strong contradictions: the vision tool flagged the image as Real but with very low confidence (0.5), indicating uncertainty. The text tool classified the headline as Fake with very high confidence (0.9998), suggesting the headline is likely fabricated or misleading. The consistency tool showed very low similarity scores between the headline and AI caption (0.19) and between the image and headline (0.23), indicating poor alignment and semantic mismatch. This suggests the headline's emotional story does not align well with the image content. Taken together, the strong fake classification of the headline and poor consistency scores outweigh the initial impression, leading to a final decision that this news item is Fake with high confidence."",
  ""Nudge"": ""Be cautious of highly emotional personal stories paired with images that don't clearly match the narrative; always check for consistency between the headline and image content to spot potential misinformation.""
}"
/content/FakeNews/assets/content/fakeddit_images/68.jpg,metallica the unforgiven,0,"the cover of the book, the man in the hole",Real,Fake,Fake,"The headline 'metallica the unforgiven' suggests a music-related topic, but the image appears to be a book cover or abstract art unrelated to Metallica or the song 'The Unforgiven'. This mismatch raises suspicion about the authenticity.",Fake,No,High,"Initially, the headline referencing 'metallica the unforgiven' led me to expect an image related to the band or their song, but the image shows what looks like a book cover with abstract or maze-like visuals, which does not visually correspond to the headline. The AI-generated description 'the cover of the book, the man in the hole' is accurate in describing the image content, so the description is reliable. The vision tool classified the image as Real but with low confidence (0.50), detecting concepts like 'maze' and 'book jacket', which align with the image but not the headline. The text tool strongly flagged the headline as Fake with very high confidence (0.9997), indicating the headline is likely misleading or false. The consistency tool showed low similarity scores between the headline and the AI caption (0.24) and between the image and the headline (0.22), confirming poor alignment. These forensic results confirm my initial impression that the content is misleading or fake, as the image and headline do not align semantically or contextually. Therefore, the final decision remains Fake with high confidence.","Always check if the image content logically matches the headline; mismatches often indicate misleading or fake news. Use multiple clues like image context, description, and headline alignment to assess credibility.","{
  ""Initial_Impression"": ""Fake"",
  ""Initial_Reasoning"": ""The headline 'metallica the unforgiven' suggests a music-related topic, but the image appears to be a book cover or abstract art unrelated to Metallica or the song 'The Unforgiven'. This mismatch raises suspicion about the authenticity."",
  ""Final_Decision"": ""Fake"",
  ""Did_Decision_Change"": ""No"",
  ""Decision_Confidence"": ""High"",
  ""Explanation"": ""Initially, the headline referencing 'metallica the unforgiven' led me to expect an image related to the band or their song, but the image shows what looks like a book cover with abstract or maze-like visuals, which does not visually correspond to the headline. The AI-generated description 'the cover of the book, the man in the hole' is accurate in describing the image content, so the description is reliable. The vision tool classified the image as Real but with low confidence (0.50), detecting concepts like 'maze' and 'book jacket', which align with the image but not the headline. The text tool strongly flagged the headline as Fake with very high confidence (0.9997), indicating the headline is likely misleading or false. The consistency tool showed low similarity scores between the headline and the AI caption (0.24) and between the image and the headline (0.22), confirming poor alignment. These forensic results confirm my initial impression that the content is misleading or fake, as the image and headline do not align semantically or contextually. Therefore, the final decision remains Fake with high confidence."",
  ""Nudge"": ""Always check if the image content logically matches the headline; mismatches often indicate misleading or fake news. Use multiple clues like image context, description, and headline alignment to assess credibility.""
}"
/content/FakeNews/assets/content/fakeddit_images/119.jpg,the japs incite koreans to spill the blood of our fellow countrymen wanpaoshan incident,0,a newspaper page with chinese characters and a picture of soldiers,Real,Fake,Fake,"The headline uses a highly offensive and outdated slur ('japs') and inflammatory language that suggests a sensationalist and biased narrative. The image appears to be an old newspaper page with Chinese characters and a soldier picture, which could be used to manipulate historical context. This combination raises suspicion of malicious fake news.",Fake,No,High,"My initial impression was that this news item is likely fake due to the offensive and provocative language in the headline and the historical-looking image that could be used to mislead. The AI-generated image description is accurate and matches the image well, describing a newspaper page with Chinese characters and a picture of soldiers. The vision tool classified the image as Real but with low confidence (around 0.5), indicating no strong evidence of manipulation visually. However, the text tool strongly flagged the headline as Fake with very high confidence (0.9998), reflecting the headline's sensational and biased nature. The consistency tool showed low similarity scores between the headline and the AI caption (0.26) and between the image and the headline (0.31), indicating weak alignment and suggesting the headline's claim is not well supported by the image content. Overall, the strong fake classification of the headline combined with weak consistency and the inflammatory language confirms the item is malicious fake news. The tools reinforced my initial intuition without contradicting it.","Be cautious of headlines that use offensive or outdated slurs and sensational language, especially when paired with historical images. Always check if the image context truly supports the headline's claims before accepting the information as true.","{
  ""Initial_Impression"": ""Fake"",
  ""Initial_Reasoning"": ""The headline uses a highly offensive and outdated slur ('japs') and inflammatory language that suggests a sensationalist and biased narrative. The image appears to be an old newspaper page with Chinese characters and a soldier picture, which could be used to manipulate historical context. This combination raises suspicion of malicious fake news."",
  ""Final_Decision"": ""Fake"",
  ""Did_Decision_Change"": ""No"",
  ""Decision_Confidence"": ""High"",
  ""Explanation"": ""My initial impression was that this news item is likely fake due to the offensive and provocative language in the headline and the historical-looking image that could be used to mislead. The AI-generated image description is accurate and matches the image well, describing a newspaper page with Chinese characters and a picture of soldiers. The vision tool classified the image as Real but with low confidence (around 0.5), indicating no strong evidence of manipulation visually. However, the text tool strongly flagged the headline as Fake with very high confidence (0.9998), reflecting the headline's sensational and biased nature. The consistency tool showed low similarity scores between the headline and the AI caption (0.26) and between the image and the headline (0.31), indicating weak alignment and suggesting the headline's claim is not well supported by the image content. Overall, the strong fake classification of the headline combined with weak consistency and the inflammatory language confirms the item is malicious fake news. The tools reinforced my initial intuition without contradicting it."",
  ""Nudge"": ""Be cautious of headlines that use offensive or outdated slurs and sensational language, especially when paired with historical images. Always check if the image context truly supports the headline's claims before accepting the information as true.""
}"
/content/FakeNews/assets/content/fakeddit_images/2.jpg,flamingo bros where are my shoes,0,a woman sitting in a chair with the words flamingo bros when are my shoes?,Real,Fake,Fake,"The headline 'flamingo bros where are my shoes' is nonsensical and does not clearly relate to the image, which shows a woman sitting in a chair. The mismatch and odd phrasing suggest potential misinformation or a joke.",Fake,No,High,"My initial impression was that the content is likely fake due to the strange and unclear headline that does not seem to correspond meaningfully with the image of a woman sitting in a chair. The AI-generated description is mostly accurate, describing a woman sitting in a chair and referencing the text, though it slightly misquotes the headline. The vision tool classified the image as Real with moderate confidence, detecting concepts like 'waiting room' and 'coffee shop,' which align with the visual scene. However, the text tool strongly flagged the headline as Fake with very high confidence, indicating the headline is likely misleading or nonsensical. The sentiment score is neutral, so the headline is not sensational but still flagged as fake. The consistency tool shows moderate semantic similarity (0.61) between the headline and AI caption, but low cross-modal similarity (0.31) between the image and headline, confirming a weak alignment between the visual content and the claim. Overall, the forensic tools confirm my initial intuition that this is fake news or misleading content, as the headline does not meaningfully relate to the image and is flagged as fake by the text classifier.","When encountering headlines that seem nonsensical or unrelated to the accompanying image, pause and consider whether the content is trying to mislead or confuse. Always check if the headline and image logically align before accepting the claim.","{
  ""Initial_Impression"": ""Fake"",
  ""Initial_Reasoning"": ""The headline 'flamingo bros where are my shoes' is nonsensical and does not clearly relate to the image, which shows a woman sitting in a chair. The mismatch and odd phrasing suggest potential misinformation or a joke."",
  ""Final_Decision"": ""Fake"",
  ""Did_Decision_Change"": ""No"",
  ""Decision_Confidence"": ""High"",
  ""Explanation"": ""My initial impression was that the content is likely fake due to the strange and unclear headline that does not seem to correspond meaningfully with the image of a woman sitting in a chair. The AI-generated description is mostly accurate, describing a woman sitting in a chair and referencing the text, though it slightly misquotes the headline. The vision tool classified the image as Real with moderate confidence, detecting concepts like 'waiting room' and 'coffee shop,' which align with the visual scene. However, the text tool strongly flagged the headline as Fake with very high confidence, indicating the headline is likely misleading or nonsensical. The sentiment score is neutral, so the headline is not sensational but still flagged as fake. The consistency tool shows moderate semantic similarity (0.61) between the headline and AI caption, but low cross-modal similarity (0.31) between the image and headline, confirming a weak alignment between the visual content and the claim. Overall, the forensic tools confirm my initial intuition that this is fake news or misleading content, as the headline does not meaningfully relate to the image and is flagged as fake by the text classifier."",
  ""Nudge"": ""When encountering headlines that seem nonsensical or unrelated to the accompanying image, pause and consider whether the content is trying to mislead or confuse. Always check if the headline and image logically align before accepting the claim.""
}"
/content/FakeNews/assets/content/fakeddit_images/178.jpg,my boy climbing an old rotten tree stump looks like a giant climbing mountains,0,a man is standing on top of a tree stump,Fake,Fake,Real,"The image shows a boy climbing on a large tree stump, which visually matches the headline describing a boy climbing an old rotten tree stump that looks like a giant climbing mountains. The scene looks plausible and not manipulated at first glance.",Fake,Yes,High,"Initially, the image and headline seemed consistent and believable, suggesting a real scenario of a boy climbing a tree stump. However, the AI-generated image description was inaccurate, describing 'a man standing on top of a tree stump' instead of a boy climbing it, which raised some doubts about the description's reliability. The vision tool detected visual concepts like 'cliff' and 'mountain' but flagged the image as Fake with moderate confidence (0.50), indicating possible manipulation or misrepresentation. The text tool strongly flagged the headline as Fake with high confidence (0.98), suggesting the headline might be misleading or fabricated. The consistency tool showed low similarity scores between the headline and AI caption (0.40) and between the image and headline (0.27), indicating weak alignment and possible semantic mismatch. Taken together, these forensic tools reveal that despite the initial plausible appearance, the content is likely misleading or fake news. Therefore, the final decision is Fake with high confidence.",Always question whether the headline and image truly align semantically and visually; use multiple verification methods to detect subtle inconsistencies that may indicate misleading or fake content.,"{
  ""Initial_Impression"": ""Real"",
  ""Initial_Reasoning"": ""The image shows a boy climbing on a large tree stump, which visually matches the headline describing a boy climbing an old rotten tree stump that looks like a giant climbing mountains. The scene looks plausible and not manipulated at first glance."",
  ""Final_Decision"": ""Fake"",
  ""Did_Decision_Change"": ""Yes"",
  ""Decision_Confidence"": ""High"",
  ""Explanation"": ""Initially, the image and headline seemed consistent and believable, suggesting a real scenario of a boy climbing a tree stump. However, the AI-generated image description was inaccurate, describing 'a man standing on top of a tree stump' instead of a boy climbing it, which raised some doubts about the description's reliability. The vision tool detected visual concepts like 'cliff' and 'mountain' but flagged the image as Fake with moderate confidence (0.50), indicating possible manipulation or misrepresentation. The text tool strongly flagged the headline as Fake with high confidence (0.98), suggesting the headline might be misleading or fabricated. The consistency tool showed low similarity scores between the headline and AI caption (0.40) and between the image and headline (0.27), indicating weak alignment and possible semantic mismatch. Taken together, these forensic tools reveal that despite the initial plausible appearance, the content is likely misleading or fake news. Therefore, the final decision is Fake with high confidence."",
  ""Nudge"": ""Always question whether the headline and image truly align semantically and visually; use multiple verification methods to detect subtle inconsistencies that may indicate misleading or fake content.""
}"
/content/FakeNews/assets/content/fakeddit_images/289.jpg,this sad guy was looking at me,0,a person holding a usb cable with a face on it,Real,Fake,Fake,"The headline 'this sad guy was looking at me' is vague and somewhat odd, and the image shows a close-up of a hand holding a USB cable with a face on it, which seems unusual and potentially staged or manipulated.",Fake,No,High,"My initial impression was that the content might be fake due to the odd and vague headline combined with the unusual image of a USB cable with a face on it. The AI image description 'a person holding a usb cable with a face on it' is accurate and matches what is visible in the image, so the description is reliable. The vision tool classified the image as Real but with low confidence (about 50%), and the detected visual concepts do not strongly relate to the headline or description, indicating some ambiguity. The text tool strongly flagged the headline as Fake with very high confidence (0.998), and the sentiment analysis showed a negative tone, which can be typical of misleading or sensational headlines. The consistency tool showed low similarity scores between the headline and AI caption (0.13) and between the image and headline (0.29), indicating weak alignment and suggesting the headline does not accurately describe the image content. Overall, the forensic tools confirm my initial suspicion that this is likely fake or misleading content, as the headline does not align well with the image and is flagged as fake by the text classifier.","When encountering vague or oddly phrased headlines paired with unusual images, critically assess whether the headline truly matches the image content and be cautious of sensational or emotionally charged language that may be designed to mislead.","{
  ""Initial_Impression"": ""Fake"",
  ""Initial_Reasoning"": ""The headline 'this sad guy was looking at me' is vague and somewhat odd, and the image shows a close-up of a hand holding a USB cable with a face on it, which seems unusual and potentially staged or manipulated."",
  ""Final_Decision"": ""Fake"",
  ""Did_Decision_Change"": ""No"",
  ""Decision_Confidence"": ""High"",
  ""Explanation"": ""My initial impression was that the content might be fake due to the odd and vague headline combined with the unusual image of a USB cable with a face on it. The AI image description 'a person holding a usb cable with a face on it' is accurate and matches what is visible in the image, so the description is reliable. The vision tool classified the image as Real but with low confidence (about 50%), and the detected visual concepts do not strongly relate to the headline or description, indicating some ambiguity. The text tool strongly flagged the headline as Fake with very high confidence (0.998), and the sentiment analysis showed a negative tone, which can be typical of misleading or sensational headlines. The consistency tool showed low similarity scores between the headline and AI caption (0.13) and between the image and headline (0.29), indicating weak alignment and suggesting the headline does not accurately describe the image content. Overall, the forensic tools confirm my initial suspicion that this is likely fake or misleading content, as the headline does not align well with the image and is flagged as fake by the text classifier."",
  ""Nudge"": ""When encountering vague or oddly phrased headlines paired with unusual images, critically assess whether the headline truly matches the image content and be cautious of sensational or emotionally charged language that may be designed to mislead.""
}"
/content/FakeNews/assets/content/fakeddit_images/63.jpg,this cat in a sock,1,a kitten wrapped in a blanket is held in someone's hand,Real,Real,Fake,"The headline 'this cat in a sock' seems odd and somewhat nonsensical when looking at the image, which shows a kitten wrapped in a blanket held in a hand, not in a sock. The mismatch between the headline and the visual content raises suspicion.",Real,Yes,Medium,"Initially, the headline and image seemed inconsistent because the headline mentioned a cat in a sock, but the image clearly shows a kitten wrapped in a blanket held in a hand, not a sock. This led to an initial impression of fake news. However, the AI-generated image description accurately describes the image content, confirming the kitten is wrapped in a blanket. The vision tool detected visual concepts including 'sock' and 'mitten' with moderate confidence, and classified the image as Real with about 51% confidence. The text tool classified the headline as Real with a good confidence score (71%) and neutral sentiment, indicating the headline is not sensational or misleading. The consistency tool showed moderate alignment between the headline and AI caption (0.46) and between the image and headline (0.35), suggesting some semantic relation though not perfect. Given the tools' evidence, the headline is a casual or playful description rather than a malicious fake claim. The content is benign and the image is authentic. Thus, the final decision is Real, with medium confidence due to some minor semantic mismatch.","When evaluating unusual or playful headlines, consider whether the content is meant humorously or casually rather than literally. Always check if the image and description align well before concluding something is fake.","{
  ""Initial_Impression"": ""Fake"",
  ""Initial_Reasoning"": ""The headline 'this cat in a sock' seems odd and somewhat nonsensical when looking at the image, which shows a kitten wrapped in a blanket held in a hand, not in a sock. The mismatch between the headline and the visual content raises suspicion."",
  ""Final_Decision"": ""Real"",
  ""Did_Decision_Change"": ""Yes"",
  ""Decision_Confidence"": ""Medium"",
  ""Explanation"": ""Initially, the headline and image seemed inconsistent because the headline mentioned a cat in a sock, but the image clearly shows a kitten wrapped in a blanket held in a hand, not a sock. This led to an initial impression of fake news. However, the AI-generated image description accurately describes the image content, confirming the kitten is wrapped in a blanket. The vision tool detected visual concepts including 'sock' and 'mitten' with moderate confidence, and classified the image as Real with about 51% confidence. The text tool classified the headline as Real with a good confidence score (71%) and neutral sentiment, indicating the headline is not sensational or misleading. The consistency tool showed moderate alignment between the headline and AI caption (0.46) and between the image and headline (0.35), suggesting some semantic relation though not perfect. Given the tools' evidence, the headline is a casual or playful description rather than a malicious fake claim. The content is benign and the image is authentic. Thus, the final decision is Real, with medium confidence due to some minor semantic mismatch."",
  ""Nudge"": ""When evaluating unusual or playful headlines, consider whether the content is meant humorously or casually rather than literally. Always check if the image and description align well before concluding something is fake.""
}"
/content/FakeNews/assets/content/fakeddit_images/176.jpg,where is that mans other hand,0,a man is standing next to a tire with a black rim,Real,Fake,Fake,"The headline 'where is that mans other hand' suggests suspicion about the image, implying something unusual or manipulated about the man's hand. Visually, the image shows a man standing next to a tire, but the headline's question raises doubt about the image's authenticity.",Fake,No,High,"Initially, the headline raised suspicion about the image, suggesting something might be off with the man's hand. The AI image description accurately describes the scene as 'a man is standing next to a tire with a black rim,' which matches the visual content, so the description is reliable. The vision tool classified the image as Real but with low confidence (about 0.51), indicating uncertainty. The text tool strongly flagged the headline as Fake with high confidence (0.94), likely due to the sensational and questioning nature of the headline. The sentiment score is moderately high, indicating some sensationalism. The consistency tool showed low similarity scores between the headline and the AI caption (0.25) and between the image and the headline (0.20), indicating weak alignment and suggesting the headline's claim does not strongly match the image content. Taken together, the strong fake classification of the headline, the low alignment scores, and the suspicious nature of the headline support the conclusion that this news item is Fake. The tools confirmed my initial suspicion rather than changing it.","When encountering headlines that question or cast doubt on an image, critically assess whether the image actually supports the claim or if the headline is trying to mislead by implying something suspicious without clear evidence.","{
  ""Initial_Impression"": ""Fake"",
  ""Initial_Reasoning"": ""The headline 'where is that mans other hand' suggests suspicion about the image, implying something unusual or manipulated about the man's hand. Visually, the image shows a man standing next to a tire, but the headline's question raises doubt about the image's authenticity."",
  ""Final_Decision"": ""Fake"",
  ""Did_Decision_Change"": ""No"",
  ""Decision_Confidence"": ""High"",
  ""Explanation"": ""Initially, the headline raised suspicion about the image, suggesting something might be off with the man's hand. The AI image description accurately describes the scene as 'a man is standing next to a tire with a black rim,' which matches the visual content, so the description is reliable. The vision tool classified the image as Real but with low confidence (about 0.51), indicating uncertainty. The text tool strongly flagged the headline as Fake with high confidence (0.94), likely due to the sensational and questioning nature of the headline. The sentiment score is moderately high, indicating some sensationalism. The consistency tool showed low similarity scores between the headline and the AI caption (0.25) and between the image and the headline (0.20), indicating weak alignment and suggesting the headline's claim does not strongly match the image content. Taken together, the strong fake classification of the headline, the low alignment scores, and the suspicious nature of the headline support the conclusion that this news item is Fake. The tools confirmed my initial suspicion rather than changing it."",
  ""Nudge"": ""When encountering headlines that question or cast doubt on an image, critically assess whether the image actually supports the claim or if the headline is trying to mislead by implying something suspicious without clear evidence.""
}"
/content/FakeNews/assets/content/fakeddit_images/231.jpg,signs,0,donkey kong country 2,Real,Fake,Fake,"The headline 'signs' is vague and does not clearly relate to the image, which appears to be a photo of an outdoor scene with a kennel or ticket booth, not obviously connected to the headline. The AI description 'donkey kong country 2' does not match the image content, suggesting a mismatch or hallucination.",Fake,No,High,"My initial impression was that the news item is likely fake because the headline 'signs' is too vague and does not correspond clearly to the image, which shows an outdoor scene with structures like a kennel or ticket booth. The AI-generated description 'donkey kong country 2' is inaccurate and unrelated to the actual image content, making it unreliable. The vision tool classified the image as Real but with low confidence (about 0.51), and the detected visual concepts do not align with the headline or AI caption. The text tool flagged the headline as Fake with a confidence of about 0.69, indicating suspicion about the headline's credibility. The consistency tool showed very low semantic similarity between the headline and AI caption (0.09) and low cross-modal similarity between the image and headline (0.21), confirming poor alignment. These forensic results support my initial intuition and confirm that the content is misleading or fake. Therefore, I maintain the final decision as Fake with high confidence.","When encountering vague headlines paired with unrelated or confusing images and AI descriptions, always question the coherence and seek additional context or sources before trusting the content.","{
  ""Initial_Impression"": ""Fake"",
  ""Initial_Reasoning"": ""The headline 'signs' is vague and does not clearly relate to the image, which appears to be a photo of an outdoor scene with a kennel or ticket booth, not obviously connected to the headline. The AI description 'donkey kong country 2' does not match the image content, suggesting a mismatch or hallucination."",
  ""Final_Decision"": ""Fake"",
  ""Did_Decision_Change"": ""No"",
  ""Decision_Confidence"": ""High"",
  ""Explanation"": ""My initial impression was that the news item is likely fake because the headline 'signs' is too vague and does not correspond clearly to the image, which shows an outdoor scene with structures like a kennel or ticket booth. The AI-generated description 'donkey kong country 2' is inaccurate and unrelated to the actual image content, making it unreliable. The vision tool classified the image as Real but with low confidence (about 0.51), and the detected visual concepts do not align with the headline or AI caption. The text tool flagged the headline as Fake with a confidence of about 0.69, indicating suspicion about the headline's credibility. The consistency tool showed very low semantic similarity between the headline and AI caption (0.09) and low cross-modal similarity between the image and headline (0.21), confirming poor alignment. These forensic results support my initial intuition and confirm that the content is misleading or fake. Therefore, I maintain the final decision as Fake with high confidence."",
  ""Nudge"": ""When encountering vague headlines paired with unrelated or confusing images and AI descriptions, always question the coherence and seek additional context or sources before trusting the content.""
}"
/content/FakeNews/assets/content/fakeddit_images/155.jpg,trump float enters parade,0,donald trump is pictured at a press conference,Fake,Fake,Fake,"The headline 'trump float enters parade' suggests a parade scene, but the image shows a man at a podium, not a parade or float. This mismatch raises suspicion about the news item's authenticity.",Fake,No,High,"My initial impression was that the news item is likely fake because the headline implies a parade event involving a Trump float, but the image clearly depicts Donald Trump at a press conference, not a parade. The AI-generated image description accurately describes the image content, confirming the image is of Trump at a press conference. The vision tool detected unrelated visual concepts and classified the image as 'Fake' with moderate confidence, likely due to the mismatch between expected parade imagery and the actual image content. The text tool also flagged the headline as 'Fake' with moderate confidence, indicating the headline is misleading or false. The consistency tool showed low similarity scores between the headline and the AI caption (0.31) and between the image and the headline (0.23), confirming poor alignment between the image and the headline. All tools consistently support the conclusion that this news item is fake, and the AI description is reliable, so I maintain my initial decision with high confidence.","Always compare the headline's claim with the actual image content carefully; if the image context doesn't match the headline's event or setting, it's a strong indicator the news might be misleading or fake.","{
  ""Initial_Impression"": ""Fake"",
  ""Initial_Reasoning"": ""The headline 'trump float enters parade' suggests a parade scene, but the image shows a man at a podium, not a parade or float. This mismatch raises suspicion about the news item's authenticity."",
  ""Final_Decision"": ""Fake"",
  ""Did_Decision_Change"": ""No"",
  ""Decision_Confidence"": ""High"",
  ""Explanation"": ""My initial impression was that the news item is likely fake because the headline implies a parade event involving a Trump float, but the image clearly depicts Donald Trump at a press conference, not a parade. The AI-generated image description accurately describes the image content, confirming the image is of Trump at a press conference. The vision tool detected unrelated visual concepts and classified the image as 'Fake' with moderate confidence, likely due to the mismatch between expected parade imagery and the actual image content. The text tool also flagged the headline as 'Fake' with moderate confidence, indicating the headline is misleading or false. The consistency tool showed low similarity scores between the headline and the AI caption (0.31) and between the image and the headline (0.23), confirming poor alignment between the image and the headline. All tools consistently support the conclusion that this news item is fake, and the AI description is reliable, so I maintain my initial decision with high confidence."",
  ""Nudge"": ""Always compare the headline's claim with the actual image content carefully; if the image context doesn't match the headline's event or setting, it's a strong indicator the news might be misleading or fake.""
}"
/content/FakeNews/assets/content/fakeddit_images/83.jpg,adolf hitler orders his senior officers to begin the invasion of poland circa,0,a cartoon character is standing in front of a group of soldiers,Real,Fake,Fake,"The headline claims a historical event involving Adolf Hitler ordering the invasion of Poland, but the image shows a cartoon character in front of soldiers, which does not visually match the serious historical context.",Fake,No,High,"My initial impression was that this news item is fake because the image does not depict a real historical scene but rather a cartoonish figure, which conflicts with the serious headline about Adolf Hitler and the invasion of Poland. The AI-generated image description accurately describes the image as a cartoon character standing in front of soldiers, confirming the visual observation. The vision tool classified the image as Real but with very low confidence and detected unrelated concepts, indicating the image is likely not a genuine historical photo. The text tool strongly flagged the headline as Fake with very high confidence, reflecting the implausibility and sensational nature of the claim. The consistency tool showed low similarity scores between the headline and the AI caption (0.11) and between the image and the headline (0.28), indicating poor alignment and further supporting the conclusion that the image and headline do not correspond. Overall, the forensic tools confirmed my initial intuition that this is malicious fake news.","When encountering historical claims paired with images, critically assess whether the image context and style match the seriousness and content of the headline; mismatches often indicate misinformation.","{
  ""Initial_Impression"": ""Fake"",
  ""Initial_Reasoning"": ""The headline claims a historical event involving Adolf Hitler ordering the invasion of Poland, but the image shows a cartoon character in front of soldiers, which does not visually match the serious historical context."",
  ""Final_Decision"": ""Fake"",
  ""Did_Decision_Change"": ""No"",
  ""Decision_Confidence"": ""High"",
  ""Explanation"": ""My initial impression was that this news item is fake because the image does not depict a real historical scene but rather a cartoonish figure, which conflicts with the serious headline about Adolf Hitler and the invasion of Poland. The AI-generated image description accurately describes the image as a cartoon character standing in front of soldiers, confirming the visual observation. The vision tool classified the image as Real but with very low confidence and detected unrelated concepts, indicating the image is likely not a genuine historical photo. The text tool strongly flagged the headline as Fake with very high confidence, reflecting the implausibility and sensational nature of the claim. The consistency tool showed low similarity scores between the headline and the AI caption (0.11) and between the image and the headline (0.28), indicating poor alignment and further supporting the conclusion that the image and headline do not correspond. Overall, the forensic tools confirmed my initial intuition that this is malicious fake news."",
  ""Nudge"": ""When encountering historical claims paired with images, critically assess whether the image context and style match the seriousness and content of the headline; mismatches often indicate misinformation.""
}"
/content/FakeNews/assets/content/fakeddit_images/226.jpg,mccain palin would do great as presidential candidate,1,the washington post's new logo,Fake,Real,Fake,"The headline about McCain and Palin as presidential candidates seems politically charged and potentially opinionated, while the image appears to be a logo unrelated to the headline, suggesting a mismatch and possible misinformation.",Fake,No,High,"My initial impression was that the news item might be fake due to the mismatch between the headline and the image. The AI-generated image description 'the washington post's new logo' does not accurately describe the image, which appears to be unrelated to the headline about McCain and Palin. The vision tool flagged the image as 'Fake' with moderate confidence, detecting unrelated visual concepts that do not align with the headline. The text tool classified the headline as 'Real' with high confidence but noted a positive sentiment, which could indicate a biased or opinionated tone rather than factual reporting. The consistency tool showed very low similarity scores between the headline and the AI caption, and between the image and the headline, confirming a lack of alignment. This strong evidence from the tools supports my initial intuition that this news item is fake, likely due to the misleading combination of headline and image. Therefore, I maintain the classification as 'Fake' with high confidence.",Always check if the image and headline in a news item logically relate to each other; mismatches often indicate misleading or fake content.,"{
  ""Initial_Impression"": ""Fake"",
  ""Initial_Reasoning"": ""The headline about McCain and Palin as presidential candidates seems politically charged and potentially opinionated, while the image appears to be a logo unrelated to the headline, suggesting a mismatch and possible misinformation."",
  ""Final_Decision"": ""Fake"",
  ""Did_Decision_Change"": ""No"",
  ""Decision_Confidence"": ""High"",
  ""Explanation"": ""My initial impression was that the news item might be fake due to the mismatch between the headline and the image. The AI-generated image description 'the washington post's new logo' does not accurately describe the image, which appears to be unrelated to the headline about McCain and Palin. The vision tool flagged the image as 'Fake' with moderate confidence, detecting unrelated visual concepts that do not align with the headline. The text tool classified the headline as 'Real' with high confidence but noted a positive sentiment, which could indicate a biased or opinionated tone rather than factual reporting. The consistency tool showed very low similarity scores between the headline and the AI caption, and between the image and the headline, confirming a lack of alignment. This strong evidence from the tools supports my initial intuition that this news item is fake, likely due to the misleading combination of headline and image. Therefore, I maintain the classification as 'Fake' with high confidence."",
  ""Nudge"": ""Always check if the image and headline in a news item logically relate to each other; mismatches often indicate misleading or fake content.""
}"
/content/FakeNews/assets/content/fakeddit_images/217.jpg,shell knew oil giants film warned of climate change danger,1,shell's $1bn fine for oil spill in bahamas is a warning to other oil majors,Fake,Real,Fake,"The headline suggests a serious claim about Shell and climate change warnings, but the image shows an oil rig or drilling platform which does not directly support the headline's claim. The AI description about a fine for an oil spill in the Bahamas seems unrelated to the headline, indicating possible mismatch or misleading context.",Fake,No,High,"My initial impression was that the news item might be fake because the headline's claim about Shell knowing about climate change dangers from a film is serious and specific, but the image shows an oil rig or drilling platform that does not visually confirm this claim. The AI-generated image description about Shell's $1bn fine for an oil spill in the Bahamas is not accurate or relevant to the image, which depicts an oil rig rather than an oil spill or fine event. This makes the AI description unreliable, so I discounted the text_to_caption similarity somewhat. The vision tool flagged the image as potentially fake with moderate confidence, detecting concepts like oilrig and drilling platform but not anything that supports the headline's claim. The text tool classified the headline as real with high confidence but noted a strongly negative sentiment, indicating sensational or alarming tone. The consistency tool showed moderate semantic similarity (0.61) between the headline and AI caption but low cross-modal similarity (0.36) between the image and headline, indicating weak alignment. Overall, the forensic tools confirmed my initial skepticism and showed that the image and headline do not strongly align, and the AI description is misleading. Therefore, I conclude this news item is fake with high confidence.","When evaluating news items, always check if the image content directly supports the headline's claim and be cautious if the image description or context seems unrelated or vague. Sensational headlines paired with loosely connected images often indicate misinformation.","{
  ""Initial_Impression"": ""Fake"",
  ""Initial_Reasoning"": ""The headline suggests a serious claim about Shell and climate change warnings, but the image shows an oil rig or drilling platform which does not directly support the headline's claim. The AI description about a fine for an oil spill in the Bahamas seems unrelated to the headline, indicating possible mismatch or misleading context."",
  ""Final_Decision"": ""Fake"",
  ""Did_Decision_Change"": ""No"",
  ""Decision_Confidence"": ""High"",
  ""Explanation"": ""My initial impression was that the news item might be fake because the headline's claim about Shell knowing about climate change dangers from a film is serious and specific, but the image shows an oil rig or drilling platform that does not visually confirm this claim. The AI-generated image description about Shell's $1bn fine for an oil spill in the Bahamas is not accurate or relevant to the image, which depicts an oil rig rather than an oil spill or fine event. This makes the AI description unreliable, so I discounted the text_to_caption similarity somewhat. The vision tool flagged the image as potentially fake with moderate confidence, detecting concepts like oilrig and drilling platform but not anything that supports the headline's claim. The text tool classified the headline as real with high confidence but noted a strongly negative sentiment, indicating sensational or alarming tone. The consistency tool showed moderate semantic similarity (0.61) between the headline and AI caption but low cross-modal similarity (0.36) between the image and headline, indicating weak alignment. Overall, the forensic tools confirmed my initial skepticism and showed that the image and headline do not strongly align, and the AI description is misleading. Therefore, I conclude this news item is fake with high confidence."",
  ""Nudge"": ""When evaluating news items, always check if the image content directly supports the headline's claim and be cautious if the image description or context seems unrelated or vague. Sensational headlines paired with loosely connected images often indicate misinformation.""
}"
/content/FakeNews/assets/content/fakeddit_images/23.jpg,ed sheeran sweetly serenades hospitalbound yearold girl,1,a man and a little girl in a hospital bed,Fake,Real,Real,"The image shows a man and a young girl in a hospital bed, which visually aligns with the headline about Ed Sheeran serenading a hospitalbound girl. The scene looks plausible and touching, suggesting a real event.",Real,No,Medium,"My initial impression was that the news item is real because the image and headline depict a believable and heartwarming scenario. The AI image description accurately describes the scene as a man and a little girl in a hospital bed, which matches what I see. The vision tool detected relevant hospital-related concepts but flagged the image as 'Fake' with low confidence (about 50%), indicating uncertainty rather than strong evidence of fakery. The text tool strongly classified the headline as real with very high confidence and a positive sentiment score, reflecting the sweet and emotional tone of the headline. The consistency tool showed moderate alignment between the headline and the AI caption (0.35) and between the image and the headline (0.40), which is not very high but still indicates some semantic and visual coherence. Overall, the forensic tools do not strongly contradict my initial impression, though the vision tool's borderline fake flag suggests caution. Given the positive text classification and the plausible image, I maintain the decision that this is real news with medium confidence.","When evaluating emotional or heartwarming news, check for multiple sources or official confirmations, as such stories can be easily fabricated or exaggerated to evoke strong feelings.","{
  ""Initial_Impression"": ""Real"",
  ""Initial_Reasoning"": ""The image shows a man and a young girl in a hospital bed, which visually aligns with the headline about Ed Sheeran serenading a hospitalbound girl. The scene looks plausible and touching, suggesting a real event."",
  ""Final_Decision"": ""Real"",
  ""Did_Decision_Change"": ""No"",
  ""Decision_Confidence"": ""Medium"",
  ""Explanation"": ""My initial impression was that the news item is real because the image and headline depict a believable and heartwarming scenario. The AI image description accurately describes the scene as a man and a little girl in a hospital bed, which matches what I see. The vision tool detected relevant hospital-related concepts but flagged the image as 'Fake' with low confidence (about 50%), indicating uncertainty rather than strong evidence of fakery. The text tool strongly classified the headline as real with very high confidence and a positive sentiment score, reflecting the sweet and emotional tone of the headline. The consistency tool showed moderate alignment between the headline and the AI caption (0.35) and between the image and the headline (0.40), which is not very high but still indicates some semantic and visual coherence. Overall, the forensic tools do not strongly contradict my initial impression, though the vision tool's borderline fake flag suggests caution. Given the positive text classification and the plausible image, I maintain the decision that this is real news with medium confidence."",
  ""Nudge"": ""When evaluating emotional or heartwarming news, check for multiple sources or official confirmations, as such stories can be easily fabricated or exaggerated to evoke strong feelings.""
}"
/content/FakeNews/assets/content/fakeddit_images/15.jpg,salem witch trials,0,jon bois twitter,Real,Fake,Fake,"The headline 'salem witch trials' suggests a historical event, but the image appears modern and unrelated, creating a mismatch that feels suspicious.",Fake,No,High,"My initial impression was that the news item is likely fake because the headline references the Salem witch trials, a historical event, but the image does not visually correspond to that context. The AI image description 'jon bois twitter' is vague and unrelated to the headline or image content, making it unreliable for consistency checks. The vision tool detected unrelated visual concepts and classified the image as Real but with low confidence (around 0.51), indicating uncertainty. The text tool strongly flagged the headline as Fake with very high confidence (0.997), and the sentiment analysis showed a slightly negative tone, which can be typical for misleading or sensational headlines. The consistency tool showed very low similarity scores between the headline and AI caption (0.18) and between the image and headline (0.19), confirming poor alignment. Overall, the forensic tools support my initial intuition that this is a fake news item, and the evidence is strong and consistent.","When encountering historical event headlines paired with modern or unrelated images, critically assess whether the visual content matches the claim, and be cautious of vague or unrelated AI-generated descriptions that may mask misinformation.","{
  ""Initial_Impression"": ""Fake"",
  ""Initial_Reasoning"": ""The headline 'salem witch trials' suggests a historical event, but the image appears modern and unrelated, creating a mismatch that feels suspicious."",
  ""Final_Decision"": ""Fake"",
  ""Did_Decision_Change"": ""No"",
  ""Decision_Confidence"": ""High"",
  ""Explanation"": ""My initial impression was that the news item is likely fake because the headline references the Salem witch trials, a historical event, but the image does not visually correspond to that context. The AI image description 'jon bois twitter' is vague and unrelated to the headline or image content, making it unreliable for consistency checks. The vision tool detected unrelated visual concepts and classified the image as Real but with low confidence (around 0.51), indicating uncertainty. The text tool strongly flagged the headline as Fake with very high confidence (0.997), and the sentiment analysis showed a slightly negative tone, which can be typical for misleading or sensational headlines. The consistency tool showed very low similarity scores between the headline and AI caption (0.18) and between the image and headline (0.19), confirming poor alignment. Overall, the forensic tools support my initial intuition that this is a fake news item, and the evidence is strong and consistent."",
  ""Nudge"": ""When encountering historical event headlines paired with modern or unrelated images, critically assess whether the visual content matches the claim, and be cautious of vague or unrelated AI-generated descriptions that may mask misinformation.""
}"
/content/FakeNews/assets/content/fakeddit_images/153.jpg,the compost pail and paper towel rack teamed up to brighten your day,0,a metal bucket on a counter top,Real,Fake,Fake,"The headline is whimsical and personifies inanimate objects (compost pail and paper towel rack teaming up), which seems unlikely and humorous rather than factual. The image shows a metal bucket on a counter, which does not clearly support the headline's claim.",Fake,No,High,"My initial impression was that the news item is fake because the headline is playful and unlikely to be a serious news claim. The image shows a metal bucket on a counter, which loosely aligns with the AI description but does not substantiate the headline's claim about a 'team up' to brighten your day. The vision tool detected relevant objects like a bucket and classified the image as Real but with low confidence (about 0.5), indicating the image itself is authentic but neutral in context. The text tool strongly flagged the headline as Fake with very high confidence (0.996), likely due to the whimsical and sensational nature of the claim. The sentiment score is mildly positive (0.44), reflecting the upbeat tone but not necessarily credibility. The consistency tool showed low similarity scores between the headline and AI caption (0.34) and between the image and headline (0.28), indicating weak alignment and suggesting the headline and image do not strongly support each other. The AI image description is accurate but very minimal and generic, so it is reliable but not very informative. Overall, the forensic tools confirmed my initial intuition that this is benign but misleading or fake content, likely intended as humor or lightheartedness rather than factual news.",Be cautious of headlines that personify objects or make whimsical claims without clear evidence; always check if the image and text strongly support each other and look for credible sources before trusting such content.,"{
  ""Initial_Impression"": ""Fake"",
  ""Initial_Reasoning"": ""The headline is whimsical and personifies inanimate objects (compost pail and paper towel rack teaming up), which seems unlikely and humorous rather than factual. The image shows a metal bucket on a counter, which does not clearly support the headline's claim."",
  ""Final_Decision"": ""Fake"",
  ""Did_Decision_Change"": ""No"",
  ""Decision_Confidence"": ""High"",
  ""Explanation"": ""My initial impression was that the news item is fake because the headline is playful and unlikely to be a serious news claim. The image shows a metal bucket on a counter, which loosely aligns with the AI description but does not substantiate the headline's claim about a 'team up' to brighten your day. The vision tool detected relevant objects like a bucket and classified the image as Real but with low confidence (about 0.5), indicating the image itself is authentic but neutral in context. The text tool strongly flagged the headline as Fake with very high confidence (0.996), likely due to the whimsical and sensational nature of the claim. The sentiment score is mildly positive (0.44), reflecting the upbeat tone but not necessarily credibility. The consistency tool showed low similarity scores between the headline and AI caption (0.34) and between the image and headline (0.28), indicating weak alignment and suggesting the headline and image do not strongly support each other. The AI image description is accurate but very minimal and generic, so it is reliable but not very informative. Overall, the forensic tools confirmed my initial intuition that this is benign but misleading or fake content, likely intended as humor or lightheartedness rather than factual news."",
  ""Nudge"": ""Be cautious of headlines that personify objects or make whimsical claims without clear evidence; always check if the image and text strongly support each other and look for credible sources before trusting such content.""
}"
/content/FakeNews/assets/content/fakeddit_images/116.jpg,oh my,1,a group of people posing for a picture in the woods,Fake,Fake,Fake,"The headline 'oh my' is vague and sensational without context, and the image shows a group of people in the woods but looks somewhat staged or unusual, raising suspicion.",Fake,No,High,"My initial impression was that the news item might be fake due to the vague and sensational headline 'oh my' and the somewhat staged appearance of the group photo in the woods. The AI image description 'a group of people posing for a picture in the woods' is accurate and matches the image well, so the description is reliable. The vision tool flagged the image as potentially fake with moderate confidence, detecting concepts like 'youth hostel' and 'picnic area' but ultimately labeling it as Fake. The text tool strongly classified the headline as Fake with very high confidence, and the sentiment score was neutral, indicating the headline is not informative or credible. The consistency tool showed very low alignment between the headline and the AI caption (near zero and slightly negative), and low alignment between the image and the headline, indicating poor semantic and cross-modal consistency. All tools strongly support the initial intuition that this is malicious fake news. Therefore, I maintain the final decision as Fake with high confidence.","Be cautious of headlines that are overly vague or sensational without context, and always check if the image and text content align logically and semantically before trusting the news.","{
  ""Initial_Impression"": ""Fake"",
  ""Initial_Reasoning"": ""The headline 'oh my' is vague and sensational without context, and the image shows a group of people in the woods but looks somewhat staged or unusual, raising suspicion."",
  ""Final_Decision"": ""Fake"",
  ""Did_Decision_Change"": ""No"",
  ""Decision_Confidence"": ""High"",
  ""Explanation"": ""My initial impression was that the news item might be fake due to the vague and sensational headline 'oh my' and the somewhat staged appearance of the group photo in the woods. The AI image description 'a group of people posing for a picture in the woods' is accurate and matches the image well, so the description is reliable. The vision tool flagged the image as potentially fake with moderate confidence, detecting concepts like 'youth hostel' and 'picnic area' but ultimately labeling it as Fake. The text tool strongly classified the headline as Fake with very high confidence, and the sentiment score was neutral, indicating the headline is not informative or credible. The consistency tool showed very low alignment between the headline and the AI caption (near zero and slightly negative), and low alignment between the image and the headline, indicating poor semantic and cross-modal consistency. All tools strongly support the initial intuition that this is malicious fake news. Therefore, I maintain the final decision as Fake with high confidence."",
  ""Nudge"": ""Be cautious of headlines that are overly vague or sensational without context, and always check if the image and text content align logically and semantically before trusting the news.""
}"
/content/FakeNews/assets/content/fakeddit_images/84.jpg,trump pardons former sheriff joe arpaio,1,two men standing behind a podium with trump and donald,Fake,Real,Real,"The headline 'trump pardons former sheriff joe arpaio' is plausible given known political events, and the image shows two men behind a podium, which could fit a political announcement context.",Fake,Yes,Medium,"Initially, the headline seemed credible and the image appeared consistent with a political event, so I thought the news was real. The AI image description was somewhat accurate, describing two men behind a podium including Trump, which matches the image. However, the vision tool flagged the image as 'Fake' with moderate confidence, detecting unrelated visual concepts like 'chimpanzee' and 'fire screen,' indicating possible image manipulation or mismatch. The text tool strongly classified the headline as 'Real' with high confidence and moderate positive sentiment, suggesting the headline itself is not sensational or fabricated. The consistency tool showed low semantic similarity between the headline and AI caption (0.15) and low cross-modal similarity between image and headline (0.35), indicating weak alignment. This suggests the image may not genuinely depict the event described in the headline. Taken together, the forensic tools reveal inconsistencies and potential image tampering that were not obvious on direct observation, leading me to change my decision to 'Fake' with medium confidence due to mixed signals.","When evaluating news with images, always consider whether the image truly matches the headline and context; use multiple sources or tools to verify if the visual content is authentic and relevant before trusting the claim.","{
  ""Initial_Impression"": ""Real"",
  ""Initial_Reasoning"": ""The headline 'trump pardons former sheriff joe arpaio' is plausible given known political events, and the image shows two men behind a podium, which could fit a political announcement context."",
  ""Final_Decision"": ""Fake"",
  ""Did_Decision_Change"": ""Yes"",
  ""Decision_Confidence"": ""Medium"",
  ""Explanation"": ""Initially, the headline seemed credible and the image appeared consistent with a political event, so I thought the news was real. The AI image description was somewhat accurate, describing two men behind a podium including Trump, which matches the image. However, the vision tool flagged the image as 'Fake' with moderate confidence, detecting unrelated visual concepts like 'chimpanzee' and 'fire screen,' indicating possible image manipulation or mismatch. The text tool strongly classified the headline as 'Real' with high confidence and moderate positive sentiment, suggesting the headline itself is not sensational or fabricated. The consistency tool showed low semantic similarity between the headline and AI caption (0.15) and low cross-modal similarity between image and headline (0.35), indicating weak alignment. This suggests the image may not genuinely depict the event described in the headline. Taken together, the forensic tools reveal inconsistencies and potential image tampering that were not obvious on direct observation, leading me to change my decision to 'Fake' with medium confidence due to mixed signals."",
  ""Nudge"": ""When evaluating news with images, always consider whether the image truly matches the headline and context; use multiple sources or tools to verify if the visual content is authentic and relevant before trusting the claim.""
}"
/content/FakeNews/assets/content/fakeddit_images/51.jpg,the man who looks after dogs,1,a man is sitting on the ground with several dogs,Real,Fake,Real,"The image shows a man sitting on the ground surrounded by several dogs, which visually aligns well with the headline 'the man who looks after dogs'. The scene appears natural and plausible.",Fake,Yes,Medium,"Initially, the image and headline seemed consistent and believable, suggesting a real news item about a man caring for dogs. The AI image description was accurate, describing a man sitting on the ground with several dogs, which matches the visual content. However, forensic tools revealed important contradictions: the vision tool classified the image as Real but with low confidence (0.50), indicating uncertainty. The text tool flagged the headline as Fake with a relatively high confidence (0.72), suggesting the headline might be misleading or part of misinformation. The consistency tool showed only moderate alignment between the headline and AI caption (0.41) and between the image and headline (0.33), indicating weak semantic and cross-modal consistency. This weak alignment combined with the text tool's Fake classification led me to revise my initial impression and classify the news item as Fake, though with medium confidence due to some supporting visual evidence.","When evaluating news items, pay close attention to the consistency between images and headlines, and be cautious if the headline seems vague or overly simplistic, as it might be misleading or part of misinformation.","{
  ""Initial_Impression"": ""Real"",
  ""Initial_Reasoning"": ""The image shows a man sitting on the ground surrounded by several dogs, which visually aligns well with the headline 'the man who looks after dogs'. The scene appears natural and plausible."",
  ""Final_Decision"": ""Fake"",
  ""Did_Decision_Change"": ""Yes"",
  ""Decision_Confidence"": ""Medium"",
  ""Explanation"": ""Initially, the image and headline seemed consistent and believable, suggesting a real news item about a man caring for dogs. The AI image description was accurate, describing a man sitting on the ground with several dogs, which matches the visual content. However, forensic tools revealed important contradictions: the vision tool classified the image as Real but with low confidence (0.50), indicating uncertainty. The text tool flagged the headline as Fake with a relatively high confidence (0.72), suggesting the headline might be misleading or part of misinformation. The consistency tool showed only moderate alignment between the headline and AI caption (0.41) and between the image and headline (0.33), indicating weak semantic and cross-modal consistency. This weak alignment combined with the text tool's Fake classification led me to revise my initial impression and classify the news item as Fake, though with medium confidence due to some supporting visual evidence."",
  ""Nudge"": ""When evaluating news items, pay close attention to the consistency between images and headlines, and be cautious if the headline seems vague or overly simplistic, as it might be misleading or part of misinformation.""
}"
/content/FakeNews/assets/content/fakeddit_images/138.jpg,jerusalem court acquits man after determining he is a kohen,1,a sign in hebrew and english is displayed in front of a cemetery,Real,Real,Fake,"The headline about a Jerusalem court acquitting a man after determining he is a Kohen seems unusual and potentially misleading, as it implies a legal decision based on religious status, which is uncommon and suspicious. The image shows a sign in Hebrew and English in front of a cemetery, which does not clearly support the headline's claim.",Real,Yes,Medium,"Initially, the headline struck me as suspicious because it suggests a legal acquittal based on religious lineage, which is an uncommon legal basis and could be misleading. The image shows a sign in Hebrew and English near a cemetery, which did not immediately clarify the context. The AI-generated description was accurate and matched the image well, so the consistency tool's scores are trustworthy. The vision tool detected relevant visual concepts like a street sign and synagogue outdoor, and classified the image as Real with moderate confidence. The text tool strongly classified the headline as Real with very high confidence and found the sentiment neutral, indicating no sensationalism. The consistency tool showed low but positive alignment between the headline, caption, and image, which is reasonable given the indirect relation. Overall, the forensic tools support the headline's plausibility and the image's authenticity, leading me to revise my initial impression and classify the news item as Real with medium confidence due to the unusual nature of the claim but strong tool support.","When encountering unusual legal or religious claims in headlines, look for corroborating evidence and consider whether the image and text contextually support the claim before accepting it as true.","{
  ""Initial_Impression"": ""Fake"",
  ""Initial_Reasoning"": ""The headline about a Jerusalem court acquitting a man after determining he is a Kohen seems unusual and potentially misleading, as it implies a legal decision based on religious status, which is uncommon and suspicious. The image shows a sign in Hebrew and English in front of a cemetery, which does not clearly support the headline's claim."",
  ""Final_Decision"": ""Real"",
  ""Did_Decision_Change"": ""Yes"",
  ""Decision_Confidence"": ""Medium"",
  ""Explanation"": ""Initially, the headline struck me as suspicious because it suggests a legal acquittal based on religious lineage, which is an uncommon legal basis and could be misleading. The image shows a sign in Hebrew and English near a cemetery, which did not immediately clarify the context. The AI-generated description was accurate and matched the image well, so the consistency tool's scores are trustworthy. The vision tool detected relevant visual concepts like a street sign and synagogue outdoor, and classified the image as Real with moderate confidence. The text tool strongly classified the headline as Real with very high confidence and found the sentiment neutral, indicating no sensationalism. The consistency tool showed low but positive alignment between the headline, caption, and image, which is reasonable given the indirect relation. Overall, the forensic tools support the headline's plausibility and the image's authenticity, leading me to revise my initial impression and classify the news item as Real with medium confidence due to the unusual nature of the claim but strong tool support."",
  ""Nudge"": ""When encountering unusual legal or religious claims in headlines, look for corroborating evidence and consider whether the image and text contextually support the claim before accepting it as true.""
}"
/content/FakeNews/assets/content/fakeddit_images/78.jpg,this professional french esport player,1,a man with his mouth open in front of a crowd,Real,Real,Fake,"The image shows a man with his mouth open in front of a crowd, but the headline 'this professional french esport player' is vague and lacks context or proper capitalization, which raises suspicion about its credibility.",Real,Yes,Medium,"Initially, the headline's poor grammar and lack of detail made me suspect the news item might be fake. However, the AI image description accurately describes the image as 'a man with his mouth open in front of a crowd,' which matches the visual content. The vision tool classified the image as Real with moderate confidence, and the text tool strongly classified the headline as Real with very high confidence and neutral sentiment, indicating no sensationalism. The consistency tool showed low but positive alignment scores between the headline, caption, and image, suggesting some relevance but not strong semantic overlap. Overall, the forensic tools support the authenticity of the image and headline, leading me to revise my initial impression to Real, though the vague headline keeps my confidence at medium.","When evaluating news items, pay close attention to the clarity and professionalism of the headline and check if the image content logically supports the claim. Use multiple signals, including image analysis and headline credibility, before deciding on authenticity.","{
  ""Initial_Impression"": ""Fake"",
  ""Initial_Reasoning"": ""The image shows a man with his mouth open in front of a crowd, but the headline 'this professional french esport player' is vague and lacks context or proper capitalization, which raises suspicion about its credibility."",
  ""Final_Decision"": ""Real"",
  ""Did_Decision_Change"": ""Yes"",
  ""Decision_Confidence"": ""Medium"",
  ""Explanation"": ""Initially, the headline's poor grammar and lack of detail made me suspect the news item might be fake. However, the AI image description accurately describes the image as 'a man with his mouth open in front of a crowd,' which matches the visual content. The vision tool classified the image as Real with moderate confidence, and the text tool strongly classified the headline as Real with very high confidence and neutral sentiment, indicating no sensationalism. The consistency tool showed low but positive alignment scores between the headline, caption, and image, suggesting some relevance but not strong semantic overlap. Overall, the forensic tools support the authenticity of the image and headline, leading me to revise my initial impression to Real, though the vague headline keeps my confidence at medium."",
  ""Nudge"": ""When evaluating news items, pay close attention to the clarity and professionalism of the headline and check if the image content logically supports the claim. Use multiple signals, including image analysis and headline credibility, before deciding on authenticity.""
}"
/content/FakeNews/assets/content/fakeddit_images/252.jpg,a push pin held to an earbud by the small magnet in it,1,a person holding a small white object,Real,Real,Fake,"The headline describes a very specific and unusual scenario involving a push pin and an earbud magnet, but the image shows a person holding a small white object that does not clearly match the headline's claim, making it seem suspicious or misleading.",Real,Yes,Medium,"Initially, the headline's unusual claim about a push pin held to an earbud by a magnet seemed suspicious, and the image did not clearly show this, leading to an initial impression of fake news. The AI image description was accurate but vague, describing only 'a person holding a small white object,' which aligns with the image but does not confirm the headline's specific claim. The vision tool detected plausible real visual concepts and classified the image as Real with moderate confidence. The text tool strongly classified the headline as Real with high confidence and neutral sentiment, indicating no sensationalism. The consistency tool showed moderate but not strong alignment between the headline, AI caption, and image, which is reasonable given the vague description and the image content. Overall, the forensic tools suggest the content is likely Real, and the initial suspicion was due to the headline's specificity and the image's ambiguity. Therefore, the final decision is Real with medium confidence due to some ambiguity in alignment scores.","When encountering unusual or very specific claims, carefully compare the image content with the headline and look for strong alignment or supporting details before concluding the content is fake.","{
  ""Initial_Impression"": ""Fake"",
  ""Initial_Reasoning"": ""The headline describes a very specific and unusual scenario involving a push pin and an earbud magnet, but the image shows a person holding a small white object that does not clearly match the headline's claim, making it seem suspicious or misleading."",
  ""Final_Decision"": ""Real"",
  ""Did_Decision_Change"": ""Yes"",
  ""Decision_Confidence"": ""Medium"",
  ""Explanation"": ""Initially, the headline's unusual claim about a push pin held to an earbud by a magnet seemed suspicious, and the image did not clearly show this, leading to an initial impression of fake news. The AI image description was accurate but vague, describing only 'a person holding a small white object,' which aligns with the image but does not confirm the headline's specific claim. The vision tool detected plausible real visual concepts and classified the image as Real with moderate confidence. The text tool strongly classified the headline as Real with high confidence and neutral sentiment, indicating no sensationalism. The consistency tool showed moderate but not strong alignment between the headline, AI caption, and image, which is reasonable given the vague description and the image content. Overall, the forensic tools suggest the content is likely Real, and the initial suspicion was due to the headline's specificity and the image's ambiguity. Therefore, the final decision is Real with medium confidence due to some ambiguity in alignment scores."",
  ""Nudge"": ""When encountering unusual or very specific claims, carefully compare the image content with the headline and look for strong alignment or supporting details before concluding the content is fake.""
}"
/content/FakeNews/assets/content/fakeddit_images/47.jpg,putins alleged lovermistress alina kabayeva,1,a young woman doing a gymnastics move with a ball,Real,Real,Fake,"The headline claims a sensational and specific relationship involving a high-profile figure, but the image shows a young woman performing a gymnastics move with a ball, which does not visually support or relate to the headline's claim.",Fake,No,High,"Initially, the headline's sensational nature about 'Putin's alleged lovermistress Alina Kabayeva' contrasted sharply with the image of a young woman doing a gymnastics move with a ball, which seemed unrelated and suspicious. The AI image description was accurate and reliable, as it correctly described the image content. The vision tool confirmed the image is real and detected relevant gymnastics-related concepts, but the image itself does not support the headline's claim. The text tool classified the headline as real with high confidence, likely because the headline is straightforward and not overtly fabricated, but it has a neutral sentiment score, indicating no sensational tone detected by the tool. The consistency tool showed very low semantic similarity between the headline and the AI caption (0.09) and low cross-modal similarity between the image and the headline (0.26), indicating poor alignment. This mismatch suggests the image and headline do not support each other, reinforcing the suspicion that the headline is misleading or fake news. Therefore, the forensic tools confirmed my initial intuition that this is fake news, as the image does not substantiate the headline's claim.",Be cautious of headlines making sensational personal claims about public figures when the accompanying images do not clearly support or relate to the claim; always check if the image content aligns well with the headline before trusting the story.,"{
  ""Initial_Impression"": ""Fake"",
  ""Initial_Reasoning"": ""The headline claims a sensational and specific relationship involving a high-profile figure, but the image shows a young woman performing a gymnastics move with a ball, which does not visually support or relate to the headline's claim."",
  ""Final_Decision"": ""Fake"",
  ""Did_Decision_Change"": ""No"",
  ""Decision_Confidence"": ""High"",
  ""Explanation"": ""Initially, the headline's sensational nature about 'Putin's alleged lovermistress Alina Kabayeva' contrasted sharply with the image of a young woman doing a gymnastics move with a ball, which seemed unrelated and suspicious. The AI image description was accurate and reliable, as it correctly described the image content. The vision tool confirmed the image is real and detected relevant gymnastics-related concepts, but the image itself does not support the headline's claim. The text tool classified the headline as real with high confidence, likely because the headline is straightforward and not overtly fabricated, but it has a neutral sentiment score, indicating no sensational tone detected by the tool. The consistency tool showed very low semantic similarity between the headline and the AI caption (0.09) and low cross-modal similarity between the image and the headline (0.26), indicating poor alignment. This mismatch suggests the image and headline do not support each other, reinforcing the suspicion that the headline is misleading or fake news. Therefore, the forensic tools confirmed my initial intuition that this is fake news, as the image does not substantiate the headline's claim."",
  ""Nudge"": ""Be cautious of headlines making sensational personal claims about public figures when the accompanying images do not clearly support or relate to the claim; always check if the image content aligns well with the headline before trusting the story.""
}"
/content/FakeNews/assets/content/fakeddit_images/213.jpg,red moscow the heart of the world proletarian revolution ussr,0,a poster with the words russian revolution,Fake,Fake,Fake,"The headline is a sensational and ideologically charged phrase that seems exaggerated and propagandistic. The image appears to be a poster with text and design elements that could be easily manipulated or fabricated, raising suspicion about its authenticity.",Fake,No,High,"My initial impression was that this news item is likely fake due to the sensational and propagandistic nature of the headline and the poster-like image that could be fabricated. The AI-generated description 'a poster with the words russian revolution' is broadly accurate but vague, so I cautiously considered the consistency scores. The vision tool flagged the image as Fake with moderate confidence, detecting unrelated visual concepts that do not strongly support the headline's claim. The text tool classified the headline as Fake with very high confidence and noted a high positive sentiment score, indicating sensationalism. The consistency tool showed moderate semantic similarity between the headline and AI caption (0.59) but low cross-modal similarity between the image and headline (0.34), suggesting weak alignment. Overall, the forensic tools strongly support the initial intuition that this is malicious fake news, and I maintain a high confidence in this decision.","Be cautious of headlines that use grandiose or ideological language without clear evidence, and always check if the image content aligns well with the headline and description to spot inconsistencies that may indicate fake news.","{
  ""Initial_Impression"": ""Fake"",
  ""Initial_Reasoning"": ""The headline is a sensational and ideologically charged phrase that seems exaggerated and propagandistic. The image appears to be a poster with text and design elements that could be easily manipulated or fabricated, raising suspicion about its authenticity."",
  ""Final_Decision"": ""Fake"",
  ""Did_Decision_Change"": ""No"",
  ""Decision_Confidence"": ""High"",
  ""Explanation"": ""My initial impression was that this news item is likely fake due to the sensational and propagandistic nature of the headline and the poster-like image that could be fabricated. The AI-generated description 'a poster with the words russian revolution' is broadly accurate but vague, so I cautiously considered the consistency scores. The vision tool flagged the image as Fake with moderate confidence, detecting unrelated visual concepts that do not strongly support the headline's claim. The text tool classified the headline as Fake with very high confidence and noted a high positive sentiment score, indicating sensationalism. The consistency tool showed moderate semantic similarity between the headline and AI caption (0.59) but low cross-modal similarity between the image and headline (0.34), suggesting weak alignment. Overall, the forensic tools strongly support the initial intuition that this is malicious fake news, and I maintain a high confidence in this decision."",
  ""Nudge"": ""Be cautious of headlines that use grandiose or ideological language without clear evidence, and always check if the image content aligns well with the headline and description to spot inconsistencies that may indicate fake news.""
}"
/content/FakeNews/assets/content/fakeddit_images/13.jpg,americans first knowing what to call african slaves,0,a person holding a small button with the letter n on it,Real,Fake,Fake,"The headline is provocative and confusing, seemingly nonsensical or inflammatory, and the image shows a person holding a small button with the letter 'n' on it, which could be a sensitive or controversial symbol. This combination raises suspicion about the content's intent and truthfulness.",Fake,No,High,"My initial impression was that the news item is likely fake due to the provocative and unclear headline combined with a sensitive image. The AI-generated description of the image as 'a person holding a small button with the letter n on it' is accurate and matches what I see in the image, so the description is reliable. The vision tool classified the image as Real but with low confidence (about 51%), and the detected visual concepts are unrelated and somewhat random, indicating no strong evidence of manipulation. The text tool strongly flagged the headline as Fake with very high confidence (99.9%), and the sentiment score is neutral, suggesting the headline is not just sensational but likely false or misleading. The consistency tool shows very low similarity scores between the headline and the AI caption (0.076) and between the image and the headline (0.254), indicating poor alignment and supporting the idea that the headline and image do not coherently support each other. Overall, the forensic tools confirm my initial suspicion that this is malicious fake news, and I maintain my decision with high confidence.","When encountering provocative or confusing headlines paired with ambiguous images, critically assess whether the text and image logically align and consider the source's credibility before accepting the content as true.","{
  ""Initial_Impression"": ""Fake"",
  ""Initial_Reasoning"": ""The headline is provocative and confusing, seemingly nonsensical or inflammatory, and the image shows a person holding a small button with the letter 'n' on it, which could be a sensitive or controversial symbol. This combination raises suspicion about the content's intent and truthfulness."",
  ""Final_Decision"": ""Fake"",
  ""Did_Decision_Change"": ""No"",
  ""Decision_Confidence"": ""High"",
  ""Explanation"": ""My initial impression was that the news item is likely fake due to the provocative and unclear headline combined with a sensitive image. The AI-generated description of the image as 'a person holding a small button with the letter n on it' is accurate and matches what I see in the image, so the description is reliable. The vision tool classified the image as Real but with low confidence (about 51%), and the detected visual concepts are unrelated and somewhat random, indicating no strong evidence of manipulation. The text tool strongly flagged the headline as Fake with very high confidence (99.9%), and the sentiment score is neutral, suggesting the headline is not just sensational but likely false or misleading. The consistency tool shows very low similarity scores between the headline and the AI caption (0.076) and between the image and the headline (0.254), indicating poor alignment and supporting the idea that the headline and image do not coherently support each other. Overall, the forensic tools confirm my initial suspicion that this is malicious fake news, and I maintain my decision with high confidence."",
  ""Nudge"": ""When encountering provocative or confusing headlines paired with ambiguous images, critically assess whether the text and image logically align and consider the source's credibility before accepting the content as true.""
}"
/content/FakeNews/assets/content/fakeddit_images/273.jpg,nintendo switch cowmilking game,1,two people sitting on a bench with a green wall,Real,Real,Fake,"The headline 'nintendo switch cowmilking game' suggests a very specific and unusual game concept, but the image shows two people sitting on a bench with a green wall behind them, which does not visually relate to the headline at all.",Fake,No,High,"My initial impression was that the news item was fake because the image content did not match the headline's claim about a Nintendo Switch cow milking game. The AI-generated image description 'two people sitting on a bench with a green wall' accurately describes the image, confirming that the image is unrelated to the headline. The vision tool classified the image as Real but with low confidence and detected unrelated concepts like 'cellular telephone' and 'waiting room,' which do not support the headline. The text tool strongly classified the headline as Real, likely because it is a neutral phrase without sensational language, but this does not validate the claim. The consistency tool showed very low semantic similarity (0.059) between the headline and the AI caption and low cross-modal similarity (0.27) between the image and the headline, indicating poor alignment. All evidence confirms the image and headline are inconsistent, supporting the conclusion that this is a fake news item.",Always check if the image content actually matches the headline's claim; mismatches often indicate misleading or fake news.,"{
  ""Initial_Impression"": ""Fake"",
  ""Initial_Reasoning"": ""The headline 'nintendo switch cowmilking game' suggests a very specific and unusual game concept, but the image shows two people sitting on a bench with a green wall behind them, which does not visually relate to the headline at all."",
  ""Final_Decision"": ""Fake"",
  ""Did_Decision_Change"": ""No"",
  ""Decision_Confidence"": ""High"",
  ""Explanation"": ""My initial impression was that the news item was fake because the image content did not match the headline's claim about a Nintendo Switch cow milking game. The AI-generated image description 'two people sitting on a bench with a green wall' accurately describes the image, confirming that the image is unrelated to the headline. The vision tool classified the image as Real but with low confidence and detected unrelated concepts like 'cellular telephone' and 'waiting room,' which do not support the headline. The text tool strongly classified the headline as Real, likely because it is a neutral phrase without sensational language, but this does not validate the claim. The consistency tool showed very low semantic similarity (0.059) between the headline and the AI caption and low cross-modal similarity (0.27) between the image and the headline, indicating poor alignment. All evidence confirms the image and headline are inconsistent, supporting the conclusion that this is a fake news item."",
  ""Nudge"": ""Always check if the image content actually matches the headline's claim; mismatches often indicate misleading or fake news.""
}"
/content/FakeNews/assets/content/fakeddit_images/115.jpg,my stapler is in a very uncomfortable position,0,a red and black device with a metal clip on it,Real,Fake,Fake,"The headline 'my stapler is in a very uncomfortable position' sounds unusual and somewhat nonsensical as a news headline, and the image shows a device that does not clearly look like a stapler but more like a hand-held or desktop device, which raises suspicion about the authenticity or relevance of the content.",Fake,No,High,"Initially, the headline seemed odd and not typical of genuine news, and the image did not clearly depict a stapler but rather a device resembling a hand-held or desktop computer. The AI-generated description 'a red and black device with a metal clip on it' was somewhat accurate but vague, as the image shows a device with red and black colors and a metal clip-like part, so the description is reliable enough for consistency checks. The vision tool classified the image as Real but with low confidence (around 0.51), detecting concepts like hand-held computer and pencil sharpener, which do not align well with the headline about a stapler. The text tool strongly flagged the headline as Fake with high confidence (0.95) and noted a negative sentiment, indicating a sensational or unusual tone. The consistency tool showed low similarity scores between the headline and the AI caption (0.22) and between the image and the headline (0.31), indicating weak alignment. These forensic results confirm the initial suspicion that the content is misleading or fake news. Therefore, the final decision remains Fake with high confidence.",Be cautious of headlines that sound unusual or nonsensical and check if the image content clearly matches the headline; inconsistencies often indicate misleading or fake news.,"{
  ""Initial_Impression"": ""Fake"",
  ""Initial_Reasoning"": ""The headline 'my stapler is in a very uncomfortable position' sounds unusual and somewhat nonsensical as a news headline, and the image shows a device that does not clearly look like a stapler but more like a hand-held or desktop device, which raises suspicion about the authenticity or relevance of the content."",
  ""Final_Decision"": ""Fake"",
  ""Did_Decision_Change"": ""No"",
  ""Decision_Confidence"": ""High"",
  ""Explanation"": ""Initially, the headline seemed odd and not typical of genuine news, and the image did not clearly depict a stapler but rather a device resembling a hand-held or desktop computer. The AI-generated description 'a red and black device with a metal clip on it' was somewhat accurate but vague, as the image shows a device with red and black colors and a metal clip-like part, so the description is reliable enough for consistency checks. The vision tool classified the image as Real but with low confidence (around 0.51), detecting concepts like hand-held computer and pencil sharpener, which do not align well with the headline about a stapler. The text tool strongly flagged the headline as Fake with high confidence (0.95) and noted a negative sentiment, indicating a sensational or unusual tone. The consistency tool showed low similarity scores between the headline and the AI caption (0.22) and between the image and the headline (0.31), indicating weak alignment. These forensic results confirm the initial suspicion that the content is misleading or fake news. Therefore, the final decision remains Fake with high confidence."",
  ""Nudge"": ""Be cautious of headlines that sound unusual or nonsensical and check if the image content clearly matches the headline; inconsistencies often indicate misleading or fake news.""
}"
/content/FakeNews/assets/content/fakeddit_images/195.jpg,an american soldier prepares to charge a viet cong position,0,pokemon character holding a gun in the woods,Real,Fake,Fake,"The headline describes a historical war scene involving an American soldier and Viet Cong, but the image appears to show a cartoonish or fantasy character, not a real soldier, which is inconsistent and suspicious.",Fake,No,High,"My initial impression was that the news item is fake because the headline suggests a serious historical military context, but the image does not visually match this context. The AI-generated description calling the image a 'pokemon character holding a gun in the woods' is accurate, as the image clearly depicts a cartoon-like creature rather than a real soldier. The vision tool detected concepts related to fantasy or nature (axolotl, mushroom) and classified the image as Real but with low confidence, likely because the image is not a manipulated photo but a non-realistic cartoon. The text tool strongly flagged the headline as Fake with very high confidence, indicating the headline is likely misleading or false. The consistency tool showed low similarity scores between the headline and the AI caption (0.26) and between the image and the headline (0.27), confirming a poor alignment between the visual content and the claim. All evidence supports that this is malicious fake news, and the tools confirmed my initial intuition without contradiction.","Always compare the visual content carefully with the headline; if the image looks like a cartoon or fantasy character but the headline claims a real-world event, be skeptical and verify the source before trusting the news.","{
  ""Initial_Impression"": ""Fake"",
  ""Initial_Reasoning"": ""The headline describes a historical war scene involving an American soldier and Viet Cong, but the image appears to show a cartoonish or fantasy character, not a real soldier, which is inconsistent and suspicious."",
  ""Final_Decision"": ""Fake"",
  ""Did_Decision_Change"": ""No"",
  ""Decision_Confidence"": ""High"",
  ""Explanation"": ""My initial impression was that the news item is fake because the headline suggests a serious historical military context, but the image does not visually match this context. The AI-generated description calling the image a 'pokemon character holding a gun in the woods' is accurate, as the image clearly depicts a cartoon-like creature rather than a real soldier. The vision tool detected concepts related to fantasy or nature (axolotl, mushroom) and classified the image as Real but with low confidence, likely because the image is not a manipulated photo but a non-realistic cartoon. The text tool strongly flagged the headline as Fake with very high confidence, indicating the headline is likely misleading or false. The consistency tool showed low similarity scores between the headline and the AI caption (0.26) and between the image and the headline (0.27), confirming a poor alignment between the visual content and the claim. All evidence supports that this is malicious fake news, and the tools confirmed my initial intuition without contradiction."",
  ""Nudge"": ""Always compare the visual content carefully with the headline; if the image looks like a cartoon or fantasy character but the headline claims a real-world event, be skeptical and verify the source before trusting the news.""
}"
/content/FakeNews/assets/content/fakeddit_images/166.jpg,will smith at the set of bad boys,0,a man in a white tank top is looking at something,Real,Fake,Fake,"The image shows a man in a white tank top who does not visually resemble Will Smith, and the setting does not clearly look like a movie set for 'Bad Boys'. The headline seems like a clickbait or misleading claim.",Fake,No,High,"My initial impression was that the news item is fake because the man in the image does not look like Will Smith, and the setting is ambiguous. The AI image description is accurate but very generic, describing only 'a man in a white tank top looking at something,' which matches the image but does not confirm the headline. The vision tool classified the image as Real but with low confidence and detected unrelated visual concepts, indicating no strong evidence supporting the headline. The text tool flagged the headline as Fake with high confidence and noted a negative sentiment, suggesting sensationalism or misleading content. The consistency tool showed very low similarity scores between the headline and the AI caption (0.11) and between the image and the headline (0.22), indicating poor alignment. Overall, the forensic tools confirmed my initial intuition that this is a fake news item.","Always critically compare the visual content with the headline and look for clear, specific visual evidence supporting the claim before accepting it as true.","{
  ""Initial_Impression"": ""Fake"",
  ""Initial_Reasoning"": ""The image shows a man in a white tank top who does not visually resemble Will Smith, and the setting does not clearly look like a movie set for 'Bad Boys'. The headline seems like a clickbait or misleading claim."",
  ""Final_Decision"": ""Fake"",
  ""Did_Decision_Change"": ""No"",
  ""Decision_Confidence"": ""High"",
  ""Explanation"": ""My initial impression was that the news item is fake because the man in the image does not look like Will Smith, and the setting is ambiguous. The AI image description is accurate but very generic, describing only 'a man in a white tank top looking at something,' which matches the image but does not confirm the headline. The vision tool classified the image as Real but with low confidence and detected unrelated visual concepts, indicating no strong evidence supporting the headline. The text tool flagged the headline as Fake with high confidence and noted a negative sentiment, suggesting sensationalism or misleading content. The consistency tool showed very low similarity scores between the headline and the AI caption (0.11) and between the image and the headline (0.22), indicating poor alignment. Overall, the forensic tools confirmed my initial intuition that this is a fake news item."",
  ""Nudge"": ""Always critically compare the visual content with the headline and look for clear, specific visual evidence supporting the claim before accepting it as true.""
}"
/content/FakeNews/assets/content/fakeddit_images/157.jpg,this happy wee chap,0,a white plastic plate with holes in it,Real,Fake,Real,"The headline 'this happy wee chap' suggests a positive, benign tone, and the image appears to show a small, possibly joyful subject (a child or small figure), which seems consistent with the headline.",Fake,Yes,Medium,"Initially, the headline and image gave a benign impression, suggesting a real, lighthearted news item. However, the AI image description 'a white plastic plate with holes in it' is inaccurate and does not match the image content, which appears to show a small figure or child, not a plate. The vision tool classified the image as Real but with low confidence (0.51), and the text tool flagged the headline as Fake with moderate confidence (0.61) and a somewhat sensational sentiment score (0.57). The consistency tool showed very low alignment between the headline and AI caption (0.15) and between the image and headline (0.25), indicating poor semantic and cross-modal consistency. This mismatch and the text tool's fake classification suggest the headline is misleading or the content is manipulated, leading to a final classification of Fake. The tools revealed inconsistencies and potential manipulation that were not obvious from direct observation alone.","When evaluating news items, always check if the image description and headline align well with the actual image content; inconsistencies often signal misleading or fake content.","{
  ""Initial_Impression"": ""Real"",
  ""Initial_Reasoning"": ""The headline 'this happy wee chap' suggests a positive, benign tone, and the image appears to show a small, possibly joyful subject (a child or small figure), which seems consistent with the headline."",
  ""Final_Decision"": ""Fake"",
  ""Did_Decision_Change"": ""Yes"",
  ""Decision_Confidence"": ""Medium"",
  ""Explanation"": ""Initially, the headline and image gave a benign impression, suggesting a real, lighthearted news item. However, the AI image description 'a white plastic plate with holes in it' is inaccurate and does not match the image content, which appears to show a small figure or child, not a plate. The vision tool classified the image as Real but with low confidence (0.51), and the text tool flagged the headline as Fake with moderate confidence (0.61) and a somewhat sensational sentiment score (0.57). The consistency tool showed very low alignment between the headline and AI caption (0.15) and between the image and headline (0.25), indicating poor semantic and cross-modal consistency. This mismatch and the text tool's fake classification suggest the headline is misleading or the content is manipulated, leading to a final classification of Fake. The tools revealed inconsistencies and potential manipulation that were not obvious from direct observation alone."",
  ""Nudge"": ""When evaluating news items, always check if the image description and headline align well with the actual image content; inconsistencies often signal misleading or fake content.""
}"
/content/FakeNews/assets/content/fakeddit_images/285.jpg,speed racer v,0,a man is riding a motorcycle with his hands up,Fake,Fake,Fake,"The headline 'speed racer v' is vague and does not clearly relate to the image, which shows a man on a motorcycle with his hands up. The image and headline seem disconnected, raising suspicion about the news item's authenticity.",Fake,No,High,"Initially, the headline 'speed racer v' and the image of a man riding a motorcycle with his hands up appeared disconnected and suspicious. The AI-generated description was accurate in describing the image content, so the consistency tool's scores are trustworthy. The vision tool flagged the image as 'Fake' with moderate confidence, detecting unrelated visual concepts that do not strongly support the headline. The text tool classified the headline as 'Fake' with very high confidence and neutral sentiment, indicating no sensationalism but likely misinformation. The consistency tool showed low semantic similarity between the headline and the AI caption (0.12) and low cross-modal similarity between the image and headline (0.23), confirming poor alignment. All tools consistently indicate the content is misleading or fake, supporting the initial impression without contradiction.","When evaluating news items, pay close attention to how well the headline matches the image content. If the connection is vague or weak, it may indicate misleading or fake news. Always question vague headlines that do not clearly describe the visual evidence.","{
  ""Initial_Impression"": ""Fake"",
  ""Initial_Reasoning"": ""The headline 'speed racer v' is vague and does not clearly relate to the image, which shows a man on a motorcycle with his hands up. The image and headline seem disconnected, raising suspicion about the news item's authenticity."",
  ""Final_Decision"": ""Fake"",
  ""Did_Decision_Change"": ""No"",
  ""Decision_Confidence"": ""High"",
  ""Explanation"": ""Initially, the headline 'speed racer v' and the image of a man riding a motorcycle with his hands up appeared disconnected and suspicious. The AI-generated description was accurate in describing the image content, so the consistency tool's scores are trustworthy. The vision tool flagged the image as 'Fake' with moderate confidence, detecting unrelated visual concepts that do not strongly support the headline. The text tool classified the headline as 'Fake' with very high confidence and neutral sentiment, indicating no sensationalism but likely misinformation. The consistency tool showed low semantic similarity between the headline and the AI caption (0.12) and low cross-modal similarity between the image and headline (0.23), confirming poor alignment. All tools consistently indicate the content is misleading or fake, supporting the initial impression without contradiction."",
  ""Nudge"": ""When evaluating news items, pay close attention to how well the headline matches the image content. If the connection is vague or weak, it may indicate misleading or fake news. Always question vague headlines that do not clearly describe the visual evidence.""
}"
/content/FakeNews/assets/content/fakeddit_images/142.jpg,seen in a wood restorers bathroom,1,a picture of a man on a door knob,Real,Real,Fake,"The headline 'seen in a wood restorers bathroom' suggests a specific context involving a wood restorer's bathroom, but the image shows what appears to be a close-up of a door knob with a man’s face reflected or superimposed, which seems unusual and suspicious for such a setting.",Real,Yes,Medium,"Initially, the headline and image combination seemed suspicious because the image did not clearly depict a wood restorer's bathroom but rather a man’s face on a door knob, which felt odd and potentially manipulated. The AI image description 'a picture of a man on a door knob' is accurate and matches the visual content, so the description is reliable. The vision tool classified the image as Real with moderate confidence (about 50%), detecting concepts like elevator door and sliding door, which align with the door knob context. The text tool strongly classified the headline as Real with high confidence (about 91%) and neutral sentiment, indicating no sensationalism. The consistency tool showed moderate alignment between the headline and AI caption (0.40) and lower but positive alignment between the image and headline (0.27), suggesting some semantic relation but not strong. Overall, the forensic tools indicate the content is likely Real, and the initial suspicion was due to the unusual but genuine visual. Therefore, the final decision is Real with medium confidence due to moderate tool agreement and the unusual nature of the image.","When encountering unusual images paired with vague headlines, consider whether the image might be genuine but contextually ambiguous rather than immediately assuming manipulation; use multiple tools to check for consistency and credibility before concluding.","{
  ""Initial_Impression"": ""Fake"",
  ""Initial_Reasoning"": ""The headline 'seen in a wood restorers bathroom' suggests a specific context involving a wood restorer's bathroom, but the image shows what appears to be a close-up of a door knob with a man’s face reflected or superimposed, which seems unusual and suspicious for such a setting."",
  ""Final_Decision"": ""Real"",
  ""Did_Decision_Change"": ""Yes"",
  ""Decision_Confidence"": ""Medium"",
  ""Explanation"": ""Initially, the headline and image combination seemed suspicious because the image did not clearly depict a wood restorer's bathroom but rather a man’s face on a door knob, which felt odd and potentially manipulated. The AI image description 'a picture of a man on a door knob' is accurate and matches the visual content, so the description is reliable. The vision tool classified the image as Real with moderate confidence (about 50%), detecting concepts like elevator door and sliding door, which align with the door knob context. The text tool strongly classified the headline as Real with high confidence (about 91%) and neutral sentiment, indicating no sensationalism. The consistency tool showed moderate alignment between the headline and AI caption (0.40) and lower but positive alignment between the image and headline (0.27), suggesting some semantic relation but not strong. Overall, the forensic tools indicate the content is likely Real, and the initial suspicion was due to the unusual but genuine visual. Therefore, the final decision is Real with medium confidence due to moderate tool agreement and the unusual nature of the image."",
  ""Nudge"": ""When encountering unusual images paired with vague headlines, consider whether the image might be genuine but contextually ambiguous rather than immediately assuming manipulation; use multiple tools to check for consistency and credibility before concluding.""
}"
/content/FakeNews/assets/content/fakeddit_images/190.jpg,caveman bison painting,0,a concrete mixer is being used to mix concrete,Real,Real,Fake,"The headline 'caveman bison painting' suggests an ancient or prehistoric artwork, but the image clearly shows a modern construction site with concrete and machinery, which visually contradicts the headline.",Real,Yes,Medium,"Initially, the headline and image seemed inconsistent, leading to the impression that the news was fake because the image did not depict a caveman bison painting but rather a construction site. The AI image description was inaccurate, describing a concrete mixer, which matches the image but not the headline. The vision tool detected concepts related to construction and flagged the image as Real with moderate confidence. The text tool classified the headline as Real with good confidence and neutral sentiment, indicating the headline itself is not sensational or misleading. The consistency tool showed very low semantic similarity between the headline and AI caption (-0.01), confirming the AI description is unreliable for alignment. The image-to-text similarity was low (0.20), indicating weak but not contradictory alignment between the image and headline. Given the vision and text tools' outputs and the lack of sensationalism, the content is likely benign or Real, possibly a mislabel or a metaphorical headline rather than malicious fake news. Therefore, I changed my decision to Real with medium confidence due to the mixed signals.","Always check if the image and headline truly match in content and context; an inaccurate AI description or misleading headline can cause confusion, so verify each element independently before concluding if news is fake.","{
  ""Initial_Impression"": ""Fake"",
  ""Initial_Reasoning"": ""The headline 'caveman bison painting' suggests an ancient or prehistoric artwork, but the image clearly shows a modern construction site with concrete and machinery, which visually contradicts the headline."",
  ""Final_Decision"": ""Real"",
  ""Did_Decision_Change"": ""Yes"",
  ""Decision_Confidence"": ""Medium"",
  ""Explanation"": ""Initially, the headline and image seemed inconsistent, leading to the impression that the news was fake because the image did not depict a caveman bison painting but rather a construction site. The AI image description was inaccurate, describing a concrete mixer, which matches the image but not the headline. The vision tool detected concepts related to construction and flagged the image as Real with moderate confidence. The text tool classified the headline as Real with good confidence and neutral sentiment, indicating the headline itself is not sensational or misleading. The consistency tool showed very low semantic similarity between the headline and AI caption (-0.01), confirming the AI description is unreliable for alignment. The image-to-text similarity was low (0.20), indicating weak but not contradictory alignment between the image and headline. Given the vision and text tools' outputs and the lack of sensationalism, the content is likely benign or Real, possibly a mislabel or a metaphorical headline rather than malicious fake news. Therefore, I changed my decision to Real with medium confidence due to the mixed signals."",
  ""Nudge"": ""Always check if the image and headline truly match in content and context; an inaccurate AI description or misleading headline can cause confusion, so verify each element independently before concluding if news is fake.""
}"
/content/FakeNews/assets/content/fakeddit_images/143.jpg,flying monkey wing or godzilla,0,a stuffed animal sitting on top of a shelf,Real,Fake,Fake,"The headline 'flying monkey wing or godzilla' is sensational and ambiguous, while the image shows what appears to be a stuffed animal on a shelf, which does not match the dramatic headline.",Fake,No,High,"My initial impression was that the news item is fake because the headline is sensational and does not seem to correspond to the image, which shows a stuffed animal on a shelf. The AI-generated image description is accurate and reliable, confirming the image content. The vision tool detected visual concepts related to monkeys and animals and classified the image as Real with moderate confidence, indicating the image itself is authentic. However, the text tool flagged the headline as Fake with high confidence, reflecting the sensational and misleading nature of the headline. The consistency tool showed low similarity scores between the headline and the AI caption (0.21) and between the image and the headline (0.26), indicating poor alignment and supporting the conclusion that the headline is misleading relative to the image. Overall, the forensic tools confirmed my initial intuition that this is a case of misleading or fake news.","When encountering sensational or ambiguous headlines, always compare them carefully with the actual image or content provided to check for alignment; mismatches often indicate misleading or fake news.","{
  ""Initial_Impression"": ""Fake"",
  ""Initial_Reasoning"": ""The headline 'flying monkey wing or godzilla' is sensational and ambiguous, while the image shows what appears to be a stuffed animal on a shelf, which does not match the dramatic headline."",
  ""Final_Decision"": ""Fake"",
  ""Did_Decision_Change"": ""No"",
  ""Decision_Confidence"": ""High"",
  ""Explanation"": ""My initial impression was that the news item is fake because the headline is sensational and does not seem to correspond to the image, which shows a stuffed animal on a shelf. The AI-generated image description is accurate and reliable, confirming the image content. The vision tool detected visual concepts related to monkeys and animals and classified the image as Real with moderate confidence, indicating the image itself is authentic. However, the text tool flagged the headline as Fake with high confidence, reflecting the sensational and misleading nature of the headline. The consistency tool showed low similarity scores between the headline and the AI caption (0.21) and between the image and the headline (0.26), indicating poor alignment and supporting the conclusion that the headline is misleading relative to the image. Overall, the forensic tools confirmed my initial intuition that this is a case of misleading or fake news."",
  ""Nudge"": ""When encountering sensational or ambiguous headlines, always compare them carefully with the actual image or content provided to check for alignment; mismatches often indicate misleading or fake news.""
}"
/content/FakeNews/assets/content/fakeddit_images/182.jpg,dropped my chocolate ice cream on the floor,0,an aerial view of a field with a hole in it,Real,Fake,Fake,"The headline 'dropped my chocolate ice cream on the floor' does not visually correspond to the image, which shows an aerial view of a field with a hole in it. The mismatch suggests the news item is likely fake or misleading.",Fake,No,High,"My initial intuition was that the news item is fake because the headline about dropping chocolate ice cream on the floor does not match the image of an aerial view of a field with a hole. The AI-generated image description accurately describes the image, confirming the image content is unrelated to the headline. The vision tool detected concepts related to a field and classified the image as Real with moderate confidence, which means the image itself is authentic but unrelated to the headline. The text tool flagged the headline as Fake with very high confidence, indicating the headline is likely misleading or false. The consistency tool showed very low similarity scores between the headline and the AI caption (0.089) and between the image and the headline (0.212), confirming a strong semantic and visual mismatch. All evidence aligns with my initial impression that this is a malicious fake news item, where the headline and image are inconsistent and misleading.",Always check if the image content matches the headline or story context; mismatches often indicate misleading or fake news.,"{
  ""Initial_Impression"": ""Fake"",
  ""Initial_Reasoning"": ""The headline 'dropped my chocolate ice cream on the floor' does not visually correspond to the image, which shows an aerial view of a field with a hole in it. The mismatch suggests the news item is likely fake or misleading."",
  ""Final_Decision"": ""Fake"",
  ""Did_Decision_Change"": ""No"",
  ""Decision_Confidence"": ""High"",
  ""Explanation"": ""My initial intuition was that the news item is fake because the headline about dropping chocolate ice cream on the floor does not match the image of an aerial view of a field with a hole. The AI-generated image description accurately describes the image, confirming the image content is unrelated to the headline. The vision tool detected concepts related to a field and classified the image as Real with moderate confidence, which means the image itself is authentic but unrelated to the headline. The text tool flagged the headline as Fake with very high confidence, indicating the headline is likely misleading or false. The consistency tool showed very low similarity scores between the headline and the AI caption (0.089) and between the image and the headline (0.212), confirming a strong semantic and visual mismatch. All evidence aligns with my initial impression that this is a malicious fake news item, where the headline and image are inconsistent and misleading."",
  ""Nudge"": ""Always check if the image content matches the headline or story context; mismatches often indicate misleading or fake news.""
}"
/content/FakeNews/assets/content/fakeddit_images/264.jpg,a man in need inspires wlex reporter to donate kidney to stranger,1,a woman standing in front of a news desk,Real,Real,Real,"The image shows a woman standing in what looks like a news studio, which fits the context of a news story. The headline about a man inspiring a reporter to donate a kidney seems plausible and not sensationalized.",Real,No,High,"My initial impression was that the news item is real because the image depicts a woman in a news studio setting, which aligns with the idea of a reporter involved in a human interest story. The headline is positive and inspiring, not sensational or exaggerated. The AI image description is accurate, describing a woman standing in front of a news desk, which matches the image well, so the consistency tool's text_to_caption similarity is trustworthy. The vision tool classified the image as real with moderate confidence, detecting relevant visual concepts like 'television studio' and 'necklace' that fit the scene. The text tool strongly classified the headline as real with very high confidence and a positive sentiment score, indicating a genuine and uplifting story. The consistency tool showed low but positive alignment scores between the headline, caption, and image, which is reasonable given the headline focuses on a man while the image shows a woman reporter. Overall, the forensic tools confirm my initial intuition, so I maintain the classification as real with high confidence.","When evaluating human interest news stories, pay close attention to whether the image context matches the story setting and whether the headline avoids sensational language. Cross-checking image descriptions and headline alignment can help detect subtle inconsistencies.","{
  ""Initial_Impression"": ""Real"",
  ""Initial_Reasoning"": ""The image shows a woman standing in what looks like a news studio, which fits the context of a news story. The headline about a man inspiring a reporter to donate a kidney seems plausible and not sensationalized."",
  ""Final_Decision"": ""Real"",
  ""Did_Decision_Change"": ""No"",
  ""Decision_Confidence"": ""High"",
  ""Explanation"": ""My initial impression was that the news item is real because the image depicts a woman in a news studio setting, which aligns with the idea of a reporter involved in a human interest story. The headline is positive and inspiring, not sensational or exaggerated. The AI image description is accurate, describing a woman standing in front of a news desk, which matches the image well, so the consistency tool's text_to_caption similarity is trustworthy. The vision tool classified the image as real with moderate confidence, detecting relevant visual concepts like 'television studio' and 'necklace' that fit the scene. The text tool strongly classified the headline as real with very high confidence and a positive sentiment score, indicating a genuine and uplifting story. The consistency tool showed low but positive alignment scores between the headline, caption, and image, which is reasonable given the headline focuses on a man while the image shows a woman reporter. Overall, the forensic tools confirm my initial intuition, so I maintain the classification as real with high confidence."",
  ""Nudge"": ""When evaluating human interest news stories, pay close attention to whether the image context matches the story setting and whether the headline avoids sensational language. Cross-checking image descriptions and headline alignment can help detect subtle inconsistencies.""
}"
/content/FakeNews/assets/content/fakeddit_images/70.jpg,new aircraft in early stages of design,0,a courtyard with a fountain in the middle of it,Real,Fake,Fake,"The headline about a 'new aircraft in early stages of design' does not visually match the image, which shows a courtyard with a fountain, not an aircraft or anything related to aviation.",Fake,No,High,"My initial impression was that the news item is fake because the headline about a new aircraft design does not correspond to the image, which clearly depicts a courtyard with a fountain. The AI-generated image description accurately describes the image, confirming that the image content is unrelated to the headline. The vision tool detected concepts consistent with a courtyard and flagged the image as Real but with low confidence, indicating the image itself is authentic but unrelated to the claim. The text tool strongly flagged the headline as fake with high confidence, likely because the headline is vague and misleading given the image. The consistency tool showed near zero semantic similarity between the headline and the AI caption, and low cross-modal similarity between the image and headline, confirming a mismatch. All evidence aligns with the initial intuition that this is a case of misleading content or fake news.","Always check if the image content matches the headline or claim. If they seem unrelated, investigate further before trusting the news, as mismatched visuals and text often indicate misinformation.","{
  ""Initial_Impression"": ""Fake"",
  ""Initial_Reasoning"": ""The headline about a 'new aircraft in early stages of design' does not visually match the image, which shows a courtyard with a fountain, not an aircraft or anything related to aviation."",
  ""Final_Decision"": ""Fake"",
  ""Did_Decision_Change"": ""No"",
  ""Decision_Confidence"": ""High"",
  ""Explanation"": ""My initial impression was that the news item is fake because the headline about a new aircraft design does not correspond to the image, which clearly depicts a courtyard with a fountain. The AI-generated image description accurately describes the image, confirming that the image content is unrelated to the headline. The vision tool detected concepts consistent with a courtyard and flagged the image as Real but with low confidence, indicating the image itself is authentic but unrelated to the claim. The text tool strongly flagged the headline as fake with high confidence, likely because the headline is vague and misleading given the image. The consistency tool showed near zero semantic similarity between the headline and the AI caption, and low cross-modal similarity between the image and headline, confirming a mismatch. All evidence aligns with the initial intuition that this is a case of misleading content or fake news."",
  ""Nudge"": ""Always check if the image content matches the headline or claim. If they seem unrelated, investigate further before trusting the news, as mismatched visuals and text often indicate misinformation.""
}"
/content/FakeNews/assets/content/fakeddit_images/55.jpg,the way the grass has grown over the mat,1,a wooden fence with a broken piece of wood on the ground,Real,Real,Fake,"The headline about grass growing over a mat does not visually match the image, which shows a wooden fence and ground with no visible grass or mat. The mismatch suggests the content might be misleading or unrelated.",Real,Yes,Medium,"Initially, the headline and image seemed inconsistent because the headline mentions grass growing over a mat, but the image shows a wooden fence with a broken piece of wood on the ground and no visible grass or mat. This led to an initial impression of fake news due to apparent mismatch. However, the AI-generated image description accurately describes the image content, confirming the image is real. The vision tool classified the image as real with moderate confidence, and the text tool strongly classified the headline as real with neutral sentiment, indicating no sensationalism. The consistency tool showed low but positive similarity scores between the headline, AI caption, and image, suggesting some loose thematic relation but not strong alignment. Given the tools' strong indication that both the image and headline are real and not fabricated, the initial impression was revised. The content likely represents benign content with a somewhat vague or metaphorical headline rather than malicious fake news. The decision confidence is medium due to the low semantic alignment but overall real classification by the tools.","When evaluating news items, pay close attention to whether the headline and image directly correspond or if the headline might be metaphorical or loosely related. Use multiple verification tools to check for authenticity rather than relying solely on apparent mismatches.","{
  ""Initial_Impression"": ""Fake"",
  ""Initial_Reasoning"": ""The headline about grass growing over a mat does not visually match the image, which shows a wooden fence and ground with no visible grass or mat. The mismatch suggests the content might be misleading or unrelated."",
  ""Final_Decision"": ""Real"",
  ""Did_Decision_Change"": ""Yes"",
  ""Decision_Confidence"": ""Medium"",
  ""Explanation"": ""Initially, the headline and image seemed inconsistent because the headline mentions grass growing over a mat, but the image shows a wooden fence with a broken piece of wood on the ground and no visible grass or mat. This led to an initial impression of fake news due to apparent mismatch. However, the AI-generated image description accurately describes the image content, confirming the image is real. The vision tool classified the image as real with moderate confidence, and the text tool strongly classified the headline as real with neutral sentiment, indicating no sensationalism. The consistency tool showed low but positive similarity scores between the headline, AI caption, and image, suggesting some loose thematic relation but not strong alignment. Given the tools' strong indication that both the image and headline are real and not fabricated, the initial impression was revised. The content likely represents benign content with a somewhat vague or metaphorical headline rather than malicious fake news. The decision confidence is medium due to the low semantic alignment but overall real classification by the tools."",
  ""Nudge"": ""When evaluating news items, pay close attention to whether the headline and image directly correspond or if the headline might be metaphorical or loosely related. Use multiple verification tools to check for authenticity rather than relying solely on apparent mismatches.""
}"
/content/FakeNews/assets/content/fakeddit_images/162.jpg,toad wearing a pimp hat,1,a toad wearing a pink hat and feather,Real,Fake,Fake,"The headline 'toad wearing a pimp hat' sounds sensational and unusual, and the image shows a toad with a hat that looks somewhat artificial or digitally added, raising suspicion.",Fake,No,Medium,"Initially, the headline and image combination seemed suspicious due to the unusual concept of a toad wearing a 'pimp hat,' which is a sensational and unlikely scenario. The AI image description 'a toad wearing a pink hat and feather' is accurate and matches the image well, so the description is reliable. The vision tool detected relevant animal concepts but gave only a borderline confidence for the image being real (about 51%), which is not strongly convincing. The text tool flagged the headline as fake with moderate confidence (57%), indicating the headline is likely misleading or fabricated. The consistency tool showed a good semantic similarity (0.75) between the headline and AI caption, meaning the text and description align well, but the cross-modal similarity between the image and headline is low (0.33), suggesting the image does not strongly support the headline's claim. Overall, the forensic tools support the initial intuition that this is likely fake news, possibly due to image manipulation or misleading context. The confidence is medium because the image is real but the claim is exaggerated or fabricated.","When encountering unusual or sensational headlines paired with images, critically assess whether the image truly supports the claim or if it might be altered or taken out of context; use multiple sources or tools to verify authenticity before accepting such content as true.","{
  ""Initial_Impression"": ""Fake"",
  ""Initial_Reasoning"": ""The headline 'toad wearing a pimp hat' sounds sensational and unusual, and the image shows a toad with a hat that looks somewhat artificial or digitally added, raising suspicion."",
  ""Final_Decision"": ""Fake"",
  ""Did_Decision_Change"": ""No"",
  ""Decision_Confidence"": ""Medium"",
  ""Explanation"": ""Initially, the headline and image combination seemed suspicious due to the unusual concept of a toad wearing a 'pimp hat,' which is a sensational and unlikely scenario. The AI image description 'a toad wearing a pink hat and feather' is accurate and matches the image well, so the description is reliable. The vision tool detected relevant animal concepts but gave only a borderline confidence for the image being real (about 51%), which is not strongly convincing. The text tool flagged the headline as fake with moderate confidence (57%), indicating the headline is likely misleading or fabricated. The consistency tool showed a good semantic similarity (0.75) between the headline and AI caption, meaning the text and description align well, but the cross-modal similarity between the image and headline is low (0.33), suggesting the image does not strongly support the headline's claim. Overall, the forensic tools support the initial intuition that this is likely fake news, possibly due to image manipulation or misleading context. The confidence is medium because the image is real but the claim is exaggerated or fabricated."",
  ""Nudge"": ""When encountering unusual or sensational headlines paired with images, critically assess whether the image truly supports the claim or if it might be altered or taken out of context; use multiple sources or tools to verify authenticity before accepting such content as true.""
}"
/content/FakeNews/assets/content/fakeddit_images/193.jpg,we shall soon have storm troopers in america american wwii poster,0,hitler's stormtroopers in america,Fake,Fake,Fake,"The headline suggests an unlikely and sensational claim about 'storm troopers in America' with a WWII poster style, which raises suspicion. The image appears to be a vintage propaganda poster, but the claim seems exaggerated or misleading.",Fake,No,High,"My initial impression was that this news item is fake due to the sensational and historically dubious claim in the headline. The AI image description 'hitler's stormtroopers in america' is somewhat aligned with the image content, which shows a WWII style propaganda poster, so the description is reasonably accurate. The vision tool flagged the image as fake with moderate confidence, detecting unrelated visual concepts and giving a borderline fake classification. The text tool strongly classified the headline as fake with very high confidence and neutral sentiment, indicating no emotional manipulation but clear misinformation. The consistency tool showed moderate semantic similarity between the headline and AI caption (0.64), but low cross-modal similarity between the image and headline (0.25), suggesting the image does not strongly support the headline's claim. Overall, the forensic tools confirm the initial intuition that this is malicious fake news, likely a misleading or fabricated propaganda poster falsely attributed or misrepresented.","When encountering historical or sensational claims, especially involving propaganda or wartime imagery, critically assess the source and context, and be wary of images or headlines that seem designed to provoke fear or misinformation without credible evidence.","{
  ""Initial_Impression"": ""Fake"",
  ""Initial_Reasoning"": ""The headline suggests an unlikely and sensational claim about 'storm troopers in America' with a WWII poster style, which raises suspicion. The image appears to be a vintage propaganda poster, but the claim seems exaggerated or misleading."",
  ""Final_Decision"": ""Fake"",
  ""Did_Decision_Change"": ""No"",
  ""Decision_Confidence"": ""High"",
  ""Explanation"": ""My initial impression was that this news item is fake due to the sensational and historically dubious claim in the headline. The AI image description 'hitler's stormtroopers in america' is somewhat aligned with the image content, which shows a WWII style propaganda poster, so the description is reasonably accurate. The vision tool flagged the image as fake with moderate confidence, detecting unrelated visual concepts and giving a borderline fake classification. The text tool strongly classified the headline as fake with very high confidence and neutral sentiment, indicating no emotional manipulation but clear misinformation. The consistency tool showed moderate semantic similarity between the headline and AI caption (0.64), but low cross-modal similarity between the image and headline (0.25), suggesting the image does not strongly support the headline's claim. Overall, the forensic tools confirm the initial intuition that this is malicious fake news, likely a misleading or fabricated propaganda poster falsely attributed or misrepresented."",
  ""Nudge"": ""When encountering historical or sensational claims, especially involving propaganda or wartime imagery, critically assess the source and context, and be wary of images or headlines that seem designed to provoke fear or misinformation without credible evidence.""
}"
/content/FakeNews/assets/content/fakeddit_images/52.jpg,super photogenic baseball player,1,two baseball players sliding into base during a game,Real,Real,Real,"The image shows two baseball players sliding into a base during a game, which matches the context of the headline about a baseball player. The headline 'super photogenic baseball player' is plausible and not sensational or exaggerated.",Real,No,High,"My initial impression was that the news item is real because the image clearly depicts a baseball game with players sliding into a base, which aligns with the headline about a baseball player. The AI image description accurately describes the image content, confirming the reliability of the description. The vision tool detected relevant visual concepts such as 'ballplayer' and 'baseball' and classified the image as real with moderate confidence. The text tool strongly classified the headline as real with very high confidence and noted a positive but not overly sensational sentiment. The consistency tool showed moderate but not strong alignment between the headline, AI caption, and image, which is reasonable given the headline is more subjective ('super photogenic') and the caption is descriptive. Overall, the forensic tools support my initial intuition, and there is no contradictory evidence to suggest the content is fake.","When evaluating similar content, focus on whether the image content logically supports the headline and watch out for overly sensational or vague headlines that do not align well with the image or description.","{
  ""Initial_Impression"": ""Real"",
  ""Initial_Reasoning"": ""The image shows two baseball players sliding into a base during a game, which matches the context of the headline about a baseball player. The headline 'super photogenic baseball player' is plausible and not sensational or exaggerated."",
  ""Final_Decision"": ""Real"",
  ""Did_Decision_Change"": ""No"",
  ""Decision_Confidence"": ""High"",
  ""Explanation"": ""My initial impression was that the news item is real because the image clearly depicts a baseball game with players sliding into a base, which aligns with the headline about a baseball player. The AI image description accurately describes the image content, confirming the reliability of the description. The vision tool detected relevant visual concepts such as 'ballplayer' and 'baseball' and classified the image as real with moderate confidence. The text tool strongly classified the headline as real with very high confidence and noted a positive but not overly sensational sentiment. The consistency tool showed moderate but not strong alignment between the headline, AI caption, and image, which is reasonable given the headline is more subjective ('super photogenic') and the caption is descriptive. Overall, the forensic tools support my initial intuition, and there is no contradictory evidence to suggest the content is fake."",
  ""Nudge"": ""When evaluating similar content, focus on whether the image content logically supports the headline and watch out for overly sensational or vague headlines that do not align well with the image or description.""
}"
/content/FakeNews/assets/content/fakeddit_images/6.jpg,fbi wants more access to facebook data to monitor threats,1,fbi agents are using a new technology to track down criminals,Real,Real,Real,"The image shows a person in a casual setting with a sweatshirt and a bib, which looks like a normal scene rather than something staged or manipulated. The headline about the FBI wanting more access to Facebook data to monitor threats sounds plausible and consistent with ongoing discussions about privacy and security.",Real,No,High,"My initial impression was that the news item is real based on the normal appearance of the image and the plausible headline. The AI-generated image description is somewhat related but more general and less specific, describing FBI agents using new technology to track criminals, which loosely aligns with the headline. The vision tool classified the image as Real with moderate confidence and detected plausible visual concepts. The text tool strongly classified the headline as Real with very high confidence and noted a slightly negative sentiment, which fits the serious tone of the headline. The consistency tool showed moderate alignment between the headline and the AI caption (0.46) and weaker but positive alignment between the image and the headline (0.29), which is reasonable given the image is not a direct depiction of the headline but not contradictory either. Overall, the forensic tools confirm my initial intuition, so I maintain the classification as Real with high confidence.","When evaluating news about surveillance or data access, consider the source and whether the claims align with known policies or ongoing public debates, rather than relying solely on images or sensational headlines.","{
  ""Initial_Impression"": ""Real"",
  ""Initial_Reasoning"": ""The image shows a person in a casual setting with a sweatshirt and a bib, which looks like a normal scene rather than something staged or manipulated. The headline about the FBI wanting more access to Facebook data to monitor threats sounds plausible and consistent with ongoing discussions about privacy and security."",
  ""Final_Decision"": ""Real"",
  ""Did_Decision_Change"": ""No"",
  ""Decision_Confidence"": ""High"",
  ""Explanation"": ""My initial impression was that the news item is real based on the normal appearance of the image and the plausible headline. The AI-generated image description is somewhat related but more general and less specific, describing FBI agents using new technology to track criminals, which loosely aligns with the headline. The vision tool classified the image as Real with moderate confidence and detected plausible visual concepts. The text tool strongly classified the headline as Real with very high confidence and noted a slightly negative sentiment, which fits the serious tone of the headline. The consistency tool showed moderate alignment between the headline and the AI caption (0.46) and weaker but positive alignment between the image and the headline (0.29), which is reasonable given the image is not a direct depiction of the headline but not contradictory either. Overall, the forensic tools confirm my initial intuition, so I maintain the classification as Real with high confidence."",
  ""Nudge"": ""When evaluating news about surveillance or data access, consider the source and whether the claims align with known policies or ongoing public debates, rather than relying solely on images or sensational headlines.""
}"
/content/FakeNews/assets/content/fakeddit_images/248.jpg,evil laughter,0,a broken window with a smiley face on it,Real,Fake,Fake,"The headline 'evil laughter' is vague and sensational, and the image of a broken window with a smiley face seems odd and potentially staged or symbolic rather than straightforward news.",Fake,No,High,"Initially, the headline 'evil laughter' combined with the image of a broken window with a smiley face gave a suspicious and sensational impression, suggesting possible fake news. The AI image description was accurate, as the image clearly shows a broken window with a smiley face drawn or painted on it, so the description is reliable. The vision tool detected relevant visual concepts related to windows and classified the image as Real but with low confidence (about 0.51), indicating the image itself is likely authentic but does not confirm the headline's truthfulness. The text tool strongly flagged the headline as Fake with high confidence (0.98), reflecting the sensational and vague nature of the headline. The sentiment score was mildly negative, consistent with the ominous tone of the headline. The consistency tool showed low semantic and cross-modal similarity scores (around 0.23 and 0.27), indicating weak alignment between the headline, the AI caption, and the image content. This weak alignment supports the idea that the headline is misleading or unrelated to the actual image content. Overall, the forensic tools confirmed the initial suspicion that this news item is likely fake or misleading, and the confidence in this decision is high.","When encountering vague or sensational headlines paired with ambiguous images, critically assess whether the headline accurately reflects the image content and seek additional context or sources before accepting the claim.","{
  ""Initial_Impression"": ""Fake"",
  ""Initial_Reasoning"": ""The headline 'evil laughter' is vague and sensational, and the image of a broken window with a smiley face seems odd and potentially staged or symbolic rather than straightforward news."",
  ""Final_Decision"": ""Fake"",
  ""Did_Decision_Change"": ""No"",
  ""Decision_Confidence"": ""High"",
  ""Explanation"": ""Initially, the headline 'evil laughter' combined with the image of a broken window with a smiley face gave a suspicious and sensational impression, suggesting possible fake news. The AI image description was accurate, as the image clearly shows a broken window with a smiley face drawn or painted on it, so the description is reliable. The vision tool detected relevant visual concepts related to windows and classified the image as Real but with low confidence (about 0.51), indicating the image itself is likely authentic but does not confirm the headline's truthfulness. The text tool strongly flagged the headline as Fake with high confidence (0.98), reflecting the sensational and vague nature of the headline. The sentiment score was mildly negative, consistent with the ominous tone of the headline. The consistency tool showed low semantic and cross-modal similarity scores (around 0.23 and 0.27), indicating weak alignment between the headline, the AI caption, and the image content. This weak alignment supports the idea that the headline is misleading or unrelated to the actual image content. Overall, the forensic tools confirmed the initial suspicion that this news item is likely fake or misleading, and the confidence in this decision is high."",
  ""Nudge"": ""When encountering vague or sensational headlines paired with ambiguous images, critically assess whether the headline accurately reflects the image content and seek additional context or sources before accepting the claim.""
}"
/content/FakeNews/assets/content/fakeddit_images/48.jpg,pegasus prize boosts center to help homeless youths in dallas,1,homeless count in the city of chicago,Real,Real,Fake,"The headline mentions Dallas and a prize boosting a center for homeless youths, but the AI image description references homeless count in Chicago, which is inconsistent with the headline's location and focus.",Real,Yes,Medium,"Initially, I suspected the news might be fake due to the mismatch between the headline's focus on Dallas and the AI image description mentioning Chicago, suggesting a possible inconsistency or error. Upon checking the AI description, it was not fully accurate or aligned with the image content, which shows housing structures that could be related to homelessness but not clearly tied to either city. The vision tool classified the image as Real with moderate confidence, detecting concepts related to housing and slums, which fits the general theme of homelessness. The text tool strongly classified the headline as Real with very high confidence and a positive sentiment score, indicating a credible and non-sensational headline. The consistency tool showed moderate semantic similarity between the headline and AI caption (0.495) but low cross-modal similarity between the image and headline (0.269), reflecting some misalignment but not outright contradiction. Given the strong text tool confidence and the vision tool's Real classification, I revised my decision to Real, considering the headline plausible and the image not evidently manipulated or unrelated. The AI description's inaccuracy advises caution but does not invalidate the overall content. Therefore, the news is likely Real but with some minor inconsistencies in metadata.","Always check if the image description and headline refer to the same location or event; mismatches can signal errors or misleading content, so verify geographic and contextual consistency carefully.","{
  ""Initial_Impression"": ""Fake"",
  ""Initial_Reasoning"": ""The headline mentions Dallas and a prize boosting a center for homeless youths, but the AI image description references homeless count in Chicago, which is inconsistent with the headline's location and focus."",
  ""Final_Decision"": ""Real"",
  ""Did_Decision_Change"": ""Yes"",
  ""Decision_Confidence"": ""Medium"",
  ""Explanation"": ""Initially, I suspected the news might be fake due to the mismatch between the headline's focus on Dallas and the AI image description mentioning Chicago, suggesting a possible inconsistency or error. Upon checking the AI description, it was not fully accurate or aligned with the image content, which shows housing structures that could be related to homelessness but not clearly tied to either city. The vision tool classified the image as Real with moderate confidence, detecting concepts related to housing and slums, which fits the general theme of homelessness. The text tool strongly classified the headline as Real with very high confidence and a positive sentiment score, indicating a credible and non-sensational headline. The consistency tool showed moderate semantic similarity between the headline and AI caption (0.495) but low cross-modal similarity between the image and headline (0.269), reflecting some misalignment but not outright contradiction. Given the strong text tool confidence and the vision tool's Real classification, I revised my decision to Real, considering the headline plausible and the image not evidently manipulated or unrelated. The AI description's inaccuracy advises caution but does not invalidate the overall content. Therefore, the news is likely Real but with some minor inconsistencies in metadata."",
  ""Nudge"": ""Always check if the image description and headline refer to the same location or event; mismatches can signal errors or misleading content, so verify geographic and contextual consistency carefully.""
}"
/content/FakeNews/assets/content/fakeddit_images/211.jpg,how this person signs their mail,1,briton burrito she her,Real,Real,Real,"The image shows a person holding a mailbag, which aligns with the headline about how someone signs their mail. The headline is neutral and not sensational, suggesting benign content.",Real,No,High,"My initial impression was that the content is real because the image clearly depicts a person with a mailbag, which fits the headline about signing mail. The AI image description 'briton burrito she her' is somewhat vague and unrelated to the image content, so I was cautious about relying on it. However, the vision tool confirmed the image is likely real with moderate confidence and detected relevant concepts like 'mailbag.' The text tool strongly classified the headline as real with no sensational sentiment. The consistency tool showed low but positive alignment scores between the headline, AI caption, and image, which is expected given the vague AI caption. Overall, the forensic tools support my initial intuition, confirming the content is benign and real.","When evaluating similar content, focus on whether the image and headline logically connect and avoid over-relying on vague AI descriptions. Check for neutral language in headlines and relevant visual cues to spot benign versus misleading content.","{
  ""Initial_Impression"": ""Real"",
  ""Initial_Reasoning"": ""The image shows a person holding a mailbag, which aligns with the headline about how someone signs their mail. The headline is neutral and not sensational, suggesting benign content."",
  ""Final_Decision"": ""Real"",
  ""Did_Decision_Change"": ""No"",
  ""Decision_Confidence"": ""High"",
  ""Explanation"": ""My initial impression was that the content is real because the image clearly depicts a person with a mailbag, which fits the headline about signing mail. The AI image description 'briton burrito she her' is somewhat vague and unrelated to the image content, so I was cautious about relying on it. However, the vision tool confirmed the image is likely real with moderate confidence and detected relevant concepts like 'mailbag.' The text tool strongly classified the headline as real with no sensational sentiment. The consistency tool showed low but positive alignment scores between the headline, AI caption, and image, which is expected given the vague AI caption. Overall, the forensic tools support my initial intuition, confirming the content is benign and real."",
  ""Nudge"": ""When evaluating similar content, focus on whether the image and headline logically connect and avoid over-relying on vague AI descriptions. Check for neutral language in headlines and relevant visual cues to spot benign versus misleading content.""
}"
/content/FakeNews/assets/content/fakeddit_images/265.jpg,auron and eponine displaying their unique approaches to getting heaps of cat snuggles while visiting family over christmas,0,a cat sitting on a bed with a pillow,Real,Real,Real,"The headline describes a wholesome, everyday scenario of cats getting snuggles during Christmas family visits, which seems plausible and non-sensational. The image shows a cat sitting on a bed with a pillow, consistent with a cozy home environment.",Real,No,High,"My initial impression was that the news item is real because the headline and image depict a common, believable domestic scene involving cats and family visits during Christmas. The AI image description accurately describes the image as 'a cat sitting on a bed with a pillow,' which matches what is visually observed. The vision tool detected relevant visual concepts such as 'cat' and 'pillow' and classified the image as Real with moderate confidence. The text tool strongly classified the headline as Real with high confidence and found no sensational sentiment. The consistency tool showed moderate but positive alignment between the headline, AI caption, and image, indicating no contradictions. Overall, the forensic tools confirmed my initial intuition, so I maintain the classification as Real with high confidence.","When evaluating similar content, focus on whether the headline and image depict plausible everyday scenarios without sensational or extreme claims, and check if the image description and detected concepts align well with the headline to spot inconsistencies.","{
  ""Initial_Impression"": ""Real"",
  ""Initial_Reasoning"": ""The headline describes a wholesome, everyday scenario of cats getting snuggles during Christmas family visits, which seems plausible and non-sensational. The image shows a cat sitting on a bed with a pillow, consistent with a cozy home environment."",
  ""Final_Decision"": ""Real"",
  ""Did_Decision_Change"": ""No"",
  ""Decision_Confidence"": ""High"",
  ""Explanation"": ""My initial impression was that the news item is real because the headline and image depict a common, believable domestic scene involving cats and family visits during Christmas. The AI image description accurately describes the image as 'a cat sitting on a bed with a pillow,' which matches what is visually observed. The vision tool detected relevant visual concepts such as 'cat' and 'pillow' and classified the image as Real with moderate confidence. The text tool strongly classified the headline as Real with high confidence and found no sensational sentiment. The consistency tool showed moderate but positive alignment between the headline, AI caption, and image, indicating no contradictions. Overall, the forensic tools confirmed my initial intuition, so I maintain the classification as Real with high confidence."",
  ""Nudge"": ""When evaluating similar content, focus on whether the headline and image depict plausible everyday scenarios without sensational or extreme claims, and check if the image description and detected concepts align well with the headline to spot inconsistencies.""
}"
/content/FakeNews/assets/content/fakeddit_images/158.jpg,my friend can do this with every other finger too,1,a person is holding up their hand to show off their fingers,Fake,Real,Real,"The image shows a person holding up their hand with fingers visible, which aligns with the headline about doing something with fingers. The headline is casual and plausible, suggesting a benign context.",Fake,Yes,Medium,"Initially, the image and headline seemed consistent and plausible, so I thought the news was real. The AI image description was accurate, describing a person holding up their hand to show fingers, which matches the image. However, the vision tool flagged the image as 'Fake' with moderate confidence, detecting unusual visual concepts unrelated to the content (e.g., pretzel, isopod, cockroach), indicating possible image manipulation or AI generation artifacts. The text tool strongly classified the headline as 'Real' with high confidence and a positive sentiment, which fits the casual tone. The consistency tool showed moderate semantic similarity between the headline and AI caption (0.55) but low cross-modal similarity between the image and headline (0.33), suggesting the image does not strongly support the claim in the headline. Taken together, the forensic tools reveal inconsistencies and potential manipulation in the image that were not obvious on direct observation, leading me to change my decision to 'Fake' with medium confidence due to mixed evidence.","When evaluating similar content, pay close attention to whether the image details logically support the headline's claim and consider using forensic tools to detect subtle inconsistencies or manipulations that are not immediately visible.","{
  ""Initial_Impression"": ""Real"",
  ""Initial_Reasoning"": ""The image shows a person holding up their hand with fingers visible, which aligns with the headline about doing something with fingers. The headline is casual and plausible, suggesting a benign context."",
  ""Final_Decision"": ""Fake"",
  ""Did_Decision_Change"": ""Yes"",
  ""Decision_Confidence"": ""Medium"",
  ""Explanation"": ""Initially, the image and headline seemed consistent and plausible, so I thought the news was real. The AI image description was accurate, describing a person holding up their hand to show fingers, which matches the image. However, the vision tool flagged the image as 'Fake' with moderate confidence, detecting unusual visual concepts unrelated to the content (e.g., pretzel, isopod, cockroach), indicating possible image manipulation or AI generation artifacts. The text tool strongly classified the headline as 'Real' with high confidence and a positive sentiment, which fits the casual tone. The consistency tool showed moderate semantic similarity between the headline and AI caption (0.55) but low cross-modal similarity between the image and headline (0.33), suggesting the image does not strongly support the claim in the headline. Taken together, the forensic tools reveal inconsistencies and potential manipulation in the image that were not obvious on direct observation, leading me to change my decision to 'Fake' with medium confidence due to mixed evidence."",
  ""Nudge"": ""When evaluating similar content, pay close attention to whether the image details logically support the headline's claim and consider using forensic tools to detect subtle inconsistencies or manipulations that are not immediately visible.""
}"
/content/FakeNews/assets/content/fakeddit_images/197.jpg,pigeons feeding,1,pigeons are standing on the ground near a tree,Real,Real,Real,"The image shows birds on the ground near a tree, which matches the headline 'pigeons feeding' and looks like a typical, plausible scene.",Real,No,High,"My initial impression was that the news item is real because the image visually depicts birds on the ground near a tree, consistent with the headline 'pigeons feeding'. The AI-generated description accurately describes the scene, confirming the reliability of the description. The vision tool detected relevant bird-related concepts and classified the image as real with moderate confidence. The text tool strongly classified the headline as real with high confidence and neutral sentiment, indicating no sensationalism. The consistency tool showed moderate semantic alignment between the headline and AI caption (0.57) and some alignment between the image and headline (0.33), supporting the coherence of the content. None of the forensic tools contradicted my initial impression, so I maintain the final decision as real with high confidence.","When evaluating similar content, always check if the image and headline logically correspond and avoid jumping to conclusions based on vague or generic headlines without verifying the actual visual content.","{
  ""Initial_Impression"": ""Real"",
  ""Initial_Reasoning"": ""The image shows birds on the ground near a tree, which matches the headline 'pigeons feeding' and looks like a typical, plausible scene."",
  ""Final_Decision"": ""Real"",
  ""Did_Decision_Change"": ""No"",
  ""Decision_Confidence"": ""High"",
  ""Explanation"": ""My initial impression was that the news item is real because the image visually depicts birds on the ground near a tree, consistent with the headline 'pigeons feeding'. The AI-generated description accurately describes the scene, confirming the reliability of the description. The vision tool detected relevant bird-related concepts and classified the image as real with moderate confidence. The text tool strongly classified the headline as real with high confidence and neutral sentiment, indicating no sensationalism. The consistency tool showed moderate semantic alignment between the headline and AI caption (0.57) and some alignment between the image and headline (0.33), supporting the coherence of the content. None of the forensic tools contradicted my initial impression, so I maintain the final decision as real with high confidence."",
  ""Nudge"": ""When evaluating similar content, always check if the image and headline logically correspond and avoid jumping to conclusions based on vague or generic headlines without verifying the actual visual content.""
}"
/content/FakeNews/assets/content/fakeddit_images/198.jpg,these stoves have seen some shit,0,two ovens in a kitchen with wood cabinets,Real,Fake,Real,"The image shows two ovens in a kitchen with wood cabinets, which matches a typical kitchen setting. The headline 'these stoves have seen some shit' appears to be a humorous or informal comment rather than a factual claim, so it seems benign and likely real.",Fake,Yes,Medium,"Initially, the image and headline seemed to align well with a normal kitchen scene, and the headline appeared to be a humorous remark rather than a serious claim, leading to an initial impression of real content. The AI-generated description accurately describes the image as 'two ovens in a kitchen with wood cabinets,' so the description is reliable. The vision tool confirms the image is real with moderate confidence, detecting relevant kitchen concepts like stoves and ovens. However, the text tool strongly flags the headline as fake with high confidence (0.947), likely because the headline is informal and sensational in tone, which is often associated with fake or misleading content. The sentiment analysis shows a negative sentiment, indicating sensationalism. The consistency tool shows only moderate alignment between the headline and caption (0.41) and low alignment between the image and headline (0.30), suggesting the headline's tone and content do not strongly match the image or description. This mismatch and the strong fake flag on the headline lead to the final decision of 'Fake' despite the image being real. The content is likely benign but classified as fake news due to the headline's sensational and informal nature that could mislead or misinform. The confidence is medium because the image is real but the headline is flagged fake, creating mixed evidence.","When encountering informal or sensational headlines paired with ordinary images, consider whether the headline exaggerates or misrepresents the image's content. Always check if the tone and claims in the headline align with the visual evidence to avoid being misled by humor or exaggeration presented as news.","{
  ""Initial_Impression"": ""Real"",
  ""Initial_Reasoning"": ""The image shows two ovens in a kitchen with wood cabinets, which matches a typical kitchen setting. The headline 'these stoves have seen some shit' appears to be a humorous or informal comment rather than a factual claim, so it seems benign and likely real."",
  ""Final_Decision"": ""Fake"",
  ""Did_Decision_Change"": ""Yes"",
  ""Decision_Confidence"": ""Medium"",
  ""Explanation"": ""Initially, the image and headline seemed to align well with a normal kitchen scene, and the headline appeared to be a humorous remark rather than a serious claim, leading to an initial impression of real content. The AI-generated description accurately describes the image as 'two ovens in a kitchen with wood cabinets,' so the description is reliable. The vision tool confirms the image is real with moderate confidence, detecting relevant kitchen concepts like stoves and ovens. However, the text tool strongly flags the headline as fake with high confidence (0.947), likely because the headline is informal and sensational in tone, which is often associated with fake or misleading content. The sentiment analysis shows a negative sentiment, indicating sensationalism. The consistency tool shows only moderate alignment between the headline and caption (0.41) and low alignment between the image and headline (0.30), suggesting the headline's tone and content do not strongly match the image or description. This mismatch and the strong fake flag on the headline lead to the final decision of 'Fake' despite the image being real. The content is likely benign but classified as fake news due to the headline's sensational and informal nature that could mislead or misinform. The confidence is medium because the image is real but the headline is flagged fake, creating mixed evidence."",
  ""Nudge"": ""When encountering informal or sensational headlines paired with ordinary images, consider whether the headline exaggerates or misrepresents the image's content. Always check if the tone and claims in the headline align with the visual evidence to avoid being misled by humor or exaggeration presented as news.""
}"
/content/FakeNews/assets/content/fakeddit_images/241.jpg,pretty serious about recycling,0,a blue trash can with a lid on it,Real,Fake,Real,"The image shows a blue trash can with a lid, which visually aligns with the headline about being serious about recycling, suggesting a benign and plausible context.",Fake,Yes,Medium,"Initially, the image of a blue trash can and the headline about recycling seemed consistent and realistic, leading to an impression of real content. The AI image description was accurate, describing the blue trash can with a lid correctly, so the consistency tool's scores are somewhat trustworthy. However, forensic tools revealed a more complex picture: the vision tool classified the image as Real but with low confidence (about 0.51), indicating uncertainty. The text tool flagged the headline as Fake with very high confidence (0.99), suggesting the headline is likely misleading or false despite its benign tone. The consistency tool showed low semantic and cross-modal similarity scores (around 0.36 and 0.29), indicating weak alignment between the headline, image, and AI caption. This weak alignment and the strong fake classification of the headline outweigh the initial visual impression. Therefore, the final decision is that this news item is Fake, likely due to misleading or deceptive headline usage despite a real image. The confidence is medium because the image itself is real, but the headline is strongly flagged as fake, creating mixed evidence.","When evaluating news items, pay close attention to the credibility of the headline independently from the image, as real images can be paired with misleading or false headlines to create deceptive content.","{
  ""Initial_Impression"": ""Real"",
  ""Initial_Reasoning"": ""The image shows a blue trash can with a lid, which visually aligns with the headline about being serious about recycling, suggesting a benign and plausible context."",
  ""Final_Decision"": ""Fake"",
  ""Did_Decision_Change"": ""Yes"",
  ""Decision_Confidence"": ""Medium"",
  ""Explanation"": ""Initially, the image of a blue trash can and the headline about recycling seemed consistent and realistic, leading to an impression of real content. The AI image description was accurate, describing the blue trash can with a lid correctly, so the consistency tool's scores are somewhat trustworthy. However, forensic tools revealed a more complex picture: the vision tool classified the image as Real but with low confidence (about 0.51), indicating uncertainty. The text tool flagged the headline as Fake with very high confidence (0.99), suggesting the headline is likely misleading or false despite its benign tone. The consistency tool showed low semantic and cross-modal similarity scores (around 0.36 and 0.29), indicating weak alignment between the headline, image, and AI caption. This weak alignment and the strong fake classification of the headline outweigh the initial visual impression. Therefore, the final decision is that this news item is Fake, likely due to misleading or deceptive headline usage despite a real image. The confidence is medium because the image itself is real, but the headline is strongly flagged as fake, creating mixed evidence."",
  ""Nudge"": ""When evaluating news items, pay close attention to the credibility of the headline independently from the image, as real images can be paired with misleading or false headlines to create deceptive content.""
}"
/content/FakeNews/assets/content/fakeddit_images/103.jpg,the backside of the lincoln memorial,1,a man in an orange jacket is standing in front of the lincoln memorial,Real,Real,Fake,"The headline claims to show 'the backside of the Lincoln Memorial,' but the image clearly shows the front side with the statue of Lincoln visible, which contradicts the headline.",Fake,No,High,"Initially, the headline 'the backside of the lincoln memorial' suggests an image of the rear side of the monument, but the image clearly shows the front facade with the statue of Lincoln seated inside, which is well known and iconic. The AI image description states 'a man in an orange jacket is standing in front of the lincoln memorial,' which is accurate and reliable. The vision tool detected concepts like 'dam' and 'orange' but classified the image as Real with moderate confidence, indicating the image itself is authentic. The text tool strongly classified the headline as Real with high confidence, likely because the headline is factual in wording but not aligned with the image content. The consistency tool shows moderate semantic similarity (0.515) between the headline and AI caption, but low cross-modal similarity (0.308) between the image and headline, confirming a mismatch. Overall, the tools confirm the image is real but the headline is misleading or false in context, so the news item is Fake due to the headline-image inconsistency.","Always compare the headline carefully with the actual image content; if the headline describes something that contradicts what you see, question the accuracy and seek additional sources before trusting the claim.","{
  ""Initial_Impression"": ""Fake"",
  ""Initial_Reasoning"": ""The headline claims to show 'the backside of the Lincoln Memorial,' but the image clearly shows the front side with the statue of Lincoln visible, which contradicts the headline."",
  ""Final_Decision"": ""Fake"",
  ""Did_Decision_Change"": ""No"",
  ""Decision_Confidence"": ""High"",
  ""Explanation"": ""Initially, the headline 'the backside of the lincoln memorial' suggests an image of the rear side of the monument, but the image clearly shows the front facade with the statue of Lincoln seated inside, which is well known and iconic. The AI image description states 'a man in an orange jacket is standing in front of the lincoln memorial,' which is accurate and reliable. The vision tool detected concepts like 'dam' and 'orange' but classified the image as Real with moderate confidence, indicating the image itself is authentic. The text tool strongly classified the headline as Real with high confidence, likely because the headline is factual in wording but not aligned with the image content. The consistency tool shows moderate semantic similarity (0.515) between the headline and AI caption, but low cross-modal similarity (0.308) between the image and headline, confirming a mismatch. Overall, the tools confirm the image is real but the headline is misleading or false in context, so the news item is Fake due to the headline-image inconsistency."",
  ""Nudge"": ""Always compare the headline carefully with the actual image content; if the headline describes something that contradicts what you see, question the accuracy and seek additional sources before trusting the claim.""
}"
/content/FakeNews/assets/content/fakeddit_images/98.jpg,los angelesarea school teacher accused of sexually abusing up to kids,1,george la torre elementary school,Real,Real,Fake,"The headline is poorly written with missing words and grammatical errors, which is common in fake or misleading news. The image does not clearly depict a school or a teacher, making the connection to the headline questionable.",Real,Yes,Medium,"Initially, the headline's poor grammar and vague wording raised suspicion, and the image did not visually confirm the headline's claim, leading to an initial impression of fake news. The AI image description 'george la torre elementary school' is plausible and matches the context of a school, which supports the headline's setting. The vision tool classified the image as Real with moderate confidence, though the detected visual concepts were not strongly related to schools or teachers. The text tool strongly classified the headline as Real with very high confidence, despite the negative sentiment indicating a sensational tone. The consistency tool showed low to moderate alignment between the headline, AI caption, and image, suggesting some semantic connection but not strong. Overall, the forensic tools indicate the content is more likely Real, possibly a genuine news item with a poorly written headline and an image that is not obviously related but not contradictory either. Therefore, I changed my decision to Real with medium confidence due to mixed but leaning evidence.","When encountering sensational or poorly written headlines, look for corroborating details in the image and verify the source or context before accepting the claim as true or false.","{
  ""Initial_Impression"": ""Fake"",
  ""Initial_Reasoning"": ""The headline is poorly written with missing words and grammatical errors, which is common in fake or misleading news. The image does not clearly depict a school or a teacher, making the connection to the headline questionable."",
  ""Final_Decision"": ""Real"",
  ""Did_Decision_Change"": ""Yes"",
  ""Decision_Confidence"": ""Medium"",
  ""Explanation"": ""Initially, the headline's poor grammar and vague wording raised suspicion, and the image did not visually confirm the headline's claim, leading to an initial impression of fake news. The AI image description 'george la torre elementary school' is plausible and matches the context of a school, which supports the headline's setting. The vision tool classified the image as Real with moderate confidence, though the detected visual concepts were not strongly related to schools or teachers. The text tool strongly classified the headline as Real with very high confidence, despite the negative sentiment indicating a sensational tone. The consistency tool showed low to moderate alignment between the headline, AI caption, and image, suggesting some semantic connection but not strong. Overall, the forensic tools indicate the content is more likely Real, possibly a genuine news item with a poorly written headline and an image that is not obviously related but not contradictory either. Therefore, I changed my decision to Real with medium confidence due to mixed but leaning evidence."",
  ""Nudge"": ""When encountering sensational or poorly written headlines, look for corroborating details in the image and verify the source or context before accepting the claim as true or false.""
}"
/content/FakeNews/assets/content/fakeddit_images/66.jpg,my friend spit on the ground and it looks exactly like a cat even bubbles where the eyes are,0,a cat is sitting on the ground at night,Real,Fake,Real,"The image visually resembles a cat sitting on the ground, which aligns with the headline's claim about a cat-like shape on the ground. The headline is quirky but plausible as a benign observation.",Fake,Yes,Medium,"Initially, the image looks like a cat sitting on the ground, which matches the headline's description of a cat-like shape. The AI image description is accurate and trustworthy, describing a cat sitting on the ground at night. However, forensic tools reveal important contradictions: the vision tool classifies the image as Real but with low confidence (0.51), indicating uncertainty. The text tool flags the headline as Fake with moderate confidence (0.62) and a high sensational sentiment score (0.69), suggesting the headline is exaggerated or misleading. The consistency tool shows low similarity scores between the headline and AI caption (0.27) and between the image and headline (0.35), indicating weak alignment. The headline's claim that the cat shape is formed by spit with bubbles where the eyes are is not visually supported by the image, which looks like an actual cat rather than a spit pattern. This mismatch and the text tool's fake classification lead me to conclude the news item is Fake, likely a misleading or fabricated claim about the image content. The tools changed my mind from Real to Fake due to these inconsistencies.","When encountering unusual or quirky headlines describing images, critically assess whether the visual evidence truly supports the claim, and be cautious of sensational or exaggerated language that may indicate misinformation.","{
  ""Initial_Impression"": ""Real"",
  ""Initial_Reasoning"": ""The image visually resembles a cat sitting on the ground, which aligns with the headline's claim about a cat-like shape on the ground. The headline is quirky but plausible as a benign observation."",
  ""Final_Decision"": ""Fake"",
  ""Did_Decision_Change"": ""Yes"",
  ""Decision_Confidence"": ""Medium"",
  ""Explanation"": ""Initially, the image looks like a cat sitting on the ground, which matches the headline's description of a cat-like shape. The AI image description is accurate and trustworthy, describing a cat sitting on the ground at night. However, forensic tools reveal important contradictions: the vision tool classifies the image as Real but with low confidence (0.51), indicating uncertainty. The text tool flags the headline as Fake with moderate confidence (0.62) and a high sensational sentiment score (0.69), suggesting the headline is exaggerated or misleading. The consistency tool shows low similarity scores between the headline and AI caption (0.27) and between the image and headline (0.35), indicating weak alignment. The headline's claim that the cat shape is formed by spit with bubbles where the eyes are is not visually supported by the image, which looks like an actual cat rather than a spit pattern. This mismatch and the text tool's fake classification lead me to conclude the news item is Fake, likely a misleading or fabricated claim about the image content. The tools changed my mind from Real to Fake due to these inconsistencies."",
  ""Nudge"": ""When encountering unusual or quirky headlines describing images, critically assess whether the visual evidence truly supports the claim, and be cautious of sensational or exaggerated language that may indicate misinformation.""
}"
/content/FakeNews/assets/content/fakeddit_images/298.jpg,read lenin romanian poster,0,"cittti lenin, the great leader of the revolution, is a book published in the 1920s",Real,Fake,Fake,"The headline 'read lenin romanian poster' is vague and oddly phrased, and the image appears to be a book cover or poster with text and a portrait, which could be easily manipulated or misrepresented.",Fake,No,Medium,"Initially, the headline seemed suspicious due to its unclear wording and the image's nature as a poster or book cover, which can be prone to misinformation. The AI-generated description was somewhat inaccurate and vague, mentioning a book published in the 1920s, which does not clearly match the image content. The vision tool detected concepts related to a book jacket and carton and flagged the image as Real but with low confidence (0.5), indicating uncertainty. The text tool strongly flagged the headline as Fake with high confidence (0.98), suggesting the headline is likely misleading or fabricated. The consistency tool showed moderate semantic similarity between the headline and AI caption (0.57) but low cross-modal similarity between the image and headline (0.36), indicating weak alignment. Overall, the forensic tools confirmed the initial suspicion that this news item is likely fake, especially given the strong fake classification of the headline and weak consistency. The AI description's unreliability also reduces trust in the content. Therefore, the final decision remains Fake with medium confidence due to some uncertainty in the image classification.","When encountering vague or oddly phrased headlines paired with images of posters or book covers, critically assess the source and check for clear, consistent information before trusting the content.","{
  ""Initial_Impression"": ""Fake"",
  ""Initial_Reasoning"": ""The headline 'read lenin romanian poster' is vague and oddly phrased, and the image appears to be a book cover or poster with text and a portrait, which could be easily manipulated or misrepresented."",
  ""Final_Decision"": ""Fake"",
  ""Did_Decision_Change"": ""No"",
  ""Decision_Confidence"": ""Medium"",
  ""Explanation"": ""Initially, the headline seemed suspicious due to its unclear wording and the image's nature as a poster or book cover, which can be prone to misinformation. The AI-generated description was somewhat inaccurate and vague, mentioning a book published in the 1920s, which does not clearly match the image content. The vision tool detected concepts related to a book jacket and carton and flagged the image as Real but with low confidence (0.5), indicating uncertainty. The text tool strongly flagged the headline as Fake with high confidence (0.98), suggesting the headline is likely misleading or fabricated. The consistency tool showed moderate semantic similarity between the headline and AI caption (0.57) but low cross-modal similarity between the image and headline (0.36), indicating weak alignment. Overall, the forensic tools confirmed the initial suspicion that this news item is likely fake, especially given the strong fake classification of the headline and weak consistency. The AI description's unreliability also reduces trust in the content. Therefore, the final decision remains Fake with medium confidence due to some uncertainty in the image classification."",
  ""Nudge"": ""When encountering vague or oddly phrased headlines paired with images of posters or book covers, critically assess the source and check for clear, consistent information before trusting the content.""
}"
/content/FakeNews/assets/content/fakeddit_images/61.jpg,this school uniform matches the school walls bomi liberia,1,a group of students in front of a yellow and blue building,Real,Real,Real,"The image shows a group of students in front of a building with yellow and blue walls, which visually aligns with the headline about a school uniform matching the school walls in Bomi, Liberia. The scene looks natural and plausible.",Real,No,High,"My initial impression was that the news item is real because the image and headline appear consistent and plausible. The AI-generated description accurately describes the image as a group of students in front of a yellow and blue building, which matches the visual content. The vision tool detected relevant visual concepts related to a school environment and classified the image as real with moderate confidence. The text tool strongly classified the headline as real with very high confidence and found no sensational sentiment. The consistency tool showed moderate but positive alignment between the headline, AI caption, and image, supporting the claim that the uniform matches the school walls. Overall, the forensic tools confirmed my initial intuition, so I maintain the classification as real with high confidence.","When evaluating similar content, pay close attention to whether the visual elements in the image logically support the headline's claim and check for consistency between descriptions and images to avoid being misled by unrelated or manipulated visuals.","{
  ""Initial_Impression"": ""Real"",
  ""Initial_Reasoning"": ""The image shows a group of students in front of a building with yellow and blue walls, which visually aligns with the headline about a school uniform matching the school walls in Bomi, Liberia. The scene looks natural and plausible."",
  ""Final_Decision"": ""Real"",
  ""Did_Decision_Change"": ""No"",
  ""Decision_Confidence"": ""High"",
  ""Explanation"": ""My initial impression was that the news item is real because the image and headline appear consistent and plausible. The AI-generated description accurately describes the image as a group of students in front of a yellow and blue building, which matches the visual content. The vision tool detected relevant visual concepts related to a school environment and classified the image as real with moderate confidence. The text tool strongly classified the headline as real with very high confidence and found no sensational sentiment. The consistency tool showed moderate but positive alignment between the headline, AI caption, and image, supporting the claim that the uniform matches the school walls. Overall, the forensic tools confirmed my initial intuition, so I maintain the classification as real with high confidence."",
  ""Nudge"": ""When evaluating similar content, pay close attention to whether the visual elements in the image logically support the headline's claim and check for consistency between descriptions and images to avoid being misled by unrelated or manipulated visuals.""
}"
/content/FakeNews/assets/content/fakeddit_images/230.jpg,the lavatory sign icons on this hawaiian airlines plane are wearing an aloha shirt and dress,1,a green glow sign with a man and woman,Real,Real,Real,"The image shows a green glowing sign with male and female icons, which visually aligns with the headline about lavatory sign icons on a Hawaiian Airlines plane. The headline is plausible and not sensational.",Real,No,High,"My initial impression was that the news item is real because the image clearly shows a green glowing lavatory sign with male and female icons, which fits the headline about lavatory sign icons on a Hawaiian Airlines plane wearing an aloha shirt and dress. The AI-generated image description was accurate but somewhat vague, describing it as 'a green glow sign with a man and woman,' which matches the visual content. The vision tool detected relevant concepts such as 'airplane cabin' and classified the image as real with moderate confidence. The text tool strongly classified the headline as real with very high confidence and neutral sentiment, indicating no sensationalism. The consistency tool showed moderate alignment between the headline, AI caption, and image, supporting the coherence of the content. Overall, the forensic tools confirmed my initial intuition, so I maintain the classification as real with high confidence.","When evaluating similar content, pay close attention to whether the visual elements in the image directly support the claims made in the headline, and be cautious of vague or overly generic descriptions that might mask inconsistencies.","{
  ""Initial_Impression"": ""Real"",
  ""Initial_Reasoning"": ""The image shows a green glowing sign with male and female icons, which visually aligns with the headline about lavatory sign icons on a Hawaiian Airlines plane. The headline is plausible and not sensational."",
  ""Final_Decision"": ""Real"",
  ""Did_Decision_Change"": ""No"",
  ""Decision_Confidence"": ""High"",
  ""Explanation"": ""My initial impression was that the news item is real because the image clearly shows a green glowing lavatory sign with male and female icons, which fits the headline about lavatory sign icons on a Hawaiian Airlines plane wearing an aloha shirt and dress. The AI-generated image description was accurate but somewhat vague, describing it as 'a green glow sign with a man and woman,' which matches the visual content. The vision tool detected relevant concepts such as 'airplane cabin' and classified the image as real with moderate confidence. The text tool strongly classified the headline as real with very high confidence and neutral sentiment, indicating no sensationalism. The consistency tool showed moderate alignment between the headline, AI caption, and image, supporting the coherence of the content. Overall, the forensic tools confirmed my initial intuition, so I maintain the classification as real with high confidence."",
  ""Nudge"": ""When evaluating similar content, pay close attention to whether the visual elements in the image directly support the claims made in the headline, and be cautious of vague or overly generic descriptions that might mask inconsistencies.""
}"
/content/FakeNews/assets/content/fakeddit_images/127.jpg,a portrait of a dog,0,a dog's head peeking out of a wooden door,Real,Fake,Real,"The image visually shows what appears to be a dog's head peeking through a wooden door, which aligns with the headline 'a portrait of a dog' and seems plausible and straightforward.",Fake,Yes,Medium,"Initially, the image and headline seemed consistent and realistic, suggesting a real news item. The AI description accurately described the image, confirming the dog's head peeking out of a wooden door. However, forensic tools revealed mixed signals: the vision tool classified the image as Real but with low confidence (around 0.51), indicating some uncertainty. The text tool flagged the headline as Fake with very high confidence (0.94), suggesting the headline might be misleading or part of misinformation. The consistency tool showed moderate semantic similarity between the headline and AI caption (0.48) but low cross-modal similarity between the image and headline (0.25), indicating weak alignment between the image content and the headline claim. This discrepancy, combined with the strong fake classification of the headline, led me to change my decision to Fake. The evidence is mixed but leans toward the content being misleading or manipulated, hence a medium confidence level.","When evaluating similar content, pay close attention to how well the headline matches both the image and any descriptions; even if an image looks real, misleading or sensational headlines can indicate misinformation.","{
  ""Initial_Impression"": ""Real"",
  ""Initial_Reasoning"": ""The image visually shows what appears to be a dog's head peeking through a wooden door, which aligns with the headline 'a portrait of a dog' and seems plausible and straightforward."",
  ""Final_Decision"": ""Fake"",
  ""Did_Decision_Change"": ""Yes"",
  ""Decision_Confidence"": ""Medium"",
  ""Explanation"": ""Initially, the image and headline seemed consistent and realistic, suggesting a real news item. The AI description accurately described the image, confirming the dog's head peeking out of a wooden door. However, forensic tools revealed mixed signals: the vision tool classified the image as Real but with low confidence (around 0.51), indicating some uncertainty. The text tool flagged the headline as Fake with very high confidence (0.94), suggesting the headline might be misleading or part of misinformation. The consistency tool showed moderate semantic similarity between the headline and AI caption (0.48) but low cross-modal similarity between the image and headline (0.25), indicating weak alignment between the image content and the headline claim. This discrepancy, combined with the strong fake classification of the headline, led me to change my decision to Fake. The evidence is mixed but leans toward the content being misleading or manipulated, hence a medium confidence level."",
  ""Nudge"": ""When evaluating similar content, pay close attention to how well the headline matches both the image and any descriptions; even if an image looks real, misleading or sensational headlines can indicate misinformation.""
}"
/content/FakeNews/assets/content/fakeddit_images/62.jpg,this sleeping cat,1,an orange cat laying on its back in a cat bed,Real,Real,Real,"The image shows a cat lying on its back in a relaxed position, which matches the headline 'this sleeping cat' and seems natural and plausible.",Real,No,High,"My initial impression was that the news item is real because the image clearly shows a cat lying on its back in a cat bed, which fits the headline 'this sleeping cat'. The AI-generated description 'an orange cat laying on its back in a cat bed' is accurate and reliable. The vision tool detected relevant visual concepts related to a cat and classified the image as Real with moderate confidence. The text tool also classified the headline as Real with good confidence and found no sensational sentiment. The consistency tool showed moderate semantic similarity between the headline and the AI caption (0.59) and a positive but lower cross-modal similarity between the image and the headline (0.28), which is reasonable given the simplicity of the headline. Overall, the forensic tools confirmed my initial intuition, so I maintain the classification as Real with high confidence.","When evaluating similar content, pay close attention to whether the image naturally matches the headline without exaggeration or sensationalism, and verify if AI-generated descriptions accurately reflect the image to avoid being misled by hallucinated or vague captions.","{
  ""Initial_Impression"": ""Real"",
  ""Initial_Reasoning"": ""The image shows a cat lying on its back in a relaxed position, which matches the headline 'this sleeping cat' and seems natural and plausible."",
  ""Final_Decision"": ""Real"",
  ""Did_Decision_Change"": ""No"",
  ""Decision_Confidence"": ""High"",
  ""Explanation"": ""My initial impression was that the news item is real because the image clearly shows a cat lying on its back in a cat bed, which fits the headline 'this sleeping cat'. The AI-generated description 'an orange cat laying on its back in a cat bed' is accurate and reliable. The vision tool detected relevant visual concepts related to a cat and classified the image as Real with moderate confidence. The text tool also classified the headline as Real with good confidence and found no sensational sentiment. The consistency tool showed moderate semantic similarity between the headline and the AI caption (0.59) and a positive but lower cross-modal similarity between the image and the headline (0.28), which is reasonable given the simplicity of the headline. Overall, the forensic tools confirmed my initial intuition, so I maintain the classification as Real with high confidence."",
  ""Nudge"": ""When evaluating similar content, pay close attention to whether the image naturally matches the headline without exaggeration or sensationalism, and verify if AI-generated descriptions accurately reflect the image to avoid being misled by hallucinated or vague captions.""
}"
/content/FakeNews/assets/content/fakeddit_images/40.jpg,my friends angry broken lipstick,0,a close up of a lipstick with a hole in it,Real,Fake,Fake,"The headline 'my friends angry broken lipstick' is vague and oddly phrased, which raises suspicion. The image appears to show a close-up of a lipstick with a hole, but the headline's emotional tone and lack of context feel sensational and unclear.",Fake,No,Medium,"Initially, the headline's strange wording and emotional tone suggested potential misinformation or clickbait. The AI image description accurately describes the image as a close-up of a lipstick with a hole, which matches the visual content. The vision tool classified the image as Real but with low confidence and detected unrelated concepts like 'chocolate sauce' and 'ice cream,' indicating some ambiguity in the image content. The text tool strongly flagged the headline as Fake with high confidence and noted a negative sentiment, indicating sensationalism or emotional manipulation. The consistency tool showed moderate semantic similarity between the headline and AI caption (0.66), but low cross-modal similarity between the image and headline (0.27), suggesting the headline and image are not well aligned. Overall, the forensic tools confirmed the initial suspicion that the headline is misleading or fake news, despite the image itself being real. Therefore, the final decision remains Fake with medium confidence due to mixed signals from the image analysis.","When encountering vague or emotionally charged headlines, critically assess whether the headline clearly matches the image and if the wording seems designed to provoke an emotional reaction rather than inform.","{
  ""Initial_Impression"": ""Fake"",
  ""Initial_Reasoning"": ""The headline 'my friends angry broken lipstick' is vague and oddly phrased, which raises suspicion. The image appears to show a close-up of a lipstick with a hole, but the headline's emotional tone and lack of context feel sensational and unclear."",
  ""Final_Decision"": ""Fake"",
  ""Did_Decision_Change"": ""No"",
  ""Decision_Confidence"": ""Medium"",
  ""Explanation"": ""Initially, the headline's strange wording and emotional tone suggested potential misinformation or clickbait. The AI image description accurately describes the image as a close-up of a lipstick with a hole, which matches the visual content. The vision tool classified the image as Real but with low confidence and detected unrelated concepts like 'chocolate sauce' and 'ice cream,' indicating some ambiguity in the image content. The text tool strongly flagged the headline as Fake with high confidence and noted a negative sentiment, indicating sensationalism or emotional manipulation. The consistency tool showed moderate semantic similarity between the headline and AI caption (0.66), but low cross-modal similarity between the image and headline (0.27), suggesting the headline and image are not well aligned. Overall, the forensic tools confirmed the initial suspicion that the headline is misleading or fake news, despite the image itself being real. Therefore, the final decision remains Fake with medium confidence due to mixed signals from the image analysis."",
  ""Nudge"": ""When encountering vague or emotionally charged headlines, critically assess whether the headline clearly matches the image and if the wording seems designed to provoke an emotional reaction rather than inform.""
}"
/content/FakeNews/assets/content/fakeddit_images/18.jpg,doh,0,a sunset with clouds and cars parked in a parking lot,Real,Fake,Fake,"The headline 'doh' is vague and nonsensical, which raises suspicion. The image shows a sunset with clouds and cars in a parking lot, which does not provide any clear context or support for the headline, making the news item appear unreliable or misleading.",Fake,No,High,"Initially, the headline 'doh' seemed suspicious due to its lack of meaningful content and context. The image shows a sunset with clouds and cars in a parking lot, which is consistent with the AI description, confirming the description's reliability. The vision tool classified the image as Real but with low confidence, indicating the image itself is not manipulated. However, the text tool strongly flagged the headline as Fake with high confidence, reflecting the headline's nonsensical nature. The consistency tool showed very low alignment between the headline and the AI caption (0.087) and between the image and the headline (0.225), indicating poor semantic and cross-modal consistency. These forensic results confirm the initial impression that this news item is misleading or fake, primarily due to the headline's lack of meaningful content and poor alignment with the image. Therefore, the final decision remains Fake with high confidence.","When evaluating news items, pay close attention to whether the headline meaningfully relates to the image and provides clear, informative content. Vague or nonsensical headlines paired with unrelated images are often signs of misleading or fake news.","{
  ""Initial_Impression"": ""Fake"",
  ""Initial_Reasoning"": ""The headline 'doh' is vague and nonsensical, which raises suspicion. The image shows a sunset with clouds and cars in a parking lot, which does not provide any clear context or support for the headline, making the news item appear unreliable or misleading."",
  ""Final_Decision"": ""Fake"",
  ""Did_Decision_Change"": ""No"",
  ""Decision_Confidence"": ""High"",
  ""Explanation"": ""Initially, the headline 'doh' seemed suspicious due to its lack of meaningful content and context. The image shows a sunset with clouds and cars in a parking lot, which is consistent with the AI description, confirming the description's reliability. The vision tool classified the image as Real but with low confidence, indicating the image itself is not manipulated. However, the text tool strongly flagged the headline as Fake with high confidence, reflecting the headline's nonsensical nature. The consistency tool showed very low alignment between the headline and the AI caption (0.087) and between the image and the headline (0.225), indicating poor semantic and cross-modal consistency. These forensic results confirm the initial impression that this news item is misleading or fake, primarily due to the headline's lack of meaningful content and poor alignment with the image. Therefore, the final decision remains Fake with high confidence."",
  ""Nudge"": ""When evaluating news items, pay close attention to whether the headline meaningfully relates to the image and provides clear, informative content. Vague or nonsensical headlines paired with unrelated images are often signs of misleading or fake news.""
}"
/content/FakeNews/assets/content/fakeddit_images/89.jpg,here ya go,0,a man in a suit and tie standing in a bar,Real,Fake,Fake,"The headline 'here ya go' is vague and informal, which raises suspicion. The image shows a man in a suit and tie in a bar, but the headline does not provide any meaningful context, making it seem like clickbait or misleading content.",Fake,No,Medium,"My initial impression was that the content might be fake due to the vague and informal headline that does not clearly relate to the image. The AI-generated description 'a man in a suit and tie standing in a bar' is accurate and matches the image well, so the description is reliable. The vision tool classified the image as Real but with low confidence (about 50%), detecting concepts like 'bolo tie' and 'Windsor tie' which align with the man's attire. The text tool strongly flagged the headline as Fake with high confidence (87%), and the sentiment score is neutral, indicating no sensationalism but rather vagueness. The consistency tool shows very low alignment between the headline and the AI caption (-0.04) and weak alignment between the image and the headline (0.19), indicating the headline does not semantically or contextually match the image or description. This mismatch supports the idea that the headline is misleading or irrelevant to the image, reinforcing the Fake classification. The tools confirmed my initial suspicion, so I did not change my decision. However, the image itself appears authentic, so the confidence is medium rather than high.","Be cautious of headlines that are vague, informal, or unrelated to the accompanying image; always check if the headline meaningfully connects to the visual content before trusting the news.","{
  ""Initial_Impression"": ""Fake"",
  ""Initial_Reasoning"": ""The headline 'here ya go' is vague and informal, which raises suspicion. The image shows a man in a suit and tie in a bar, but the headline does not provide any meaningful context, making it seem like clickbait or misleading content."",
  ""Final_Decision"": ""Fake"",
  ""Did_Decision_Change"": ""No"",
  ""Decision_Confidence"": ""Medium"",
  ""Explanation"": ""My initial impression was that the content might be fake due to the vague and informal headline that does not clearly relate to the image. The AI-generated description 'a man in a suit and tie standing in a bar' is accurate and matches the image well, so the description is reliable. The vision tool classified the image as Real but with low confidence (about 50%), detecting concepts like 'bolo tie' and 'Windsor tie' which align with the man's attire. The text tool strongly flagged the headline as Fake with high confidence (87%), and the sentiment score is neutral, indicating no sensationalism but rather vagueness. The consistency tool shows very low alignment between the headline and the AI caption (-0.04) and weak alignment between the image and the headline (0.19), indicating the headline does not semantically or contextually match the image or description. This mismatch supports the idea that the headline is misleading or irrelevant to the image, reinforcing the Fake classification. The tools confirmed my initial suspicion, so I did not change my decision. However, the image itself appears authentic, so the confidence is medium rather than high."",
  ""Nudge"": ""Be cautious of headlines that are vague, informal, or unrelated to the accompanying image; always check if the headline meaningfully connects to the visual content before trusting the news.""
}"
/content/FakeNews/assets/content/fakeddit_images/255.jpg,my ice cream tub lid looks like a nine,1,a red tray with a circular shape on it,Real,Real,Real,"The image shows a red tray with a circular object that could be an ice cream tub lid, and the headline is a simple, plausible observation about the lid looking like a number nine.",Real,No,High,"My initial impression was that this news item is real because the image and headline describe a mundane, believable observation about an ice cream tub lid. The AI-generated description accurately captures the main elements of the image—a red tray and a circular shape—making the description reliable. The vision tool detected relevant visual concepts and classified the image as real with moderate confidence. The text tool also classified the headline as real with good confidence and a mild positive sentiment, indicating no sensationalism. The consistency tool showed moderate but positive alignment between the headline, AI caption, and image, supporting the coherence of the content. None of the forensic tools indicated any signs of manipulation or falsehood, so I maintain my initial decision that this is benign content.","When evaluating similar content, focus on whether the image and headline describe a simple, verifiable observation without sensational claims, and check if the visual and textual elements align logically and naturally.","{
  ""Initial_Impression"": ""Real"",
  ""Initial_Reasoning"": ""The image shows a red tray with a circular object that could be an ice cream tub lid, and the headline is a simple, plausible observation about the lid looking like a number nine."",
  ""Final_Decision"": ""Real"",
  ""Did_Decision_Change"": ""No"",
  ""Decision_Confidence"": ""High"",
  ""Explanation"": ""My initial impression was that this news item is real because the image and headline describe a mundane, believable observation about an ice cream tub lid. The AI-generated description accurately captures the main elements of the image—a red tray and a circular shape—making the description reliable. The vision tool detected relevant visual concepts and classified the image as real with moderate confidence. The text tool also classified the headline as real with good confidence and a mild positive sentiment, indicating no sensationalism. The consistency tool showed moderate but positive alignment between the headline, AI caption, and image, supporting the coherence of the content. None of the forensic tools indicated any signs of manipulation or falsehood, so I maintain my initial decision that this is benign content."",
  ""Nudge"": ""When evaluating similar content, focus on whether the image and headline describe a simple, verifiable observation without sensational claims, and check if the visual and textual elements align logically and naturally.""
}"
/content/FakeNews/assets/content/fakeddit_images/156.jpg,seattle man builds active labor notification app for the giraffe,1,a giraffe is sitting in a pen inside of a building,Real,Real,Fake,"The headline about a Seattle man building an active labor notification app for a giraffe seems highly unusual and implausible, and the image of a giraffe sitting in a pen inside a building does not clearly support the claim of an app related to labor notification.",Real,Yes,Medium,"Initially, the headline struck me as fake due to its odd and sensational nature, and the image did not obviously connect to the claim. However, the AI image description accurately depicts the image content—a giraffe in a pen inside a building—making the description reliable. The vision tool classified the image as Real with moderate confidence, detecting relevant visual concepts like a veterinarian's office and animals similar to a giraffe. The text tool strongly classified the headline as Real with very high confidence and a moderately positive sentiment, indicating the headline is not sensationalized or misleading. The consistency tool showed moderate alignment between the headline, AI caption, and image, supporting that the content is coherent. Taken together, these forensic tools suggest the news item is likely real, possibly about a niche or specialized app related to giraffe labor monitoring, which is plausible in a veterinary or conservation context. Therefore, I revised my initial impression to Real with medium confidence due to the unusual nature of the claim but strong supporting evidence from the tools.","When encountering unusual or surprising headlines, look for supporting evidence in the image and use multiple verification tools to check for consistency and credibility before dismissing the content as fake.","{
  ""Initial_Impression"": ""Fake"",
  ""Initial_Reasoning"": ""The headline about a Seattle man building an active labor notification app for a giraffe seems highly unusual and implausible, and the image of a giraffe sitting in a pen inside a building does not clearly support the claim of an app related to labor notification."",
  ""Final_Decision"": ""Real"",
  ""Did_Decision_Change"": ""Yes"",
  ""Decision_Confidence"": ""Medium"",
  ""Explanation"": ""Initially, the headline struck me as fake due to its odd and sensational nature, and the image did not obviously connect to the claim. However, the AI image description accurately depicts the image content—a giraffe in a pen inside a building—making the description reliable. The vision tool classified the image as Real with moderate confidence, detecting relevant visual concepts like a veterinarian's office and animals similar to a giraffe. The text tool strongly classified the headline as Real with very high confidence and a moderately positive sentiment, indicating the headline is not sensationalized or misleading. The consistency tool showed moderate alignment between the headline, AI caption, and image, supporting that the content is coherent. Taken together, these forensic tools suggest the news item is likely real, possibly about a niche or specialized app related to giraffe labor monitoring, which is plausible in a veterinary or conservation context. Therefore, I revised my initial impression to Real with medium confidence due to the unusual nature of the claim but strong supporting evidence from the tools."",
  ""Nudge"": ""When encountering unusual or surprising headlines, look for supporting evidence in the image and use multiple verification tools to check for consistency and credibility before dismissing the content as fake.""
}"
/content/FakeNews/assets/content/fakeddit_images/128.jpg,dueling cell phone repair shops,1,a red fire hydrant in front of a building,Real,Real,Fake,"The headline 'dueling cell phone repair shops' suggests a conflict or competition between two businesses, but the image shows a red fire hydrant in front of a building, which does not visually support or relate to the headline.",Fake,No,High,"Initially, the headline and image seemed inconsistent because the headline implies a story about cell phone repair shops competing, but the image only shows a red fire hydrant and a building, with no clear indication of cell phone repair shops or any dueling activity. The AI-generated image description accurately describes the image as 'a red fire hydrant in front of a building,' confirming the image content. The vision tool classified the image as Real with moderate confidence, but the visual concepts detected (crosswalk, gas station, pole, hardware store, field road) do not align with the headline's subject. The text tool strongly classified the headline as Real, indicating the headline itself is plausible, but the sentiment score is neutral, showing no sensationalism. The consistency tool revealed very low semantic similarity (0.05) between the headline and AI caption and low cross-modal similarity (0.23) between the image and headline, confirming a poor match. This mismatch between the image and headline confirms the content is misleading or fake news. Therefore, the final decision remains Fake with high confidence.",Always check if the image content directly supports the headline's claim; mismatches often indicate misleading or fake news.,"{
  ""Initial_Impression"": ""Fake"",
  ""Initial_Reasoning"": ""The headline 'dueling cell phone repair shops' suggests a conflict or competition between two businesses, but the image shows a red fire hydrant in front of a building, which does not visually support or relate to the headline."",
  ""Final_Decision"": ""Fake"",
  ""Did_Decision_Change"": ""No"",
  ""Decision_Confidence"": ""High"",
  ""Explanation"": ""Initially, the headline and image seemed inconsistent because the headline implies a story about cell phone repair shops competing, but the image only shows a red fire hydrant and a building, with no clear indication of cell phone repair shops or any dueling activity. The AI-generated image description accurately describes the image as 'a red fire hydrant in front of a building,' confirming the image content. The vision tool classified the image as Real with moderate confidence, but the visual concepts detected (crosswalk, gas station, pole, hardware store, field road) do not align with the headline's subject. The text tool strongly classified the headline as Real, indicating the headline itself is plausible, but the sentiment score is neutral, showing no sensationalism. The consistency tool revealed very low semantic similarity (0.05) between the headline and AI caption and low cross-modal similarity (0.23) between the image and headline, confirming a poor match. This mismatch between the image and headline confirms the content is misleading or fake news. Therefore, the final decision remains Fake with high confidence."",
  ""Nudge"": ""Always check if the image content directly supports the headline's claim; mismatches often indicate misleading or fake news.""
}"
/content/FakeNews/assets/content/fakeddit_images/109.jpg,my dog likes to eat his food laying down,1,a dog is sitting on the floor next to a box,Real,Real,Real,"The image shows a dog lying on the floor next to a box, which visually aligns with the headline about a dog eating food while laying down. The headline is a benign, everyday statement without sensationalism.",Real,No,High,"My initial impression was that the news item is real because the image clearly depicts a dog lying on the floor, which fits the headline about a dog eating food while laying down. The AI image description is accurate and consistent with the image, describing a dog sitting on the floor next to a box. The vision tool confirmed the image is real with moderate confidence and detected relevant visual concepts related to dogs. The text tool strongly classified the headline as real with high confidence and a mild positive sentiment, indicating a benign tone. The consistency tool showed moderate alignment between the headline and the AI caption, and between the image and the headline, supporting the coherence of the content. Overall, the forensic tools confirmed my initial intuition, so I maintain the classification as real with high confidence.","When evaluating similar content, focus on whether the image and headline naturally align without exaggeration or sensationalism, and consider if the content describes a plausible everyday scenario rather than extraordinary claims.","{
  ""Initial_Impression"": ""Real"",
  ""Initial_Reasoning"": ""The image shows a dog lying on the floor next to a box, which visually aligns with the headline about a dog eating food while laying down. The headline is a benign, everyday statement without sensationalism."",
  ""Final_Decision"": ""Real"",
  ""Did_Decision_Change"": ""No"",
  ""Decision_Confidence"": ""High"",
  ""Explanation"": ""My initial impression was that the news item is real because the image clearly depicts a dog lying on the floor, which fits the headline about a dog eating food while laying down. The AI image description is accurate and consistent with the image, describing a dog sitting on the floor next to a box. The vision tool confirmed the image is real with moderate confidence and detected relevant visual concepts related to dogs. The text tool strongly classified the headline as real with high confidence and a mild positive sentiment, indicating a benign tone. The consistency tool showed moderate alignment between the headline and the AI caption, and between the image and the headline, supporting the coherence of the content. Overall, the forensic tools confirmed my initial intuition, so I maintain the classification as real with high confidence."",
  ""Nudge"": ""When evaluating similar content, focus on whether the image and headline naturally align without exaggeration or sensationalism, and consider if the content describes a plausible everyday scenario rather than extraordinary claims.""
}"
/content/FakeNews/assets/content/fakeddit_images/240.jpg,boise parks and rec to employ the homeless,1,a group of people sitting at a table with papers,Fake,Real,Fake,"The headline about Boise Parks and Rec employing the homeless seems unusual and potentially sensational. The image shows a group of people sitting at a table with papers, which does not clearly support the claim in the headline.",Fake,No,Medium,"My initial impression was that the news might be fake due to the unusual nature of the claim and the image not clearly supporting the headline. The AI image description 'a group of people sitting at a table with papers' is accurate but very generic and does not strongly relate to the headline. The vision tool flagged the image as potentially fake with moderate confidence, detecting concepts unrelated to the headline's claim. The text tool classified the headline as real with very high confidence and neutral sentiment, indicating the headline itself is not sensational or overtly fake. However, the consistency tool showed very low semantic similarity between the headline and the AI caption (0.005) and low cross-modal similarity between the image and headline (0.244), indicating poor alignment. This weak alignment suggests the image does not substantiate the headline's claim. Overall, the forensic tools confirm my initial skepticism, especially the vision and consistency tools, leading me to maintain the classification of this news item as fake, though with medium confidence due to the text tool's real classification.","When evaluating news claims, especially those involving social programs or policies, critically assess whether the accompanying images clearly support the headline. Look for strong alignment between visuals and text, and be cautious of generic or unrelated images that do not substantiate the claim.","{
  ""Initial_Impression"": ""Fake"",
  ""Initial_Reasoning"": ""The headline about Boise Parks and Rec employing the homeless seems unusual and potentially sensational. The image shows a group of people sitting at a table with papers, which does not clearly support the claim in the headline."",
  ""Final_Decision"": ""Fake"",
  ""Did_Decision_Change"": ""No"",
  ""Decision_Confidence"": ""Medium"",
  ""Explanation"": ""My initial impression was that the news might be fake due to the unusual nature of the claim and the image not clearly supporting the headline. The AI image description 'a group of people sitting at a table with papers' is accurate but very generic and does not strongly relate to the headline. The vision tool flagged the image as potentially fake with moderate confidence, detecting concepts unrelated to the headline's claim. The text tool classified the headline as real with very high confidence and neutral sentiment, indicating the headline itself is not sensational or overtly fake. However, the consistency tool showed very low semantic similarity between the headline and the AI caption (0.005) and low cross-modal similarity between the image and headline (0.244), indicating poor alignment. This weak alignment suggests the image does not substantiate the headline's claim. Overall, the forensic tools confirm my initial skepticism, especially the vision and consistency tools, leading me to maintain the classification of this news item as fake, though with medium confidence due to the text tool's real classification."",
  ""Nudge"": ""When evaluating news claims, especially those involving social programs or policies, critically assess whether the accompanying images clearly support the headline. Look for strong alignment between visuals and text, and be cautious of generic or unrelated images that do not substantiate the claim.""
}"
/content/FakeNews/assets/content/fakeddit_images/38.jpg,dog sitting on a chair,1,a dog sits on a chair in front of a house,Real,Real,Real,"The image clearly shows a dog sitting on a chair, which matches the straightforward and plausible headline 'dog sitting on a chair'. There is nothing visually suspicious or sensational in the image or headline.",Real,No,High,"My initial impression was that the news item is real because the image and headline are simple and consistent with each other. The AI-generated description 'a dog sits on a chair in front of a house' is accurate and matches the image well, so the description is reliable. The vision tool detected relevant visual concepts such as 'kennel outdoor' and classified the image as Real with moderate confidence. The text tool classified the headline as Real with high confidence and neutral sentiment, indicating no sensationalism. The consistency tool showed a high semantic similarity (0.80) between the headline and AI caption, confirming the description's accuracy, and a positive but low cross-modal similarity (0.23) between the image and headline, which is reasonable given the simplicity of the claim. Overall, the forensic tools confirmed my initial intuition, so I maintain the classification as Real with high confidence.","When evaluating simple claims like this, focus on whether the image clearly supports the headline without exaggeration or manipulation, and be cautious of overly complex or sensational headlines that don't match the image.","{
  ""Initial_Impression"": ""Real"",
  ""Initial_Reasoning"": ""The image clearly shows a dog sitting on a chair, which matches the straightforward and plausible headline 'dog sitting on a chair'. There is nothing visually suspicious or sensational in the image or headline."",
  ""Final_Decision"": ""Real"",
  ""Did_Decision_Change"": ""No"",
  ""Decision_Confidence"": ""High"",
  ""Explanation"": ""My initial impression was that the news item is real because the image and headline are simple and consistent with each other. The AI-generated description 'a dog sits on a chair in front of a house' is accurate and matches the image well, so the description is reliable. The vision tool detected relevant visual concepts such as 'kennel outdoor' and classified the image as Real with moderate confidence. The text tool classified the headline as Real with high confidence and neutral sentiment, indicating no sensationalism. The consistency tool showed a high semantic similarity (0.80) between the headline and AI caption, confirming the description's accuracy, and a positive but low cross-modal similarity (0.23) between the image and headline, which is reasonable given the simplicity of the claim. Overall, the forensic tools confirmed my initial intuition, so I maintain the classification as Real with high confidence."",
  ""Nudge"": ""When evaluating simple claims like this, focus on whether the image clearly supports the headline without exaggeration or manipulation, and be cautious of overly complex or sensational headlines that don't match the image.""
}"
/content/FakeNews/assets/content/fakeddit_images/284.jpg,this scared speaker,0,a speaker with two speakers and a red and black case,Real,Fake,Fake,"The headline 'this scared speaker' is vague and sensational, and the image shows an object that looks like a speaker but is ambiguous and could be misinterpreted.",Fake,No,High,"My initial impression was that the news item might be fake due to the vague and sensational nature of the headline combined with an ambiguous image. The AI-generated description of the image as 'a speaker with two speakers and a red and black case' is somewhat accurate but not very detailed, so I treated it cautiously. The vision tool classified the image as Real but with low confidence and detected unrelated concepts like 'toaster' and 'vending machine,' indicating ambiguity in the image content. The text tool strongly flagged the headline as Fake with high confidence and noted a negative sentiment, which aligns with sensationalism. The consistency tool showed low similarity scores between the headline and the AI caption (0.37) and between the image and the headline (0.32), indicating weak alignment and possible misleading content. Overall, the forensic tools confirmed my initial suspicion that this is likely malicious fake news, and I maintain the classification as Fake with high confidence.","When encountering vague or sensational headlines paired with ambiguous images, critically assess whether the image truly supports the claim and look for clear, detailed descriptions or credible sources before accepting the content as true.","{
  ""Initial_Impression"": ""Fake"",
  ""Initial_Reasoning"": ""The headline 'this scared speaker' is vague and sensational, and the image shows an object that looks like a speaker but is ambiguous and could be misinterpreted."",
  ""Final_Decision"": ""Fake"",
  ""Did_Decision_Change"": ""No"",
  ""Decision_Confidence"": ""High"",
  ""Explanation"": ""My initial impression was that the news item might be fake due to the vague and sensational nature of the headline combined with an ambiguous image. The AI-generated description of the image as 'a speaker with two speakers and a red and black case' is somewhat accurate but not very detailed, so I treated it cautiously. The vision tool classified the image as Real but with low confidence and detected unrelated concepts like 'toaster' and 'vending machine,' indicating ambiguity in the image content. The text tool strongly flagged the headline as Fake with high confidence and noted a negative sentiment, which aligns with sensationalism. The consistency tool showed low similarity scores between the headline and the AI caption (0.37) and between the image and the headline (0.32), indicating weak alignment and possible misleading content. Overall, the forensic tools confirmed my initial suspicion that this is likely malicious fake news, and I maintain the classification as Fake with high confidence."",
  ""Nudge"": ""When encountering vague or sensational headlines paired with ambiguous images, critically assess whether the image truly supports the claim and look for clear, detailed descriptions or credible sources before accepting the content as true.""
}"
/content/FakeNews/assets/content/fakeddit_images/82.jpg,horizon zero dawn release date ps exclusivity trailer and everything we know so far,0,the woman is holding an arrow in the desert,Real,Fake,Real,"The image shows a woman holding a bow and arrow in a desert-like environment, which visually fits the theme of the game Horizon Zero Dawn. The headline about the game's release date and exclusivity seems plausible and typical for gaming news.",Fake,Yes,High,"Initially, the image and headline appeared consistent and believable, as the visual of a woman with a bow in a desert aligns with Horizon Zero Dawn's setting. The AI description was accurate, describing the woman holding an arrow in the desert, which matches the image well. However, forensic tools revealed strong contradictions: the text_tool flagged the headline as Fake with very high confidence (0.999), indicating the headline is likely misinformation or clickbait. The vision_tool classified the image as Real but with low confidence (0.50), showing uncertainty. The consistency_tool showed very low semantic similarity between the headline and AI caption (-0.04), indicating the headline and description do not semantically align well, and only weak cross-modal similarity (0.32) between image and headline, suggesting the headline may not accurately describe the image content. Given the very strong fake news signal from the text analysis and weak alignment scores, the overall evidence points to the news item being Fake despite the plausible image. Thus, I changed my decision to Fake with high confidence.","When evaluating news about game releases or similar topics, be cautious of headlines that seem generic or overly broad without specific details, and always check if the headline's claims are supported by credible sources or consistent with the image content.","{
  ""Initial_Impression"": ""Real"",
  ""Initial_Reasoning"": ""The image shows a woman holding a bow and arrow in a desert-like environment, which visually fits the theme of the game Horizon Zero Dawn. The headline about the game's release date and exclusivity seems plausible and typical for gaming news."",
  ""Final_Decision"": ""Fake"",
  ""Did_Decision_Change"": ""Yes"",
  ""Decision_Confidence"": ""High"",
  ""Explanation"": ""Initially, the image and headline appeared consistent and believable, as the visual of a woman with a bow in a desert aligns with Horizon Zero Dawn's setting. The AI description was accurate, describing the woman holding an arrow in the desert, which matches the image well. However, forensic tools revealed strong contradictions: the text_tool flagged the headline as Fake with very high confidence (0.999), indicating the headline is likely misinformation or clickbait. The vision_tool classified the image as Real but with low confidence (0.50), showing uncertainty. The consistency_tool showed very low semantic similarity between the headline and AI caption (-0.04), indicating the headline and description do not semantically align well, and only weak cross-modal similarity (0.32) between image and headline, suggesting the headline may not accurately describe the image content. Given the very strong fake news signal from the text analysis and weak alignment scores, the overall evidence points to the news item being Fake despite the plausible image. Thus, I changed my decision to Fake with high confidence."",
  ""Nudge"": ""When evaluating news about game releases or similar topics, be cautious of headlines that seem generic or overly broad without specific details, and always check if the headline's claims are supported by credible sources or consistent with the image content.""
}"
/content/FakeNews/assets/content/fakeddit_images/21.jpg,obamas russia sanctions put hill republicans in a box,1,ryan says he's 'not going to be bullied' by obama,Real,Real,Fake,"The headline is politically charged and uses informal language ('put hill republicans in a box'), which often appears in opinionated or misleading news. The image shows a man speaking at a podium, but without clear context or recognizable figures, it is hard to confirm the authenticity or relevance to the headline.",Real,Yes,Medium,"Initially, the headline's sensational tone and vague image context led me to suspect the news might be fake. However, the AI image description was somewhat accurate, showing a political figure (Ryan) responding to Obama, which aligns with the headline about Obama and Republicans. The vision tool classified the image as Real with moderate confidence, detecting plausible visual concepts. The text tool strongly classified the headline as Real with very high confidence and neutral sentiment, indicating it is likely a genuine news headline rather than fake or sensationalized. The consistency tool showed moderate alignment between the headline and AI caption (0.42) and weaker but positive alignment between the image and headline (0.28), suggesting some semantic connection but not perfect. Overall, the forensic tools support the content being Real, though the moderate confidence and somewhat weak alignment scores suggest some caution. Therefore, I revised my initial impression to Real with medium confidence.","When encountering politically charged headlines, look for corroborating visual or textual context and use multiple signals—such as image authenticity, headline credibility, and consistency between elements—to better judge the news' reliability.","{
  ""Initial_Impression"": ""Fake"",
  ""Initial_Reasoning"": ""The headline is politically charged and uses informal language ('put hill republicans in a box'), which often appears in opinionated or misleading news. The image shows a man speaking at a podium, but without clear context or recognizable figures, it is hard to confirm the authenticity or relevance to the headline."",
  ""Final_Decision"": ""Real"",
  ""Did_Decision_Change"": ""Yes"",
  ""Decision_Confidence"": ""Medium"",
  ""Explanation"": ""Initially, the headline's sensational tone and vague image context led me to suspect the news might be fake. However, the AI image description was somewhat accurate, showing a political figure (Ryan) responding to Obama, which aligns with the headline about Obama and Republicans. The vision tool classified the image as Real with moderate confidence, detecting plausible visual concepts. The text tool strongly classified the headline as Real with very high confidence and neutral sentiment, indicating it is likely a genuine news headline rather than fake or sensationalized. The consistency tool showed moderate alignment between the headline and AI caption (0.42) and weaker but positive alignment between the image and headline (0.28), suggesting some semantic connection but not perfect. Overall, the forensic tools support the content being Real, though the moderate confidence and somewhat weak alignment scores suggest some caution. Therefore, I revised my initial impression to Real with medium confidence."",
  ""Nudge"": ""When encountering politically charged headlines, look for corroborating visual or textual context and use multiple signals—such as image authenticity, headline credibility, and consistency between elements—to better judge the news' reliability.""
}"
/content/FakeNews/assets/content/fakeddit_images/186.jpg,little girl asks is santa real after disappointing grotto visit,1,a woman is looking at a display of snowmen and penguins,Real,Real,Real,"The headline about a little girl questioning Santa after a disappointing grotto visit seems plausible and relatable. The image shows a woman looking at a display with snowmen and penguins, which fits a winter or holiday theme, consistent with the headline's context.",Real,No,High,"My initial impression was that the news item is real because the headline is a believable human interest story and the image visually aligns with a holiday setting. The AI image description accurately describes the image content, showing a woman looking at a display of snowmen and penguins, which fits the seasonal theme implied by the headline. The vision tool classified the image as Real with moderate confidence and detected relevant visual concepts like 'igloo' and 'child's room' that align with a festive environment. The text tool strongly classified the headline as Real with very high confidence and noted a negative sentiment, which matches the disappointment expressed in the headline. The consistency tool showed moderate but positive alignment between the headline, AI caption, and image, indicating no contradictions. Overall, the forensic tools confirmed my initial intuition, supporting a classification of Real with high confidence.","When evaluating similar content, consider whether the image and headline share a clear thematic connection and whether the tone of the headline matches the visual cues. Also, be cautious of sensational or overly emotional headlines that do not align well with the image context.","{
  ""Initial_Impression"": ""Real"",
  ""Initial_Reasoning"": ""The headline about a little girl questioning Santa after a disappointing grotto visit seems plausible and relatable. The image shows a woman looking at a display with snowmen and penguins, which fits a winter or holiday theme, consistent with the headline's context."",
  ""Final_Decision"": ""Real"",
  ""Did_Decision_Change"": ""No"",
  ""Decision_Confidence"": ""High"",
  ""Explanation"": ""My initial impression was that the news item is real because the headline is a believable human interest story and the image visually aligns with a holiday setting. The AI image description accurately describes the image content, showing a woman looking at a display of snowmen and penguins, which fits the seasonal theme implied by the headline. The vision tool classified the image as Real with moderate confidence and detected relevant visual concepts like 'igloo' and 'child's room' that align with a festive environment. The text tool strongly classified the headline as Real with very high confidence and noted a negative sentiment, which matches the disappointment expressed in the headline. The consistency tool showed moderate but positive alignment between the headline, AI caption, and image, indicating no contradictions. Overall, the forensic tools confirmed my initial intuition, supporting a classification of Real with high confidence."",
  ""Nudge"": ""When evaluating similar content, consider whether the image and headline share a clear thematic connection and whether the tone of the headline matches the visual cues. Also, be cautious of sensational or overly emotional headlines that do not align well with the image context.""
}"
/content/FakeNews/assets/content/fakeddit_images/1.jpg,i am going to a hospital in due to notoriety or lack of translation,0,a man in white clothes is surrounded by police officers,Real,Fake,Fake,"The headline is incoherent and confusing, making it seem suspicious. The image shows a man in white clothes surrounded by police officers, which does not clearly relate to the headline's unclear statement about going to a hospital due to notoriety or translation issues.",Fake,No,High,"My initial impression was that the news item is likely fake due to the nonsensical and poorly constructed headline that does not clearly convey a meaningful or credible message. The image shows a man in white clothes surrounded by police officers, which somewhat matches the AI description but does not align well with the headline. The AI description is accurate in describing the image content, so the consistency tool's scores are trustworthy. The vision tool classified the image as Real but with low confidence (about 0.5), indicating no strong evidence of manipulation. However, the text tool strongly flagged the headline as Fake with very high confidence (0.9986) and a negative sentiment score, indicating a suspicious or sensational tone. The consistency tool showed very low semantic similarity between the headline and the AI caption (0.0756) and low cross-modal similarity between the image and headline (0.2126), confirming poor alignment. Overall, the forensic tools confirmed my initial suspicion that this news item is fake, primarily due to the incoherent headline and poor alignment with the image content.","When encountering confusing or poorly written headlines, especially those that do not clearly relate to the accompanying image, be skeptical and check for alignment between text and visuals. Sensational or nonsensical language is often a red flag for misinformation.","{
  ""Initial_Impression"": ""Fake"",
  ""Initial_Reasoning"": ""The headline is incoherent and confusing, making it seem suspicious. The image shows a man in white clothes surrounded by police officers, which does not clearly relate to the headline's unclear statement about going to a hospital due to notoriety or translation issues."",
  ""Final_Decision"": ""Fake"",
  ""Did_Decision_Change"": ""No"",
  ""Decision_Confidence"": ""High"",
  ""Explanation"": ""My initial impression was that the news item is likely fake due to the nonsensical and poorly constructed headline that does not clearly convey a meaningful or credible message. The image shows a man in white clothes surrounded by police officers, which somewhat matches the AI description but does not align well with the headline. The AI description is accurate in describing the image content, so the consistency tool's scores are trustworthy. The vision tool classified the image as Real but with low confidence (about 0.5), indicating no strong evidence of manipulation. However, the text tool strongly flagged the headline as Fake with very high confidence (0.9986) and a negative sentiment score, indicating a suspicious or sensational tone. The consistency tool showed very low semantic similarity between the headline and the AI caption (0.0756) and low cross-modal similarity between the image and headline (0.2126), confirming poor alignment. Overall, the forensic tools confirmed my initial suspicion that this news item is fake, primarily due to the incoherent headline and poor alignment with the image content."",
  ""Nudge"": ""When encountering confusing or poorly written headlines, especially those that do not clearly relate to the accompanying image, be skeptical and check for alignment between text and visuals. Sensational or nonsensical language is often a red flag for misinformation.""
}"
/content/FakeNews/assets/content/fakeddit_images/149.jpg,selenophene horrid grind,0,a purple and white background with the words selenophene horror grind,Real,Fake,Fake,"The headline 'selenophene horrid grind' is nonsensical and does not correspond to any clear or credible news topic. The image appears to be a stylized background with text, which looks suspicious and not like a genuine news photo.",Fake,No,High,"My initial impression was that this news item is fake due to the nonsensical and unclear headline combined with an image that looks like a graphic rather than a real news photo. The AI image description was mostly accurate, describing a purple and white background with text similar to the headline, so the consistency tool's scores are somewhat reliable. The vision tool classified the image as Real but with very low confidence (about 0.5), indicating uncertainty and no strong evidence of authenticity. The text tool strongly flagged the headline as Fake with very high confidence (0.9997) and detected a negative sentiment, which often correlates with sensational or misleading content. The consistency tool showed only moderate alignment between the headline and caption (0.42) and between the image and headline (0.35), indicating weak semantic and visual consistency. Overall, the forensic tools confirmed my initial suspicion that this is malicious fake news, and I maintain a high confidence in this decision.","When encountering headlines that seem nonsensical or overly vague, check if the image and text align meaningfully and look for credible sources. Sensational or confusing language paired with generic or stylized images often signals fake news.","{
  ""Initial_Impression"": ""Fake"",
  ""Initial_Reasoning"": ""The headline 'selenophene horrid grind' is nonsensical and does not correspond to any clear or credible news topic. The image appears to be a stylized background with text, which looks suspicious and not like a genuine news photo."",
  ""Final_Decision"": ""Fake"",
  ""Did_Decision_Change"": ""No"",
  ""Decision_Confidence"": ""High"",
  ""Explanation"": ""My initial impression was that this news item is fake due to the nonsensical and unclear headline combined with an image that looks like a graphic rather than a real news photo. The AI image description was mostly accurate, describing a purple and white background with text similar to the headline, so the consistency tool's scores are somewhat reliable. The vision tool classified the image as Real but with very low confidence (about 0.5), indicating uncertainty and no strong evidence of authenticity. The text tool strongly flagged the headline as Fake with very high confidence (0.9997) and detected a negative sentiment, which often correlates with sensational or misleading content. The consistency tool showed only moderate alignment between the headline and caption (0.42) and between the image and headline (0.35), indicating weak semantic and visual consistency. Overall, the forensic tools confirmed my initial suspicion that this is malicious fake news, and I maintain a high confidence in this decision."",
  ""Nudge"": ""When encountering headlines that seem nonsensical or overly vague, check if the image and text align meaningfully and look for credible sources. Sensational or confusing language paired with generic or stylized images often signals fake news.""
}"
/content/FakeNews/assets/content/fakeddit_images/10.jpg,nikita khrushchev drinking a can of pepsi after the kitchen debate between him and richard nixon colourized,0,an old man with a beard and tie is drinking from a cup,Real,Fake,Fake,"The image shows an older man with a beard drinking from a cup, which does not visually match the headline claiming it is Nikita Khrushchev drinking a can of Pepsi after the kitchen debate. The man in the image does not resemble Khrushchev, and the setting and details seem inconsistent with the historical context.",Fake,No,High,"My initial impression was that the news item is fake because the image does not visually correspond to the headline's claim about Nikita Khrushchev drinking a can of Pepsi after the kitchen debate with Nixon. The AI-generated description 'an old man with a beard and tie is drinking from a cup' is accurate but vague and does not confirm the identity or the context. The vision tool detected unrelated objects and gave a borderline Real classification with low confidence, indicating uncertainty but no strong support for the headline. The text tool strongly flagged the headline as fake with very high confidence, reflecting the implausibility and likely fabricated nature of the claim. The consistency tool showed low similarity scores between the headline and the AI caption (0.21) and between the image and the headline (0.31), indicating poor alignment and further undermining the credibility of the claim. Overall, the forensic tools confirmed my initial skepticism, and I maintain the classification as Fake with high confidence.","When evaluating historical claims with images, pay close attention to whether the visual details and context match the known facts and identities. Be cautious of vague or generic image descriptions and check for strong alignment between the image content and the headline before accepting such claims.","{
  ""Initial_Impression"": ""Fake"",
  ""Initial_Reasoning"": ""The image shows an older man with a beard drinking from a cup, which does not visually match the headline claiming it is Nikita Khrushchev drinking a can of Pepsi after the kitchen debate. The man in the image does not resemble Khrushchev, and the setting and details seem inconsistent with the historical context."",
  ""Final_Decision"": ""Fake"",
  ""Did_Decision_Change"": ""No"",
  ""Decision_Confidence"": ""High"",
  ""Explanation"": ""My initial impression was that the news item is fake because the image does not visually correspond to the headline's claim about Nikita Khrushchev drinking a can of Pepsi after the kitchen debate with Nixon. The AI-generated description 'an old man with a beard and tie is drinking from a cup' is accurate but vague and does not confirm the identity or the context. The vision tool detected unrelated objects and gave a borderline Real classification with low confidence, indicating uncertainty but no strong support for the headline. The text tool strongly flagged the headline as fake with very high confidence, reflecting the implausibility and likely fabricated nature of the claim. The consistency tool showed low similarity scores between the headline and the AI caption (0.21) and between the image and the headline (0.31), indicating poor alignment and further undermining the credibility of the claim. Overall, the forensic tools confirmed my initial skepticism, and I maintain the classification as Fake with high confidence."",
  ""Nudge"": ""When evaluating historical claims with images, pay close attention to whether the visual details and context match the known facts and identities. Be cautious of vague or generic image descriptions and check for strong alignment between the image content and the headline before accepting such claims.""
}"
/content/FakeNews/assets/content/fakeddit_images/286.jpg,my ladder was pretty surprised i was so high up,0,a blue plastic tray with a hole in it,Real,Fake,Fake,"The headline is a humorous, anthropomorphic statement about a ladder being surprised, which seems unlikely to be a serious news item. The image appears to show a blue plastic tray with a hole, which does not visually support the headline's claim about a ladder or height.",Fake,No,High,"My initial impression was that this news item is fake because the headline is a playful, unlikely statement attributing surprise to an inanimate object (a ladder), which is not typical for genuine news. The image shows a blue plastic tray with a hole, which does not align with the headline's content about a ladder or height. The AI-generated image description is accurate and matches the image, so the consistency tool's scores are trustworthy. The vision tool classified the image as Real but with low confidence, detecting concepts like 'construction site' and 'crate' which loosely relate to the idea of a ladder but do not confirm the headline. The text tool strongly flagged the headline as Fake with very high confidence and noted a positive sentiment score indicating a sensational or humorous tone. The consistency tool showed very low similarity between the headline and the AI caption (0.09) and low similarity between the image and the headline (0.25), indicating poor alignment. These forensic results confirm my initial intuition that this is not a genuine news item but rather benign humorous or misleading content. Therefore, the final decision remains Fake with high confidence.","When encountering headlines that personify objects or make playful claims, critically assess whether the accompanying image and description logically support the claim. Look for clear visual evidence and consistency before accepting such content as real news.","{
  ""Initial_Impression"": ""Fake"",
  ""Initial_Reasoning"": ""The headline is a humorous, anthropomorphic statement about a ladder being surprised, which seems unlikely to be a serious news item. The image appears to show a blue plastic tray with a hole, which does not visually support the headline's claim about a ladder or height."",
  ""Final_Decision"": ""Fake"",
  ""Did_Decision_Change"": ""No"",
  ""Decision_Confidence"": ""High"",
  ""Explanation"": ""My initial impression was that this news item is fake because the headline is a playful, unlikely statement attributing surprise to an inanimate object (a ladder), which is not typical for genuine news. The image shows a blue plastic tray with a hole, which does not align with the headline's content about a ladder or height. The AI-generated image description is accurate and matches the image, so the consistency tool's scores are trustworthy. The vision tool classified the image as Real but with low confidence, detecting concepts like 'construction site' and 'crate' which loosely relate to the idea of a ladder but do not confirm the headline. The text tool strongly flagged the headline as Fake with very high confidence and noted a positive sentiment score indicating a sensational or humorous tone. The consistency tool showed very low similarity between the headline and the AI caption (0.09) and low similarity between the image and the headline (0.25), indicating poor alignment. These forensic results confirm my initial intuition that this is not a genuine news item but rather benign humorous or misleading content. Therefore, the final decision remains Fake with high confidence."",
  ""Nudge"": ""When encountering headlines that personify objects or make playful claims, critically assess whether the accompanying image and description logically support the claim. Look for clear visual evidence and consistency before accepting such content as real news.""
}"
/content/FakeNews/assets/content/fakeddit_images/49.jpg,infant holding on for dear life,1,a baby in a shopping cart at a supermarket,Real,Fake,Fake,"The headline 'infant holding on for dear life' suggests a dramatic or dangerous situation, but the image shows a baby calmly sitting in a shopping cart in a supermarket, which does not visually support the sensational headline.",Fake,No,High,"My initial impression was that the news item is fake because the headline implies a dramatic or life-threatening scenario, but the image depicts a normal, calm scene of a baby in a shopping cart. The AI-generated image description accurately describes the image as 'a baby in a shopping cart at a supermarket,' which matches what I see. The vision tool confirms the image is real with moderate confidence and detects relevant concepts like 'shopping cart' and 'shopping basket.' However, the text tool flags the headline as fake with high confidence, likely due to its sensational tone, supported by a positive sentiment score indicating some sensationalism. The consistency tool shows low similarity scores between the headline and the AI caption (0.34) and between the image and the headline (0.28), indicating weak alignment and suggesting the headline exaggerates or misrepresents the image content. Overall, the forensic tools confirm my initial intuition that the headline is misleading and the news item is fake.",Be cautious of headlines that use sensational or dramatic language that doesn't match the visual evidence; always compare the headline's claims directly with the image content to spot exaggerations or misrepresentations.,"{
  ""Initial_Impression"": ""Fake"",
  ""Initial_Reasoning"": ""The headline 'infant holding on for dear life' suggests a dramatic or dangerous situation, but the image shows a baby calmly sitting in a shopping cart in a supermarket, which does not visually support the sensational headline."",
  ""Final_Decision"": ""Fake"",
  ""Did_Decision_Change"": ""No"",
  ""Decision_Confidence"": ""High"",
  ""Explanation"": ""My initial impression was that the news item is fake because the headline implies a dramatic or life-threatening scenario, but the image depicts a normal, calm scene of a baby in a shopping cart. The AI-generated image description accurately describes the image as 'a baby in a shopping cart at a supermarket,' which matches what I see. The vision tool confirms the image is real with moderate confidence and detects relevant concepts like 'shopping cart' and 'shopping basket.' However, the text tool flags the headline as fake with high confidence, likely due to its sensational tone, supported by a positive sentiment score indicating some sensationalism. The consistency tool shows low similarity scores between the headline and the AI caption (0.34) and between the image and the headline (0.28), indicating weak alignment and suggesting the headline exaggerates or misrepresents the image content. Overall, the forensic tools confirm my initial intuition that the headline is misleading and the news item is fake."",
  ""Nudge"": ""Be cautious of headlines that use sensational or dramatic language that doesn't match the visual evidence; always compare the headline's claims directly with the image content to spot exaggerations or misrepresentations.""
}"
/content/FakeNews/assets/content/fakeddit_images/140.jpg,a coast from a distance,0,a sunset with clouds and a few street lights,Real,Fake,Real,"The image visually appears to show a natural scene with a sky and distant landscape, which aligns with the headline 'a coast from a distance'. The headline is simple and descriptive, not sensational or exaggerated.",Fake,Yes,Medium,"Initially, the image and headline seemed consistent and plausible, suggesting a real news item. The AI description 'a sunset with clouds and a few street lights' was somewhat accurate but vague, as the image shows a sky with some orange hues and distant objects that could be interpreted as lights or structures. The vision tool classified the image as Real but with low confidence (about 0.5), detecting concepts like sky, orange, plane, windmill, and parachute, which do not strongly confirm a coastal scene. The text tool flagged the headline as Fake with very high confidence (0.987), indicating the headline might be misleading or fabricated. The sentiment score was neutral, so no sensationalism was detected. The consistency tool showed low similarity scores between the headline and AI caption (0.38) and between the image and headline (0.24), indicating weak alignment and possible mismatch. Taken together, the strong fake classification of the headline and weak consistency between image and text suggest the news item is likely Fake, despite the initial impression. Therefore, I changed my decision to Fake with medium confidence due to mixed but leaning evidence.","When evaluating simple or vague headlines paired with images, always check for strong alignment between the text and visual content, and be cautious if automated tools flag the text as fake even if the image looks plausible.","{
  ""Initial_Impression"": ""Real"",
  ""Initial_Reasoning"": ""The image visually appears to show a natural scene with a sky and distant landscape, which aligns with the headline 'a coast from a distance'. The headline is simple and descriptive, not sensational or exaggerated."",
  ""Final_Decision"": ""Fake"",
  ""Did_Decision_Change"": ""Yes"",
  ""Decision_Confidence"": ""Medium"",
  ""Explanation"": ""Initially, the image and headline seemed consistent and plausible, suggesting a real news item. The AI description 'a sunset with clouds and a few street lights' was somewhat accurate but vague, as the image shows a sky with some orange hues and distant objects that could be interpreted as lights or structures. The vision tool classified the image as Real but with low confidence (about 0.5), detecting concepts like sky, orange, plane, windmill, and parachute, which do not strongly confirm a coastal scene. The text tool flagged the headline as Fake with very high confidence (0.987), indicating the headline might be misleading or fabricated. The sentiment score was neutral, so no sensationalism was detected. The consistency tool showed low similarity scores between the headline and AI caption (0.38) and between the image and headline (0.24), indicating weak alignment and possible mismatch. Taken together, the strong fake classification of the headline and weak consistency between image and text suggest the news item is likely Fake, despite the initial impression. Therefore, I changed my decision to Fake with medium confidence due to mixed but leaning evidence."",
  ""Nudge"": ""When evaluating simple or vague headlines paired with images, always check for strong alignment between the text and visual content, and be cautious if automated tools flag the text as fake even if the image looks plausible.""
}"
/content/FakeNews/assets/content/fakeddit_images/53.jpg,man in bradford traffic queue given parking ticket,1,a car is seen in the rain with a red circle around it,Fake,Real,Fake,"The headline about a man in a traffic queue getting a parking ticket seems unusual and suspicious, as typically parking tickets are not issued to cars stuck in traffic queues. The image shows a car with a red circle around it, but the context is unclear and looks staged or edited.",Fake,No,Medium,"My initial impression was that the news item might be fake because the scenario described in the headline is odd and unlikely. The AI image description is accurate in noting a car in the rain with a red circle around it, which matches the image content, so the description is reliable. The vision tool flagged the image as potentially fake with moderate confidence, likely due to the unnatural red circle and the context of the image. The text tool strongly classified the headline as real, but the headline is quite neutral and not sensational, which might explain the real classification. The consistency tool showed very low semantic similarity between the headline and the AI caption, and only weak alignment between the image and the headline, indicating poor consistency. Overall, the forensic tools support the initial skepticism about the news item's authenticity, confirming it is likely fake news. The evidence is mixed but leans toward fake due to the unusual claim and image manipulation cues.","When encountering unusual news claims, especially those involving official actions like tickets, consider whether the scenario is plausible and check if the image or description seems edited or out of context before accepting the claim.","{
  ""Initial_Impression"": ""Fake"",
  ""Initial_Reasoning"": ""The headline about a man in a traffic queue getting a parking ticket seems unusual and suspicious, as typically parking tickets are not issued to cars stuck in traffic queues. The image shows a car with a red circle around it, but the context is unclear and looks staged or edited."",
  ""Final_Decision"": ""Fake"",
  ""Did_Decision_Change"": ""No"",
  ""Decision_Confidence"": ""Medium"",
  ""Explanation"": ""My initial impression was that the news item might be fake because the scenario described in the headline is odd and unlikely. The AI image description is accurate in noting a car in the rain with a red circle around it, which matches the image content, so the description is reliable. The vision tool flagged the image as potentially fake with moderate confidence, likely due to the unnatural red circle and the context of the image. The text tool strongly classified the headline as real, but the headline is quite neutral and not sensational, which might explain the real classification. The consistency tool showed very low semantic similarity between the headline and the AI caption, and only weak alignment between the image and the headline, indicating poor consistency. Overall, the forensic tools support the initial skepticism about the news item's authenticity, confirming it is likely fake news. The evidence is mixed but leans toward fake due to the unusual claim and image manipulation cues."",
  ""Nudge"": ""When encountering unusual news claims, especially those involving official actions like tickets, consider whether the scenario is plausible and check if the image or description seems edited or out of context before accepting the claim.""
}"
/content/FakeNews/assets/content/fakeddit_images/292.jpg,nanaimo homeless man returns diamond ring to grateful owner,1,a man hugging a woman in front of a car,Real,Real,Real,"The image shows a man and a woman in an apparent emotional moment, which fits the headline about a homeless man returning a diamond ring to a grateful owner. The scene looks natural and plausible.",Real,No,High,"My initial impression was that the news item is real because the image depicts a man and a woman in a seemingly genuine emotional interaction, which aligns with the headline about a homeless man returning a diamond ring. The AI image description, 'a man hugging a woman in front of a car,' is accurate and consistent with what I see, so I trust the consistency tool's scores. The vision tool classified the image as Real with moderate confidence, and the text tool strongly classified the headline as Real with very high confidence and a positive sentiment score, indicating a heartwarming story rather than sensationalism. The consistency tool showed low but positive alignment scores between the headline, caption, and image, which is reasonable given the general nature of the description and headline. Overall, the forensic tools confirm my initial intuition, so I maintain the classification as Real with high confidence.","When evaluating similar news, pay close attention to whether the image and headline naturally align in context and emotion, and be cautious of overly vague or unrelated image descriptions that might indicate manipulation or misinformation.","{
  ""Initial_Impression"": ""Real"",
  ""Initial_Reasoning"": ""The image shows a man and a woman in an apparent emotional moment, which fits the headline about a homeless man returning a diamond ring to a grateful owner. The scene looks natural and plausible."",
  ""Final_Decision"": ""Real"",
  ""Did_Decision_Change"": ""No"",
  ""Decision_Confidence"": ""High"",
  ""Explanation"": ""My initial impression was that the news item is real because the image depicts a man and a woman in a seemingly genuine emotional interaction, which aligns with the headline about a homeless man returning a diamond ring. The AI image description, 'a man hugging a woman in front of a car,' is accurate and consistent with what I see, so I trust the consistency tool's scores. The vision tool classified the image as Real with moderate confidence, and the text tool strongly classified the headline as Real with very high confidence and a positive sentiment score, indicating a heartwarming story rather than sensationalism. The consistency tool showed low but positive alignment scores between the headline, caption, and image, which is reasonable given the general nature of the description and headline. Overall, the forensic tools confirm my initial intuition, so I maintain the classification as Real with high confidence."",
  ""Nudge"": ""When evaluating similar news, pay close attention to whether the image and headline naturally align in context and emotion, and be cautious of overly vague or unrelated image descriptions that might indicate manipulation or misinformation.""
}"
/content/FakeNews/assets/content/fakeddit_images/35.jpg,a field of broccoli,0,a large group of hulk figurines in a factory,Real,Fake,Fake,"The headline 'a field of broccoli' does not match the visual content of the image, which shows many Hulk figurines in a factory setting, not broccoli.",Fake,No,High,"Initially, the headline claiming 'a field of broccoli' seemed inconsistent with the image, which clearly depicts a large group of Hulk figurines in a factory, not any vegetables. The AI-generated image description accurately describes the image content, confirming the visual observation. The vision tool detected visual concepts related to vegetables but also flagged the image as Real with moderate confidence, likely due to the presence of green objects resembling broccoli or cabbage. However, the text tool strongly flagged the headline as Fake with high confidence, indicating the headline is misleading or false. The consistency tool showed low similarity scores between the headline and the AI caption (0.11) and between the image and the headline (0.31), confirming poor alignment. These forensic tools support the initial intuition that the headline is fake news, as it misrepresents the image content. Therefore, the final decision remains 'Fake' with high confidence.","Always compare the headline carefully with the actual image content; if they don't align well, it's a strong sign the news might be misleading or false.","{
  ""Initial_Impression"": ""Fake"",
  ""Initial_Reasoning"": ""The headline 'a field of broccoli' does not match the visual content of the image, which shows many Hulk figurines in a factory setting, not broccoli."",
  ""Final_Decision"": ""Fake"",
  ""Did_Decision_Change"": ""No"",
  ""Decision_Confidence"": ""High"",
  ""Explanation"": ""Initially, the headline claiming 'a field of broccoli' seemed inconsistent with the image, which clearly depicts a large group of Hulk figurines in a factory, not any vegetables. The AI-generated image description accurately describes the image content, confirming the visual observation. The vision tool detected visual concepts related to vegetables but also flagged the image as Real with moderate confidence, likely due to the presence of green objects resembling broccoli or cabbage. However, the text tool strongly flagged the headline as Fake with high confidence, indicating the headline is misleading or false. The consistency tool showed low similarity scores between the headline and the AI caption (0.11) and between the image and the headline (0.31), confirming poor alignment. These forensic tools support the initial intuition that the headline is fake news, as it misrepresents the image content. Therefore, the final decision remains 'Fake' with high confidence."",
  ""Nudge"": ""Always compare the headline carefully with the actual image content; if they don't align well, it's a strong sign the news might be misleading or false.""
}"
/content/FakeNews/assets/content/fakeddit_images/163.jpg,a security officer about to invent the dab,0,a man in a white shirt is bending over a table,Real,Fake,Fake,"The headline 'a security officer about to invent the dab' sounds humorous and exaggerated, and the image shows a man bending over a table, which does not visually support the claim of inventing a dance move.",Fake,No,High,"My initial impression was that the news item is fake because the headline is sensational and does not match the visual content of the image, which shows a man in a white shirt bending over a table, not performing or inventing a dance move. The AI image description is accurate and reliable, as it correctly describes the man bending over a table. The vision tool classified the image as Real but with low confidence (around 0.5), indicating no obvious manipulation. However, the text tool strongly flagged the headline as Fake with very high confidence (0.9989), reflecting the headline's sensational and likely false nature. The sentiment score is mildly positive but not extreme, suggesting some humor or light sensationalism. The consistency tool shows low similarity scores between the headline and the AI caption (0.11) and between the image and the headline (0.31), indicating poor alignment and supporting the conclusion that the headline does not accurately describe the image. Overall, the forensic tools confirm my initial intuition that this is fake news, likely intended as a joke or satire rather than a factual report.","When encountering humorous or exaggerated headlines, always check if the image content logically supports the claim and be cautious of sensational language that may indicate satire or misinformation.","{
  ""Initial_Impression"": ""Fake"",
  ""Initial_Reasoning"": ""The headline 'a security officer about to invent the dab' sounds humorous and exaggerated, and the image shows a man bending over a table, which does not visually support the claim of inventing a dance move."",
  ""Final_Decision"": ""Fake"",
  ""Did_Decision_Change"": ""No"",
  ""Decision_Confidence"": ""High"",
  ""Explanation"": ""My initial impression was that the news item is fake because the headline is sensational and does not match the visual content of the image, which shows a man in a white shirt bending over a table, not performing or inventing a dance move. The AI image description is accurate and reliable, as it correctly describes the man bending over a table. The vision tool classified the image as Real but with low confidence (around 0.5), indicating no obvious manipulation. However, the text tool strongly flagged the headline as Fake with very high confidence (0.9989), reflecting the headline's sensational and likely false nature. The sentiment score is mildly positive but not extreme, suggesting some humor or light sensationalism. The consistency tool shows low similarity scores between the headline and the AI caption (0.11) and between the image and the headline (0.31), indicating poor alignment and supporting the conclusion that the headline does not accurately describe the image. Overall, the forensic tools confirm my initial intuition that this is fake news, likely intended as a joke or satire rather than a factual report."",
  ""Nudge"": ""When encountering humorous or exaggerated headlines, always check if the image content logically supports the claim and be cautious of sensational language that may indicate satire or misinformation.""
}"
/content/FakeNews/assets/content/fakeddit_images/126.jpg,peeled off sticker looks like a donkey,0,a piece of paper with a sticker on it,Real,Fake,Real,"The image shows a piece of paper with a peeled-off sticker that visually resembles a donkey shape, which aligns with the headline's claim.",Fake,Yes,Medium,"Initially, the image and headline seemed plausible because the peeled-off sticker does look like a donkey, matching the headline. The AI image description was accurate and straightforward, describing a piece of paper with a sticker, so the consistency tool's scores are somewhat reliable. However, forensic tools revealed mixed signals: the vision tool classified the image as Real but with low confidence (0.50), indicating uncertainty. The text tool flagged the headline as Fake with a relatively high confidence (0.70), suggesting the headline might be misleading or sensationalized. The consistency tool showed moderate semantic similarity between the headline and AI caption (0.47) but low cross-modal similarity between the image and headline (0.26), indicating weak alignment. This suggests the headline exaggerates or misinterprets the image content. Considering the text tool's strong Fake classification and the weak alignment scores, the overall evidence leans toward the headline being misleading or fake news, despite the initial visual plausibility. Therefore, I changed my decision to Fake with medium confidence due to some uncertainty in the image classification.","When encountering headlines that describe unusual or surprising visual phenomena, critically assess whether the image truly supports the claim or if the headline exaggerates the content; cross-check with multiple sources to avoid being misled by sensational or ambiguous images.","{
  ""Initial_Impression"": ""Real"",
  ""Initial_Reasoning"": ""The image shows a piece of paper with a peeled-off sticker that visually resembles a donkey shape, which aligns with the headline's claim."",
  ""Final_Decision"": ""Fake"",
  ""Did_Decision_Change"": ""Yes"",
  ""Decision_Confidence"": ""Medium"",
  ""Explanation"": ""Initially, the image and headline seemed plausible because the peeled-off sticker does look like a donkey, matching the headline. The AI image description was accurate and straightforward, describing a piece of paper with a sticker, so the consistency tool's scores are somewhat reliable. However, forensic tools revealed mixed signals: the vision tool classified the image as Real but with low confidence (0.50), indicating uncertainty. The text tool flagged the headline as Fake with a relatively high confidence (0.70), suggesting the headline might be misleading or sensationalized. The consistency tool showed moderate semantic similarity between the headline and AI caption (0.47) but low cross-modal similarity between the image and headline (0.26), indicating weak alignment. This suggests the headline exaggerates or misinterprets the image content. Considering the text tool's strong Fake classification and the weak alignment scores, the overall evidence leans toward the headline being misleading or fake news, despite the initial visual plausibility. Therefore, I changed my decision to Fake with medium confidence due to some uncertainty in the image classification."",
  ""Nudge"": ""When encountering headlines that describe unusual or surprising visual phenomena, critically assess whether the image truly supports the claim or if the headline exaggerates the content; cross-check with multiple sources to avoid being misled by sensational or ambiguous images.""
}"
/content/FakeNews/assets/content/fakeddit_images/205.jpg,years old me having just caught my cat,1,a young boy standing on a porch holding a fishing pole,Real,Real,Fake,"The headline mentions catching a cat, but the image shows a young boy holding a fishing pole on a porch, which does not visually match the claim about a cat.",Fake,No,High,"Initially, the headline 'years old me having just caught my cat' suggests the image should show a cat or the boy with a cat. However, the image clearly depicts a young boy standing on a porch holding a fishing pole, with no cat visible. The AI-generated description accurately describes the image but does not align with the headline, indicating a mismatch. The vision tool classified the image as Real with moderate confidence, confirming the image is authentic but unrelated to the headline. The text tool strongly classified the headline as Real, likely because it is a benign personal statement without sensationalism. The consistency tool showed low similarity scores between the headline and the AI caption (0.245) and between the image and the headline (0.287), confirming poor alignment. This evidence supports the initial intuition that the headline and image do not match, making the news item misleading or fake in context. Therefore, the final decision is Fake with high confidence.",Always check if the visual content directly supports the headline's claim; mismatches between image and text often indicate misleading or fake news.,"{
  ""Initial_Impression"": ""Fake"",
  ""Initial_Reasoning"": ""The headline mentions catching a cat, but the image shows a young boy holding a fishing pole on a porch, which does not visually match the claim about a cat."",
  ""Final_Decision"": ""Fake"",
  ""Did_Decision_Change"": ""No"",
  ""Decision_Confidence"": ""High"",
  ""Explanation"": ""Initially, the headline 'years old me having just caught my cat' suggests the image should show a cat or the boy with a cat. However, the image clearly depicts a young boy standing on a porch holding a fishing pole, with no cat visible. The AI-generated description accurately describes the image but does not align with the headline, indicating a mismatch. The vision tool classified the image as Real with moderate confidence, confirming the image is authentic but unrelated to the headline. The text tool strongly classified the headline as Real, likely because it is a benign personal statement without sensationalism. The consistency tool showed low similarity scores between the headline and the AI caption (0.245) and between the image and the headline (0.287), confirming poor alignment. This evidence supports the initial intuition that the headline and image do not match, making the news item misleading or fake in context. Therefore, the final decision is Fake with high confidence."",
  ""Nudge"": ""Always check if the visual content directly supports the headline's claim; mismatches between image and text often indicate misleading or fake news.""
}"
/content/FakeNews/assets/content/fakeddit_images/131.jpg,my colleagues bag looks pretty satisfied,0,a laptop and a purse on a desk next to a window,Real,Fake,Fake,"The headline 'my colleagues bag looks pretty satisfied' is unusual and nonsensical, which raises suspicion. The image shows a laptop and a purse on a desk, which does not clearly relate to the headline in a meaningful way.",Fake,No,High,"My initial impression was that the news item is likely fake due to the odd and unclear headline that does not logically connect to the image. The AI image description is accurate, as it correctly describes the image content (a laptop and a purse on a desk next to a window). The vision tool confirms the image is real with moderate confidence and detects relevant objects like a purse and laptop. However, the text tool strongly flags the headline as fake with very high confidence and detects a high positive sentiment score, indicating sensational or unusual wording. The consistency tool shows low similarity scores between the headline and the AI caption (0.38) and between the image and the headline (0.30), indicating weak alignment and semantic mismatch. These forensic results support my initial skepticism and confirm that the headline is misleading or nonsensical relative to the image, classifying the content as fake news with high confidence.","When encountering headlines that seem odd or disconnected from the accompanying image, pause and critically assess whether the text logically relates to the visual content. Look for clear, coherent connections before accepting the claim as true.","{
  ""Initial_Impression"": ""Fake"",
  ""Initial_Reasoning"": ""The headline 'my colleagues bag looks pretty satisfied' is unusual and nonsensical, which raises suspicion. The image shows a laptop and a purse on a desk, which does not clearly relate to the headline in a meaningful way."",
  ""Final_Decision"": ""Fake"",
  ""Did_Decision_Change"": ""No"",
  ""Decision_Confidence"": ""High"",
  ""Explanation"": ""My initial impression was that the news item is likely fake due to the odd and unclear headline that does not logically connect to the image. The AI image description is accurate, as it correctly describes the image content (a laptop and a purse on a desk next to a window). The vision tool confirms the image is real with moderate confidence and detects relevant objects like a purse and laptop. However, the text tool strongly flags the headline as fake with very high confidence and detects a high positive sentiment score, indicating sensational or unusual wording. The consistency tool shows low similarity scores between the headline and the AI caption (0.38) and between the image and the headline (0.30), indicating weak alignment and semantic mismatch. These forensic results support my initial skepticism and confirm that the headline is misleading or nonsensical relative to the image, classifying the content as fake news with high confidence."",
  ""Nudge"": ""When encountering headlines that seem odd or disconnected from the accompanying image, pause and critically assess whether the text logically relates to the visual content. Look for clear, coherent connections before accepting the claim as true.""
}"
/content/FakeNews/assets/content/fakeddit_images/283.jpg,my grandads vintage poker dice,1,a game of dice and a piece of paper on a table,Fake,Real,Real,"The headline 'my grandads vintage poker dice' suggests a personal, benign story about old dice, and the image visually shows dice on a table, which aligns with the headline and seems plausible.",Real,No,Medium,"Initially, the image and headline appeared consistent and believable, showing dice on a table that could be vintage poker dice. The AI image description 'a game of dice and a piece of paper on a table' was accurate and matched the visual content, making the description reliable. The vision tool flagged the image as 'Fake' but with very low confidence (about 50%), indicating uncertainty rather than a strong fake signal. The text tool strongly classified the headline as 'Real' with high confidence (about 97%), and the sentiment was neutral, indicating no sensationalism. The consistency tool showed moderate alignment between the headline and AI caption (0.57) and weaker but positive alignment between the image and headline (0.30), which is reasonable given the simple content. Overall, the forensic tools mostly support the initial impression of the content being real, with only a slight caution from the vision tool's low-confidence fake flag. Therefore, the final decision remains 'Real' with medium confidence due to some minor uncertainty.","When evaluating similar content, pay close attention to whether the image and headline naturally align without exaggeration or sensationalism, and consider the confidence levels of automated tools rather than just their binary outputs.","{
  ""Initial_Impression"": ""Real"",
  ""Initial_Reasoning"": ""The headline 'my grandads vintage poker dice' suggests a personal, benign story about old dice, and the image visually shows dice on a table, which aligns with the headline and seems plausible."",
  ""Final_Decision"": ""Real"",
  ""Did_Decision_Change"": ""No"",
  ""Decision_Confidence"": ""Medium"",
  ""Explanation"": ""Initially, the image and headline appeared consistent and believable, showing dice on a table that could be vintage poker dice. The AI image description 'a game of dice and a piece of paper on a table' was accurate and matched the visual content, making the description reliable. The vision tool flagged the image as 'Fake' but with very low confidence (about 50%), indicating uncertainty rather than a strong fake signal. The text tool strongly classified the headline as 'Real' with high confidence (about 97%), and the sentiment was neutral, indicating no sensationalism. The consistency tool showed moderate alignment between the headline and AI caption (0.57) and weaker but positive alignment between the image and headline (0.30), which is reasonable given the simple content. Overall, the forensic tools mostly support the initial impression of the content being real, with only a slight caution from the vision tool's low-confidence fake flag. Therefore, the final decision remains 'Real' with medium confidence due to some minor uncertainty."",
  ""Nudge"": ""When evaluating similar content, pay close attention to whether the image and headline naturally align without exaggeration or sensationalism, and consider the confidence levels of automated tools rather than just their binary outputs.""
}"
/content/FakeNews/assets/content/fakeddit_images/224.jpg,cake slice looking a little smug,0,a slice of chocolate cake on a plate,Real,Fake,Real,"The image clearly shows a slice of chocolate cake on a plate, which matches the headline's playful tone about the cake slice looking 'a little smug'. The headline is lighthearted and not sensational, suggesting benign content.",Fake,Yes,Medium,"Initially, the image and headline seemed consistent and benign, so I thought the content was real. The AI description accurately described the image as a slice of chocolate cake on a plate, so the description is reliable. However, the forensic tools revealed important contradictions: the vision tool classified the image as Real but with low confidence (0.50), indicating some uncertainty. The text tool flagged the headline as Fake with very high confidence (0.998), suggesting the headline is likely misleading or fabricated. The sentiment score was low, indicating the headline is not sensational, but the text classifier still strongly suspects it is fake. The consistency tool showed moderate semantic similarity between the headline and caption (0.58), but low cross-modal similarity between the image and headline (0.30), indicating the headline does not strongly align with the image content. This misalignment and the strong fake classification of the headline led me to change my decision to Fake. The evidence is mixed but leans toward the content being misleading or fake, hence medium confidence.","When evaluating news items with playful or unusual headlines, always check if the headline truly matches the image content and be cautious if automated tools flag the text as fake, even if the image looks real.","{
  ""Initial_Impression"": ""Real"",
  ""Initial_Reasoning"": ""The image clearly shows a slice of chocolate cake on a plate, which matches the headline's playful tone about the cake slice looking 'a little smug'. The headline is lighthearted and not sensational, suggesting benign content."",
  ""Final_Decision"": ""Fake"",
  ""Did_Decision_Change"": ""Yes"",
  ""Decision_Confidence"": ""Medium"",
  ""Explanation"": ""Initially, the image and headline seemed consistent and benign, so I thought the content was real. The AI description accurately described the image as a slice of chocolate cake on a plate, so the description is reliable. However, the forensic tools revealed important contradictions: the vision tool classified the image as Real but with low confidence (0.50), indicating some uncertainty. The text tool flagged the headline as Fake with very high confidence (0.998), suggesting the headline is likely misleading or fabricated. The sentiment score was low, indicating the headline is not sensational, but the text classifier still strongly suspects it is fake. The consistency tool showed moderate semantic similarity between the headline and caption (0.58), but low cross-modal similarity between the image and headline (0.30), indicating the headline does not strongly align with the image content. This misalignment and the strong fake classification of the headline led me to change my decision to Fake. The evidence is mixed but leans toward the content being misleading or fake, hence medium confidence."",
  ""Nudge"": ""When evaluating news items with playful or unusual headlines, always check if the headline truly matches the image content and be cautious if automated tools flag the text as fake, even if the image looks real.""
}"
/content/FakeNews/assets/content/fakeddit_images/181.jpg,a woman tracked down the sheikh who saved her grandfather and gave him a home,1,two men in traditional clothing walking through a desert area,Real,Real,Fake,"The headline talks about a woman and a sheikh with a personal story, but the image shows two men in traditional clothing walking in a desert, which does not visually support the narrative of a woman tracking down someone or a home being given.",Real,Yes,Medium,"Initially, the image and headline seemed inconsistent because the headline mentions a woman and a personal story, while the image shows two men walking in a desert, which did not visually align with the headline. The AI image description was accurate in describing the image content as two men in traditional clothing walking through a desert area, so the description is reliable. The vision tool classified the image as Real with moderate confidence, detecting relevant visual concepts like 'abaya' and 'medina' that fit the cultural context. The text tool strongly classified the headline as Real with very high confidence and a moderately positive sentiment, indicating a believable and non-sensational story. The consistency tool showed low but positive similarity scores between the headline and caption (0.13) and between the image and headline (0.26), indicating some weak but not contradictory alignment. Given the strong text tool confidence and the vision tool's Real classification, the story is likely genuine, though the image is more generic and does not depict the exact narrative moment. Therefore, I revised my initial impression to Real with medium confidence due to the somewhat generic image but credible headline and tool results.","When evaluating news items, pay close attention to whether the image directly illustrates the headline's specific claims or if it is more generic or symbolic. Also, consider the credibility of the headline itself and use multiple sources or tools to verify alignment before concluding.","{
  ""Initial_Impression"": ""Fake"",
  ""Initial_Reasoning"": ""The headline talks about a woman and a sheikh with a personal story, but the image shows two men in traditional clothing walking in a desert, which does not visually support the narrative of a woman tracking down someone or a home being given."",
  ""Final_Decision"": ""Real"",
  ""Did_Decision_Change"": ""Yes"",
  ""Decision_Confidence"": ""Medium"",
  ""Explanation"": ""Initially, the image and headline seemed inconsistent because the headline mentions a woman and a personal story, while the image shows two men walking in a desert, which did not visually align with the headline. The AI image description was accurate in describing the image content as two men in traditional clothing walking through a desert area, so the description is reliable. The vision tool classified the image as Real with moderate confidence, detecting relevant visual concepts like 'abaya' and 'medina' that fit the cultural context. The text tool strongly classified the headline as Real with very high confidence and a moderately positive sentiment, indicating a believable and non-sensational story. The consistency tool showed low but positive similarity scores between the headline and caption (0.13) and between the image and headline (0.26), indicating some weak but not contradictory alignment. Given the strong text tool confidence and the vision tool's Real classification, the story is likely genuine, though the image is more generic and does not depict the exact narrative moment. Therefore, I revised my initial impression to Real with medium confidence due to the somewhat generic image but credible headline and tool results."",
  ""Nudge"": ""When evaluating news items, pay close attention to whether the image directly illustrates the headline's specific claims or if it is more generic or symbolic. Also, consider the credibility of the headline itself and use multiple sources or tools to verify alignment before concluding.""
}"
/content/FakeNews/assets/content/fakeddit_images/235.jpg,sorry i lied so much,0,a computer mouse and keyboard on a desk,Real,Fake,Fake,"The headline 'sorry i lied so much' is vague and sensational, and the image of a computer mouse and keyboard does not seem to relate meaningfully to the headline, suggesting a disconnect that often appears in fake or misleading content.",Fake,No,High,"My initial impression was that this news item is likely fake because the headline is a vague, sensational statement that does not connect clearly to the image of a computer mouse and keyboard on a desk. The AI-generated image description is accurate and matches the image well, so the consistency tool's scores are trustworthy. The vision tool confirms the image is real and depicts computer-related objects, but this does not support the headline's claim. The text tool strongly classifies the headline as fake with high confidence and detects a negative sentiment, indicating sensationalism or emotional manipulation. The consistency tool shows very low semantic similarity between the headline and the AI caption (0.04) and low cross-modal similarity between the image and the headline (0.19), confirming a poor alignment between the visual and textual elements. This mismatch and the text tool's strong fake classification reinforce my initial judgment. Therefore, the content is best classified as malicious fake news with high confidence.","When encountering vague or sensational headlines paired with unrelated images, critically assess whether the visual content supports the claim. Mismatches between text and image often indicate misleading or fake news.","{
  ""Initial_Impression"": ""Fake"",
  ""Initial_Reasoning"": ""The headline 'sorry i lied so much' is vague and sensational, and the image of a computer mouse and keyboard does not seem to relate meaningfully to the headline, suggesting a disconnect that often appears in fake or misleading content."",
  ""Final_Decision"": ""Fake"",
  ""Did_Decision_Change"": ""No"",
  ""Decision_Confidence"": ""High"",
  ""Explanation"": ""My initial impression was that this news item is likely fake because the headline is a vague, sensational statement that does not connect clearly to the image of a computer mouse and keyboard on a desk. The AI-generated image description is accurate and matches the image well, so the consistency tool's scores are trustworthy. The vision tool confirms the image is real and depicts computer-related objects, but this does not support the headline's claim. The text tool strongly classifies the headline as fake with high confidence and detects a negative sentiment, indicating sensationalism or emotional manipulation. The consistency tool shows very low semantic similarity between the headline and the AI caption (0.04) and low cross-modal similarity between the image and the headline (0.19), confirming a poor alignment between the visual and textual elements. This mismatch and the text tool's strong fake classification reinforce my initial judgment. Therefore, the content is best classified as malicious fake news with high confidence."",
  ""Nudge"": ""When encountering vague or sensational headlines paired with unrelated images, critically assess whether the visual content supports the claim. Mismatches between text and image often indicate misleading or fake news.""
}"
/content/FakeNews/assets/content/fakeddit_images/274.jpg,chief judge says he and his colleagues discarded arrest warrants issued over five years for qualityoflife crimes like sleeping on the sidewalk because it made no sense to lock people up for fines they couldnt afford,1,a judge's gavel on a table with books and a gavel,Real,Real,Real,"The image shows a judge's gavel and books, which is consistent with the headline about a judge discussing legal matters. The headline is plausible and not sensational.",Real,No,High,"My initial impression was that the news item is real because the image of a judge's gavel and books aligns with the legal context of the headline. The AI image description accurately describes the image, so the consistency tool's scores are trustworthy. The vision tool detected relevant legal concepts and classified the image as real with moderate confidence. The text tool strongly classified the headline as real with very high confidence, despite a somewhat negative sentiment score reflecting the serious nature of the topic. The consistency tool showed low but positive alignment scores between the headline, caption, and image, which is reasonable given the abstract nature of the headline and the generic image of a gavel. Overall, the forensic tools confirmed my initial intuition that this is benign content and not fake news.","When evaluating news about legal or social issues, check if the image and headline contextually match and avoid being swayed by negative sentiment alone; also verify if the image is a generic stock photo or directly related to the claim.","{
  ""Initial_Impression"": ""Real"",
  ""Initial_Reasoning"": ""The image shows a judge's gavel and books, which is consistent with the headline about a judge discussing legal matters. The headline is plausible and not sensational."",
  ""Final_Decision"": ""Real"",
  ""Did_Decision_Change"": ""No"",
  ""Decision_Confidence"": ""High"",
  ""Explanation"": ""My initial impression was that the news item is real because the image of a judge's gavel and books aligns with the legal context of the headline. The AI image description accurately describes the image, so the consistency tool's scores are trustworthy. The vision tool detected relevant legal concepts and classified the image as real with moderate confidence. The text tool strongly classified the headline as real with very high confidence, despite a somewhat negative sentiment score reflecting the serious nature of the topic. The consistency tool showed low but positive alignment scores between the headline, caption, and image, which is reasonable given the abstract nature of the headline and the generic image of a gavel. Overall, the forensic tools confirmed my initial intuition that this is benign content and not fake news."",
  ""Nudge"": ""When evaluating news about legal or social issues, check if the image and headline contextually match and avoid being swayed by negative sentiment alone; also verify if the image is a generic stock photo or directly related to the claim.""
}"
/content/FakeNews/assets/content/fakeddit_images/146.jpg,this overused scrub daddy,1,a piece of food that looks like a face sitting in a sink,Real,Real,Fake,"The headline 'this overused scrub daddy' suggests a sarcastic or mocking tone, and the image shows an object that looks like a face but is actually a piece of food in a sink, which seems unusual and potentially misleading.",Real,Yes,Medium,"Initially, the headline and the image gave an impression of fake or misleading content because the phrase 'overused scrub daddy' combined with an image of a food item resembling a face seemed suspicious. However, the AI-generated description accurately describes the image as 'a piece of food that looks like a face sitting in a sink,' which matches the visual content. The vision tool classified the image as Real with moderate confidence, detecting concepts related to food items rather than anything fabricated. The text tool also flagged the headline as Real with high confidence and neutral sentiment, indicating no sensationalism. The consistency tool showed low but positive alignment scores between the headline, caption, and image, which is reasonable given the abstract nature of the headline. Overall, the tools confirmed that the content is benign and not malicious fake news, leading to a change in decision from Fake to Real with medium confidence due to the somewhat abstract headline.","When encountering headlines that use sarcastic or informal language, carefully examine the image and verify if the description matches the visual content before assuming the news is fake or misleading.","{
  ""Initial_Impression"": ""Fake"",
  ""Initial_Reasoning"": ""The headline 'this overused scrub daddy' suggests a sarcastic or mocking tone, and the image shows an object that looks like a face but is actually a piece of food in a sink, which seems unusual and potentially misleading."",
  ""Final_Decision"": ""Real"",
  ""Did_Decision_Change"": ""Yes"",
  ""Decision_Confidence"": ""Medium"",
  ""Explanation"": ""Initially, the headline and the image gave an impression of fake or misleading content because the phrase 'overused scrub daddy' combined with an image of a food item resembling a face seemed suspicious. However, the AI-generated description accurately describes the image as 'a piece of food that looks like a face sitting in a sink,' which matches the visual content. The vision tool classified the image as Real with moderate confidence, detecting concepts related to food items rather than anything fabricated. The text tool also flagged the headline as Real with high confidence and neutral sentiment, indicating no sensationalism. The consistency tool showed low but positive alignment scores between the headline, caption, and image, which is reasonable given the abstract nature of the headline. Overall, the tools confirmed that the content is benign and not malicious fake news, leading to a change in decision from Fake to Real with medium confidence due to the somewhat abstract headline."",
  ""Nudge"": ""When encountering headlines that use sarcastic or informal language, carefully examine the image and verify if the description matches the visual content before assuming the news is fake or misleading.""
}"
/content/FakeNews/assets/content/fakeddit_images/145.jpg,did you know theres a talking gorilla,0,a woman is hugging a gorilla in front of a tree,Real,Fake,Fake,"The headline 'did you know theres a talking gorilla' sounds sensational and unlikely, and the image shows a woman hugging a gorilla which does not support the claim of a talking gorilla.",Fake,No,High,"My initial impression was that the news item is fake because the headline makes a sensational claim about a talking gorilla, which is biologically implausible, and the image simply shows a woman hugging a gorilla, which does not substantiate the claim. The AI image description accurately describes the image as 'a woman is hugging a gorilla in front of a tree,' so it is reliable. The vision tool detected the gorilla and related primates and classified the image as Real with moderate confidence, confirming the image is authentic and not manipulated. The text tool flagged the headline as Fake with very high confidence, indicating the claim is likely false or misleading. The sentiment score is neutral, so the headline is not overtly sensational in tone but still misleading. The consistency tool showed low to moderate alignment between the headline and the AI caption (0.41) and between the image and the headline (0.28), indicating weak support for the headline's claim from the image and description. Overall, the forensic tools confirm my initial intuition that the headline is misleading and the news item is fake despite the real image. Therefore, the final decision remains Fake with high confidence.",Be cautious of headlines that make extraordinary claims without clear visual or factual support; always check if the image and text truly align with the claim before believing or sharing.,"{
  ""Initial_Impression"": ""Fake"",
  ""Initial_Reasoning"": ""The headline 'did you know theres a talking gorilla' sounds sensational and unlikely, and the image shows a woman hugging a gorilla which does not support the claim of a talking gorilla."",
  ""Final_Decision"": ""Fake"",
  ""Did_Decision_Change"": ""No"",
  ""Decision_Confidence"": ""High"",
  ""Explanation"": ""My initial impression was that the news item is fake because the headline makes a sensational claim about a talking gorilla, which is biologically implausible, and the image simply shows a woman hugging a gorilla, which does not substantiate the claim. The AI image description accurately describes the image as 'a woman is hugging a gorilla in front of a tree,' so it is reliable. The vision tool detected the gorilla and related primates and classified the image as Real with moderate confidence, confirming the image is authentic and not manipulated. The text tool flagged the headline as Fake with very high confidence, indicating the claim is likely false or misleading. The sentiment score is neutral, so the headline is not overtly sensational in tone but still misleading. The consistency tool showed low to moderate alignment between the headline and the AI caption (0.41) and between the image and the headline (0.28), indicating weak support for the headline's claim from the image and description. Overall, the forensic tools confirm my initial intuition that the headline is misleading and the news item is fake despite the real image. Therefore, the final decision remains Fake with high confidence."",
  ""Nudge"": ""Be cautious of headlines that make extraordinary claims without clear visual or factual support; always check if the image and text truly align with the claim before believing or sharing.""
}"
/content/FakeNews/assets/content/fakeddit_images/204.jpg,lonely bear sitting at picnic table,1,a bear sitting on a picnic table,Real,Real,Real,"The image shows a bear sitting on a picnic table, which matches the headline 'lonely bear sitting at picnic table.' The scene looks natural and plausible without obvious signs of manipulation.",Real,No,High,"My initial impression was that the news item is real because the image visually depicts a bear sitting on a picnic table, consistent with the headline. The AI-generated image description 'a bear sitting on a picnic table' is accurate and reliable. The vision tool detected relevant visual concepts such as 'American black bear' and 'brown bear' and classified the image as Real with moderate confidence. The text tool classified the headline as Real with high confidence and a slightly negative sentiment, indicating a neutral or factual tone rather than sensationalism. The consistency tool showed a high semantic similarity (0.87) between the headline and AI caption, confirming the description's accuracy, and a moderate image-to-text similarity (0.36), which is reasonable given the straightforward content. Overall, the forensic tools confirmed my initial intuition, and there is no evidence of manipulation or misinformation.","When evaluating news with images, always check if the image content logically matches the headline and description. Be cautious of sensational headlines that don't align well with the image or have vague descriptions, as these can be signs of misinformation.","{
  ""Initial_Impression"": ""Real"",
  ""Initial_Reasoning"": ""The image shows a bear sitting on a picnic table, which matches the headline 'lonely bear sitting at picnic table.' The scene looks natural and plausible without obvious signs of manipulation."",
  ""Final_Decision"": ""Real"",
  ""Did_Decision_Change"": ""No"",
  ""Decision_Confidence"": ""High"",
  ""Explanation"": ""My initial impression was that the news item is real because the image visually depicts a bear sitting on a picnic table, consistent with the headline. The AI-generated image description 'a bear sitting on a picnic table' is accurate and reliable. The vision tool detected relevant visual concepts such as 'American black bear' and 'brown bear' and classified the image as Real with moderate confidence. The text tool classified the headline as Real with high confidence and a slightly negative sentiment, indicating a neutral or factual tone rather than sensationalism. The consistency tool showed a high semantic similarity (0.87) between the headline and AI caption, confirming the description's accuracy, and a moderate image-to-text similarity (0.36), which is reasonable given the straightforward content. Overall, the forensic tools confirmed my initial intuition, and there is no evidence of manipulation or misinformation."",
  ""Nudge"": ""When evaluating news with images, always check if the image content logically matches the headline and description. Be cautious of sensational headlines that don't align well with the image or have vague descriptions, as these can be signs of misinformation.""
}"
/content/FakeNews/assets/content/fakeddit_images/27.jpg,christ announces hiring of associate christ,0,jesus and his disciples are shown in a painting,Fake,Fake,Fake,"The headline 'christ announces hiring of associate christ' is unusual and suspicious, and the image described as 'jesus and his disciples are shown in a painting' does not seem to match a realistic news event. The combination suggests a likely fake news item.",Fake,No,High,"My initial impression was that the news item is fake due to the strange and sensational headline and the image content that looks like a classical painting rather than a real news photo. The AI image description was accurate in identifying the image as a painting of Jesus and his disciples, so the consistency tool's scores are somewhat reliable. The vision tool flagged the image as 'Fake' with moderate confidence, likely because it is a painting and not a real photograph. The text tool strongly classified the headline as 'Fake' with very high confidence, and the sentiment score was neutral, indicating no sensationalism but rather an odd claim. The consistency tool showed low similarity scores between the headline and the caption and between the image and the headline, indicating poor alignment. All tools confirm the initial intuition that this is a fake news item. Therefore, the final decision remains 'Fake' with high confidence.","When encountering unusual or sensational headlines, especially those involving religious figures or historical imagery, critically assess whether the image and headline realistically align and consider the source before accepting the claim.","{
  ""Initial_Impression"": ""Fake"",
  ""Initial_Reasoning"": ""The headline 'christ announces hiring of associate christ' is unusual and suspicious, and the image described as 'jesus and his disciples are shown in a painting' does not seem to match a realistic news event. The combination suggests a likely fake news item."",
  ""Final_Decision"": ""Fake"",
  ""Did_Decision_Change"": ""No"",
  ""Decision_Confidence"": ""High"",
  ""Explanation"": ""My initial impression was that the news item is fake due to the strange and sensational headline and the image content that looks like a classical painting rather than a real news photo. The AI image description was accurate in identifying the image as a painting of Jesus and his disciples, so the consistency tool's scores are somewhat reliable. The vision tool flagged the image as 'Fake' with moderate confidence, likely because it is a painting and not a real photograph. The text tool strongly classified the headline as 'Fake' with very high confidence, and the sentiment score was neutral, indicating no sensationalism but rather an odd claim. The consistency tool showed low similarity scores between the headline and the caption and between the image and the headline, indicating poor alignment. All tools confirm the initial intuition that this is a fake news item. Therefore, the final decision remains 'Fake' with high confidence."",
  ""Nudge"": ""When encountering unusual or sensational headlines, especially those involving religious figures or historical imagery, critically assess whether the image and headline realistically align and consider the source before accepting the claim.""
}"
/content/FakeNews/assets/content/fakeddit_images/37.jpg,ive u aint seen nothing yet,0,a poster with a woman's face and eyes,Fake,Fake,Fake,"The headline is informal and grammatically incorrect, which is often a hallmark of fake or misleading content. The image shows a poster with a woman's face and eyes, but the headline's tone and style raise suspicion about the credibility.",Fake,No,High,"My initial impression was that the news item is likely fake due to the informal, grammatically incorrect headline and the vague image of a poster with a woman's face. The AI-generated image description accurately describes the image as a poster with a woman's face and eyes, so the consistency tool's scores are somewhat trustworthy. The vision tool flagged the image as Fake with moderate confidence, detecting concepts like 'television', 'ski mask', and 'mask' which may indicate manipulation or suspicious content. The text tool strongly classified the headline as Fake with high confidence and neutral sentiment, indicating no sensationalism but a likely misleading or false claim. The consistency tool showed low similarity scores between the headline and the caption and between the image and the headline, indicating weak alignment. All forensic tools confirm my initial intuition, so I maintain the classification as Fake with high confidence.","Be cautious of headlines with poor grammar or informal language, especially when paired with vague or unrelated images. Always check if the image and headline logically align and verify the source before trusting such content.","{
  ""Initial_Impression"": ""Fake"",
  ""Initial_Reasoning"": ""The headline is informal and grammatically incorrect, which is often a hallmark of fake or misleading content. The image shows a poster with a woman's face and eyes, but the headline's tone and style raise suspicion about the credibility."",
  ""Final_Decision"": ""Fake"",
  ""Did_Decision_Change"": ""No"",
  ""Decision_Confidence"": ""High"",
  ""Explanation"": ""My initial impression was that the news item is likely fake due to the informal, grammatically incorrect headline and the vague image of a poster with a woman's face. The AI-generated image description accurately describes the image as a poster with a woman's face and eyes, so the consistency tool's scores are somewhat trustworthy. The vision tool flagged the image as Fake with moderate confidence, detecting concepts like 'television', 'ski mask', and 'mask' which may indicate manipulation or suspicious content. The text tool strongly classified the headline as Fake with high confidence and neutral sentiment, indicating no sensationalism but a likely misleading or false claim. The consistency tool showed low similarity scores between the headline and the caption and between the image and the headline, indicating weak alignment. All forensic tools confirm my initial intuition, so I maintain the classification as Fake with high confidence."",
  ""Nudge"": ""Be cautious of headlines with poor grammar or informal language, especially when paired with vague or unrelated images. Always check if the image and headline logically align and verify the source before trusting such content.""
}"
/content/FakeNews/assets/content/fakeddit_images/104.jpg,this crack in the stairs that looks like woody woodpecker,1,a close up of a white wall with some holes,Real,Fake,Real,"The image shows a close-up of a white surface with cracks, which visually aligns with the headline about a crack in the stairs resembling Woody Woodpecker. The headline is quirky but plausible as a benign observation.",Fake,Yes,Medium,"Initially, the image and headline seemed to align well, suggesting a real, benign content about a crack resembling a cartoon character. The AI description was somewhat accurate but vague, describing a white wall with holes, which matches the image but not precisely the stairs or the crack's shape. The vision tool classified the image as Real but with low confidence and detected unrelated concepts like slugs and radiators, indicating some ambiguity. The text tool flagged the headline as Fake with moderate confidence, likely due to the unusual phrasing and the anthropomorphic claim. The consistency tool showed low similarity scores between the headline and the AI caption (0.34) and between the image and headline (0.29), indicating weak alignment. These mixed signals, especially the text tool's fake classification and low consistency scores, suggest the headline is misleading or exaggerated, making the overall news item more likely Fake. Thus, the forensic tools changed my initial impression from Real to Fake with medium confidence due to mixed but leaning evidence.","When encountering quirky or unusual headlines linking images to familiar characters or shapes, critically assess whether the claim is literal or metaphorical, and check for consistency between the image content and the headline's claim to avoid being misled by pareidolia or exaggerated interpretations.","{
  ""Initial_Impression"": ""Real"",
  ""Initial_Reasoning"": ""The image shows a close-up of a white surface with cracks, which visually aligns with the headline about a crack in the stairs resembling Woody Woodpecker. The headline is quirky but plausible as a benign observation."",
  ""Final_Decision"": ""Fake"",
  ""Did_Decision_Change"": ""Yes"",
  ""Decision_Confidence"": ""Medium"",
  ""Explanation"": ""Initially, the image and headline seemed to align well, suggesting a real, benign content about a crack resembling a cartoon character. The AI description was somewhat accurate but vague, describing a white wall with holes, which matches the image but not precisely the stairs or the crack's shape. The vision tool classified the image as Real but with low confidence and detected unrelated concepts like slugs and radiators, indicating some ambiguity. The text tool flagged the headline as Fake with moderate confidence, likely due to the unusual phrasing and the anthropomorphic claim. The consistency tool showed low similarity scores between the headline and the AI caption (0.34) and between the image and headline (0.29), indicating weak alignment. These mixed signals, especially the text tool's fake classification and low consistency scores, suggest the headline is misleading or exaggerated, making the overall news item more likely Fake. Thus, the forensic tools changed my initial impression from Real to Fake with medium confidence due to mixed but leaning evidence."",
  ""Nudge"": ""When encountering quirky or unusual headlines linking images to familiar characters or shapes, critically assess whether the claim is literal or metaphorical, and check for consistency between the image content and the headline's claim to avoid being misled by pareidolia or exaggerated interpretations.""
}"
/content/FakeNews/assets/content/fakeddit_images/290.jpg,czechs realising their fade after anschluss,0,a dog and a cat are sitting together,Real,Fake,Fake,"The headline 'czechs realising their fade after anschluss' suggests a serious historical or political topic, but the image shows a dog and a cat sitting together, which is unrelated and incongruent with the headline, raising suspicion about the news item's authenticity.",Fake,No,High,"My initial impression was that the news item is fake because the headline implies a serious political or historical event, but the image depicts a dog and a cat sitting together, which is unrelated and nonsensical in this context. The AI-generated image description accurately describes the image but is completely unrelated to the headline, confirming the mismatch. The vision tool classified the image as Real with moderate confidence, which is expected since the image itself is genuine, but it does not align with the headline. The text tool flagged the headline as Fake with very high confidence, indicating the headline is likely misleading or fabricated. The consistency tool showed very low semantic similarity between the headline and the AI caption (-0.007), and low cross-modal similarity between the image and the headline (0.222), confirming the content is inconsistent and misleading. Therefore, all forensic tools support my initial intuition that this news item is malicious fake news.",Always check if the image content logically matches the headline; a mismatch often signals misleading or fake news.,"{
  ""Initial_Impression"": ""Fake"",
  ""Initial_Reasoning"": ""The headline 'czechs realising their fade after anschluss' suggests a serious historical or political topic, but the image shows a dog and a cat sitting together, which is unrelated and incongruent with the headline, raising suspicion about the news item's authenticity."",
  ""Final_Decision"": ""Fake"",
  ""Did_Decision_Change"": ""No"",
  ""Decision_Confidence"": ""High"",
  ""Explanation"": ""My initial impression was that the news item is fake because the headline implies a serious political or historical event, but the image depicts a dog and a cat sitting together, which is unrelated and nonsensical in this context. The AI-generated image description accurately describes the image but is completely unrelated to the headline, confirming the mismatch. The vision tool classified the image as Real with moderate confidence, which is expected since the image itself is genuine, but it does not align with the headline. The text tool flagged the headline as Fake with very high confidence, indicating the headline is likely misleading or fabricated. The consistency tool showed very low semantic similarity between the headline and the AI caption (-0.007), and low cross-modal similarity between the image and the headline (0.222), confirming the content is inconsistent and misleading. Therefore, all forensic tools support my initial intuition that this news item is malicious fake news."",
  ""Nudge"": ""Always check if the image content logically matches the headline; a mismatch often signals misleading or fake news.""
}"
/content/FakeNews/assets/content/fakeddit_images/20.jpg,alfred hitchcock angrily squatting in front of a vast ocean,1,a man in black suit kneeling on the beach,Real,Real,Fake,"The headline claims 'alfred hitchcock angrily squatting in front of a vast ocean,' but the image shows a man in a black suit kneeling on a beach with no clear indication it is Alfred Hitchcock or that he is angry. The scene does not strongly match the dramatic tone of the headline.",Real,Yes,Medium,"Initially, I suspected the news item might be fake because the headline is very specific and dramatic, naming Alfred Hitchcock angrily squatting, which seemed unlikely and not clearly supported by the image. The image shows a man in a black suit kneeling on a beach, but it is not obviously Alfred Hitchcock, nor is there a clear expression of anger. The AI description 'a man in black suit kneeling on the beach' is accurate and matches the image well, so the description is reliable. The vision tool classified the image as Real with moderate confidence, detecting relevant visual concepts like seashore and snorkel, which align with a beach setting. The text tool strongly classified the headline as Real with very high confidence, despite a somewhat negative sentiment score indicating a slightly sensational tone. The consistency tool showed low but positive alignment scores between the headline and caption (0.19) and between the image and headline (0.39), indicating some semantic relation but not strong. Overall, the forensic tools suggest the content is likely Real, meaning the image and headline are not fabricated or manipulated, though the headline may be somewhat sensationalized. This evidence led me to change my initial impression to Real with medium confidence due to the moderate alignment scores and the strong text classification. ","When encountering headlines that name famous people in dramatic scenarios, critically assess whether the image clearly supports the claim and be cautious of sensational language that may exaggerate the scene.","{
  ""Initial_Impression"": ""Fake"",
  ""Initial_Reasoning"": ""The headline claims 'alfred hitchcock angrily squatting in front of a vast ocean,' but the image shows a man in a black suit kneeling on a beach with no clear indication it is Alfred Hitchcock or that he is angry. The scene does not strongly match the dramatic tone of the headline."",
  ""Final_Decision"": ""Real"",
  ""Did_Decision_Change"": ""Yes"",
  ""Decision_Confidence"": ""Medium"",
  ""Explanation"": ""Initially, I suspected the news item might be fake because the headline is very specific and dramatic, naming Alfred Hitchcock angrily squatting, which seemed unlikely and not clearly supported by the image. The image shows a man in a black suit kneeling on a beach, but it is not obviously Alfred Hitchcock, nor is there a clear expression of anger. The AI description 'a man in black suit kneeling on the beach' is accurate and matches the image well, so the description is reliable. The vision tool classified the image as Real with moderate confidence, detecting relevant visual concepts like seashore and snorkel, which align with a beach setting. The text tool strongly classified the headline as Real with very high confidence, despite a somewhat negative sentiment score indicating a slightly sensational tone. The consistency tool showed low but positive alignment scores between the headline and caption (0.19) and between the image and headline (0.39), indicating some semantic relation but not strong. Overall, the forensic tools suggest the content is likely Real, meaning the image and headline are not fabricated or manipulated, though the headline may be somewhat sensationalized. This evidence led me to change my initial impression to Real with medium confidence due to the moderate alignment scores and the strong text classification. "",
  ""Nudge"": ""When encountering headlines that name famous people in dramatic scenarios, critically assess whether the image clearly supports the claim and be cautious of sensational language that may exaggerate the scene.""
}"
/content/FakeNews/assets/content/fakeddit_images/117.jpg,the effects of sun bleaching on a year old pamphlet,1,honda city calendar 2019,Real,Real,Fake,"The headline discusses sun bleaching effects on a year-old pamphlet, but the image appears to show a calendar or printed material unrelated to the headline's claim, suggesting a mismatch.",Fake,No,High,"Initially, the headline about sun bleaching on a pamphlet did not seem to match the image, which visually resembles a calendar or printed material unrelated to sun bleaching effects. The AI image description labeled the image as a 'honda city calendar 2019,' which is accurate upon inspection, confirming the image is not of a sun-bleached pamphlet but rather a calendar. The vision tool detected concepts like laptop, printer, and envelope, and classified the image as Real but with low confidence, indicating the image is authentic but the content is unrelated to the headline. The text tool strongly classified the headline as Real, meaning the headline itself is plausible or not flagged as fake. However, the consistency tool showed very low semantic similarity (0.037) between the headline and AI caption and low cross-modal similarity (0.21) between the image and headline, confirming a poor alignment. This mismatch between the headline and image content indicates the news item is misleading or fake in context. Therefore, the final decision remains Fake with high confidence due to the clear inconsistency between the headline and image content.",Always check if the image content directly supports the headline's claim; mismatches often indicate misleading or fake news.,"{
  ""Initial_Impression"": ""Fake"",
  ""Initial_Reasoning"": ""The headline discusses sun bleaching effects on a year-old pamphlet, but the image appears to show a calendar or printed material unrelated to the headline's claim, suggesting a mismatch."",
  ""Final_Decision"": ""Fake"",
  ""Did_Decision_Change"": ""No"",
  ""Decision_Confidence"": ""High"",
  ""Explanation"": ""Initially, the headline about sun bleaching on a pamphlet did not seem to match the image, which visually resembles a calendar or printed material unrelated to sun bleaching effects. The AI image description labeled the image as a 'honda city calendar 2019,' which is accurate upon inspection, confirming the image is not of a sun-bleached pamphlet but rather a calendar. The vision tool detected concepts like laptop, printer, and envelope, and classified the image as Real but with low confidence, indicating the image is authentic but the content is unrelated to the headline. The text tool strongly classified the headline as Real, meaning the headline itself is plausible or not flagged as fake. However, the consistency tool showed very low semantic similarity (0.037) between the headline and AI caption and low cross-modal similarity (0.21) between the image and headline, confirming a poor alignment. This mismatch between the headline and image content indicates the news item is misleading or fake in context. Therefore, the final decision remains Fake with high confidence due to the clear inconsistency between the headline and image content."",
  ""Nudge"": ""Always check if the image content directly supports the headline's claim; mismatches often indicate misleading or fake news.""
}"
/content/FakeNews/assets/content/fakeddit_images/216.jpg,walking boot plant pots,1,a garden with many plants and plants in boots,Real,Real,Real,"The image shows a garden scene with plants growing in boots, which aligns well with the headline 'walking boot plant pots'. The headline is straightforward and not sensational, and the image content appears plausible and consistent with the headline.",Real,No,High,"My initial impression was that the news item is real because the image clearly shows plants growing in boots, which matches the headline 'walking boot plant pots'. The AI-generated description 'a garden with many plants and plants in boots' is accurate and consistent with the image, so the description is reliable. The vision tool detected relevant visual concepts such as 'roof garden' and 'vegetable garden' and classified the image as Real with moderate confidence. The text tool also classified the headline as Real with moderate confidence and found no sensational sentiment. The consistency tool showed moderate semantic similarity between the headline and AI caption (0.57) and some alignment between the image and headline (0.31), supporting the coherence of the content. Overall, the forensic tools confirmed my initial intuition, so I maintain the classification as Real with high confidence.","When evaluating similar content, focus on whether the image clearly supports the headline without exaggeration or mismatch, and be cautious of headlines that are vague or sensational without clear visual evidence.","{
  ""Initial_Impression"": ""Real"",
  ""Initial_Reasoning"": ""The image shows a garden scene with plants growing in boots, which aligns well with the headline 'walking boot plant pots'. The headline is straightforward and not sensational, and the image content appears plausible and consistent with the headline."",
  ""Final_Decision"": ""Real"",
  ""Did_Decision_Change"": ""No"",
  ""Decision_Confidence"": ""High"",
  ""Explanation"": ""My initial impression was that the news item is real because the image clearly shows plants growing in boots, which matches the headline 'walking boot plant pots'. The AI-generated description 'a garden with many plants and plants in boots' is accurate and consistent with the image, so the description is reliable. The vision tool detected relevant visual concepts such as 'roof garden' and 'vegetable garden' and classified the image as Real with moderate confidence. The text tool also classified the headline as Real with moderate confidence and found no sensational sentiment. The consistency tool showed moderate semantic similarity between the headline and AI caption (0.57) and some alignment between the image and headline (0.31), supporting the coherence of the content. Overall, the forensic tools confirmed my initial intuition, so I maintain the classification as Real with high confidence."",
  ""Nudge"": ""When evaluating similar content, focus on whether the image clearly supports the headline without exaggeration or mismatch, and be cautious of headlines that are vague or sensational without clear visual evidence.""
}"
/content/FakeNews/assets/content/fakeddit_images/174.jpg,and then the whole class laugh girl accidentally orders a small child spilling a slushie and remembers word for lamb,0,a screenshot of a text message from a woman to a man,Fake,Fake,Fake,"The headline is incoherent and nonsensical, and the image appears to be a screenshot of a text message, which often is used in misleading or fabricated contexts.",Fake,No,High,"My initial impression was that this news item is fake due to the nonsensical and confusing headline combined with the image of a text message screenshot, which is a common format for fabricated or misleading content. The AI-generated image description was accurate, describing the image as a screenshot of a text message from a woman to a man, which matches what I see. The vision tool flagged the image as fake with moderate confidence, detecting unrelated visual concepts that do not align with the headline or description. The text tool strongly classified the headline as fake with very high confidence and detected a mildly sensational sentiment. The consistency tool showed very low alignment between the headline and the AI caption and between the image and the headline, indicating poor semantic and cross-modal consistency. All forensic tools confirm my initial intuition, so I maintain the classification as fake with high confidence.","When encountering confusing or nonsensical headlines paired with images like text message screenshots, be cautious and check for consistency and credibility before accepting the content as true.","{
  ""Initial_Impression"": ""Fake"",
  ""Initial_Reasoning"": ""The headline is incoherent and nonsensical, and the image appears to be a screenshot of a text message, which often is used in misleading or fabricated contexts."",
  ""Final_Decision"": ""Fake"",
  ""Did_Decision_Change"": ""No"",
  ""Decision_Confidence"": ""High"",
  ""Explanation"": ""My initial impression was that this news item is fake due to the nonsensical and confusing headline combined with the image of a text message screenshot, which is a common format for fabricated or misleading content. The AI-generated image description was accurate, describing the image as a screenshot of a text message from a woman to a man, which matches what I see. The vision tool flagged the image as fake with moderate confidence, detecting unrelated visual concepts that do not align with the headline or description. The text tool strongly classified the headline as fake with very high confidence and detected a mildly sensational sentiment. The consistency tool showed very low alignment between the headline and the AI caption and between the image and the headline, indicating poor semantic and cross-modal consistency. All forensic tools confirm my initial intuition, so I maintain the classification as fake with high confidence."",
  ""Nudge"": ""When encountering confusing or nonsensical headlines paired with images like text message screenshots, be cautious and check for consistency and credibility before accepting the content as true.""
}"
/content/FakeNews/assets/content/fakeddit_images/228.jpg,marxists,0,united workers are never defected,Real,Fake,Fake,"The headline 'marxists' is very vague and potentially sensational without context, and the image appears to show a book or pamphlet which could be used to spread ideological content. The combination feels suspicious and likely to be misleading or fake news.",Fake,No,High,"My initial impression was that the content is likely fake due to the vague and potentially provocative headline 'marxists' paired with an image that looks like a book or pamphlet, which could be used to spread ideological misinformation. The AI-generated image description 'united workers are never defected' is somewhat vague and does not clearly describe the image, making it less reliable for consistency checks. The vision tool classified the image as Real but with low confidence (about 0.5), indicating no strong evidence of manipulation. However, the text tool strongly flagged the headline as Fake with high confidence (0.93), suggesting the headline is likely misleading or part of fake news. The consistency tool showed low similarity scores between the headline and the AI caption (0.24) and between the image and the headline (0.24), indicating weak alignment and possible mismatch between the elements. Taken together, the strong fake classification of the headline and poor consistency support the conclusion that this is malicious fake news. The tools confirmed my initial intuition, so my decision did not change.","When encountering vague or provocative headlines with minimal context, especially ideological terms, critically assess whether the accompanying image and text align meaningfully. Use multiple sources to verify claims rather than relying on isolated headlines or images.","{
  ""Initial_Impression"": ""Fake"",
  ""Initial_Reasoning"": ""The headline 'marxists' is very vague and potentially sensational without context, and the image appears to show a book or pamphlet which could be used to spread ideological content. The combination feels suspicious and likely to be misleading or fake news."",
  ""Final_Decision"": ""Fake"",
  ""Did_Decision_Change"": ""No"",
  ""Decision_Confidence"": ""High"",
  ""Explanation"": ""My initial impression was that the content is likely fake due to the vague and potentially provocative headline 'marxists' paired with an image that looks like a book or pamphlet, which could be used to spread ideological misinformation. The AI-generated image description 'united workers are never defected' is somewhat vague and does not clearly describe the image, making it less reliable for consistency checks. The vision tool classified the image as Real but with low confidence (about 0.5), indicating no strong evidence of manipulation. However, the text tool strongly flagged the headline as Fake with high confidence (0.93), suggesting the headline is likely misleading or part of fake news. The consistency tool showed low similarity scores between the headline and the AI caption (0.24) and between the image and the headline (0.24), indicating weak alignment and possible mismatch between the elements. Taken together, the strong fake classification of the headline and poor consistency support the conclusion that this is malicious fake news. The tools confirmed my initial intuition, so my decision did not change."",
  ""Nudge"": ""When encountering vague or provocative headlines with minimal context, especially ideological terms, critically assess whether the accompanying image and text align meaningfully. Use multiple sources to verify claims rather than relying on isolated headlines or images.""
}"
/content/FakeNews/assets/content/fakeddit_images/187.jpg,stop jumping from windows into snow boston mayor says,1,a snow shovel is buried in the snow,Real,Real,Fake,"The headline 'stop jumping from windows into snow boston mayor says' sounds sensational and unusual, and the image shows a snow shovel buried in snow, which does not visually support the claim about jumping from windows.",Real,Yes,Medium,"Initially, the headline seemed sensational and the image of a snow shovel buried in snow did not clearly support the claim, leading to suspicion of fake news. The AI-generated description was accurate and reliable, describing the snow shovel in the snow as seen in the image. The vision tool detected relevant winter-related concepts and classified the image as Real with moderate confidence. The text tool strongly classified the headline as Real with very high confidence and a slightly negative sentiment, indicating a serious tone rather than sensationalism. The consistency tool showed low but positive alignment scores between the headline, caption, and image, suggesting some thematic connection though not strong. Overall, the forensic tools indicate the content is likely Real, possibly a genuine advisory from the Boston mayor about a local winter safety issue. The tools changed my mind from Fake to Real, but the moderate confidence reflects some ambiguity due to the weak direct visual support for the headline claim.","When encountering unusual or sensational headlines, always check if the accompanying image directly supports the claim and use multiple tools or sources to verify alignment and credibility before concluding.","{
  ""Initial_Impression"": ""Fake"",
  ""Initial_Reasoning"": ""The headline 'stop jumping from windows into snow boston mayor says' sounds sensational and unusual, and the image shows a snow shovel buried in snow, which does not visually support the claim about jumping from windows."",
  ""Final_Decision"": ""Real"",
  ""Did_Decision_Change"": ""Yes"",
  ""Decision_Confidence"": ""Medium"",
  ""Explanation"": ""Initially, the headline seemed sensational and the image of a snow shovel buried in snow did not clearly support the claim, leading to suspicion of fake news. The AI-generated description was accurate and reliable, describing the snow shovel in the snow as seen in the image. The vision tool detected relevant winter-related concepts and classified the image as Real with moderate confidence. The text tool strongly classified the headline as Real with very high confidence and a slightly negative sentiment, indicating a serious tone rather than sensationalism. The consistency tool showed low but positive alignment scores between the headline, caption, and image, suggesting some thematic connection though not strong. Overall, the forensic tools indicate the content is likely Real, possibly a genuine advisory from the Boston mayor about a local winter safety issue. The tools changed my mind from Fake to Real, but the moderate confidence reflects some ambiguity due to the weak direct visual support for the headline claim."",
  ""Nudge"": ""When encountering unusual or sensational headlines, always check if the accompanying image directly supports the claim and use multiple tools or sources to verify alignment and credibility before concluding.""
}"
/content/FakeNews/assets/content/fakeddit_images/238.jpg,british nurse and ebola survivor talks about his return to sierra leone what courage looks like today,1,a man in glasses is talking to the camera,Real,Real,Real,"The image shows a man wearing glasses talking to the camera, which fits the headline about a British nurse and Ebola survivor discussing his return to Sierra Leone. The headline is serious and respectful, not sensationalized.",Real,No,High,"My initial impression was that the news item is real because the image and headline appear consistent and plausible. The AI image description accurately describes the image as 'a man in glasses is talking to the camera,' which matches what I see. The vision tool classified the image as Real with moderate confidence, and the detected visual concepts, although somewhat generic, do not indicate manipulation. The text tool strongly classified the headline as Real with very high confidence and a positive but not sensational sentiment score. The consistency tool showed low but positive alignment scores between the headline, caption, and image, which is reasonable given the straightforward nature of the content. Overall, the forensic tools confirmed my initial intuition, so I maintain the classification as Real with high confidence.","When evaluating news items, pay close attention to whether the image content and headline logically align and avoid being swayed by vague or sensational language. Use multiple verification methods to confirm authenticity before accepting a story as true.","{
  ""Initial_Impression"": ""Real"",
  ""Initial_Reasoning"": ""The image shows a man wearing glasses talking to the camera, which fits the headline about a British nurse and Ebola survivor discussing his return to Sierra Leone. The headline is serious and respectful, not sensationalized."",
  ""Final_Decision"": ""Real"",
  ""Did_Decision_Change"": ""No"",
  ""Decision_Confidence"": ""High"",
  ""Explanation"": ""My initial impression was that the news item is real because the image and headline appear consistent and plausible. The AI image description accurately describes the image as 'a man in glasses is talking to the camera,' which matches what I see. The vision tool classified the image as Real with moderate confidence, and the detected visual concepts, although somewhat generic, do not indicate manipulation. The text tool strongly classified the headline as Real with very high confidence and a positive but not sensational sentiment score. The consistency tool showed low but positive alignment scores between the headline, caption, and image, which is reasonable given the straightforward nature of the content. Overall, the forensic tools confirmed my initial intuition, so I maintain the classification as Real with high confidence."",
  ""Nudge"": ""When evaluating news items, pay close attention to whether the image content and headline logically align and avoid being swayed by vague or sensational language. Use multiple verification methods to confirm authenticity before accepting a story as true.""
}"
/content/FakeNews/assets/content/fakeddit_images/215.jpg,donald trump reading the tweets about him at am,0,a man reading a newspaper in a room,Real,Fake,Fake,"The image shows a man reading a newspaper in a room that looks like a child's room with a bassinet and teddy bear, which does not align with the headline about Donald Trump reading tweets about him. The headline is informal and vague, making it suspicious.",Fake,No,High,"My initial impression was that the news item is fake because the image and headline do not seem to match. The image depicts a man reading a newspaper in a room with baby-related items, which does not correspond to the headline about Donald Trump reading tweets. The AI-generated description is accurate but very generic and does not mention Donald Trump or tweets, so it is not very helpful for verification. The vision tool classified the image as Real but with low confidence and detected concepts related to a child's room, which contradicts the headline. The text tool strongly flagged the headline as Fake with high confidence, likely due to its informal and unclear wording. The consistency tool showed low similarity scores between the headline and the AI caption (0.33) and between the image and the headline (0.22), indicating poor alignment. All forensic tools confirm the initial intuition that this is a fake news item. Therefore, the final decision remains Fake with high confidence.",Always check if the image content logically matches the headline and look out for vague or informal headlines that lack clear context or details.,"{
  ""Initial_Impression"": ""Fake"",
  ""Initial_Reasoning"": ""The image shows a man reading a newspaper in a room that looks like a child's room with a bassinet and teddy bear, which does not align with the headline about Donald Trump reading tweets about him. The headline is informal and vague, making it suspicious."",
  ""Final_Decision"": ""Fake"",
  ""Did_Decision_Change"": ""No"",
  ""Decision_Confidence"": ""High"",
  ""Explanation"": ""My initial impression was that the news item is fake because the image and headline do not seem to match. The image depicts a man reading a newspaper in a room with baby-related items, which does not correspond to the headline about Donald Trump reading tweets. The AI-generated description is accurate but very generic and does not mention Donald Trump or tweets, so it is not very helpful for verification. The vision tool classified the image as Real but with low confidence and detected concepts related to a child's room, which contradicts the headline. The text tool strongly flagged the headline as Fake with high confidence, likely due to its informal and unclear wording. The consistency tool showed low similarity scores between the headline and the AI caption (0.33) and between the image and the headline (0.22), indicating poor alignment. All forensic tools confirm the initial intuition that this is a fake news item. Therefore, the final decision remains Fake with high confidence."",
  ""Nudge"": ""Always check if the image content logically matches the headline and look out for vague or informal headlines that lack clear context or details.""
}"
/content/FakeNews/assets/content/fakeddit_images/73.jpg,this kid and a mackerel,1,a young boy holding a fish on a boat,Fake,Real,Real,"The image shows a young boy holding a fish on a boat, which matches the headline 'this kid and a mackerel' in a straightforward and plausible way. There is nothing visually suspicious or sensational in the image or headline.",Real,No,Medium,"My initial impression was that the news item is real because the image and headline depict a simple, believable scene of a boy holding a fish, consistent with the headline. The AI-generated description 'a young boy holding a fish on a boat' is accurate and matches the image well, so the consistency tool's scores are trustworthy. The vision tool flagged the image as 'Fake' but with very low confidence (about 0.5), indicating uncertainty and no strong evidence of manipulation. The text tool strongly classified the headline as 'Real' with high confidence (0.99) and neutral sentiment, showing no sensationalism or fake-news indicators. The consistency tool showed moderate alignment between the headline and caption (0.41) and between the image and headline (0.30), which is reasonable given the simple content. Overall, the forensic tools support the initial intuition that this is benign content, though the vision tool's borderline fake flag lowers confidence slightly. Therefore, I conclude the news item is real with medium confidence.","When evaluating news with images and simple headlines, check if the image content clearly matches the headline and description without exaggeration or manipulation. Be cautious if automated tools flag images as fake but with low confidence—always consider the full context and multiple signals before deciding.","{
  ""Initial_Impression"": ""Real"",
  ""Initial_Reasoning"": ""The image shows a young boy holding a fish on a boat, which matches the headline 'this kid and a mackerel' in a straightforward and plausible way. There is nothing visually suspicious or sensational in the image or headline."",
  ""Final_Decision"": ""Real"",
  ""Did_Decision_Change"": ""No"",
  ""Decision_Confidence"": ""Medium"",
  ""Explanation"": ""My initial impression was that the news item is real because the image and headline depict a simple, believable scene of a boy holding a fish, consistent with the headline. The AI-generated description 'a young boy holding a fish on a boat' is accurate and matches the image well, so the consistency tool's scores are trustworthy. The vision tool flagged the image as 'Fake' but with very low confidence (about 0.5), indicating uncertainty and no strong evidence of manipulation. The text tool strongly classified the headline as 'Real' with high confidence (0.99) and neutral sentiment, showing no sensationalism or fake-news indicators. The consistency tool showed moderate alignment between the headline and caption (0.41) and between the image and headline (0.30), which is reasonable given the simple content. Overall, the forensic tools support the initial intuition that this is benign content, though the vision tool's borderline fake flag lowers confidence slightly. Therefore, I conclude the news item is real with medium confidence."",
  ""Nudge"": ""When evaluating news with images and simple headlines, check if the image content clearly matches the headline and description without exaggeration or manipulation. Be cautious if automated tools flag images as fake but with low confidence—always consider the full context and multiple signals before deciding.""
}"
/content/FakeNews/assets/content/fakeddit_images/259.jpg,redditor is fed up with my son,0,a man is using a snow shovel to clear the snow,Real,Fake,Fake,"The headline 'redditor is fed up with my son' seems vague and unrelated to the image of a man shoveling snow, suggesting a mismatch and potential misleading content.",Fake,No,High,"My initial impression was that the news item is likely fake because the headline about a 'redditor' being fed up with someone's son does not visually or contextually relate to the image of a man shoveling snow. The AI-generated image description accurately describes the image, so the consistency tool's scores are trustworthy. The vision tool classified the image as Real but with low confidence, detecting relevant concepts like 'shovel' and 'snowplow' that match the image. However, the text tool strongly flagged the headline as Fake with high confidence, indicating the headline is likely misleading or fabricated. The consistency tool showed very low similarity scores between the headline and the caption (0.096) and between the image and the headline (0.187), confirming a poor alignment between the elements. This evidence supports my initial intuition that the content is misleading or fake. Therefore, I maintain the final decision as Fake with high confidence.",Always check if the headline meaningfully relates to the image content; mismatches often indicate misleading or fake news.,"{
  ""Initial_Impression"": ""Fake"",
  ""Initial_Reasoning"": ""The headline 'redditor is fed up with my son' seems vague and unrelated to the image of a man shoveling snow, suggesting a mismatch and potential misleading content."",
  ""Final_Decision"": ""Fake"",
  ""Did_Decision_Change"": ""No"",
  ""Decision_Confidence"": ""High"",
  ""Explanation"": ""My initial impression was that the news item is likely fake because the headline about a 'redditor' being fed up with someone's son does not visually or contextually relate to the image of a man shoveling snow. The AI-generated image description accurately describes the image, so the consistency tool's scores are trustworthy. The vision tool classified the image as Real but with low confidence, detecting relevant concepts like 'shovel' and 'snowplow' that match the image. However, the text tool strongly flagged the headline as Fake with high confidence, indicating the headline is likely misleading or fabricated. The consistency tool showed very low similarity scores between the headline and the caption (0.096) and between the image and the headline (0.187), confirming a poor alignment between the elements. This evidence supports my initial intuition that the content is misleading or fake. Therefore, I maintain the final decision as Fake with high confidence."",
  ""Nudge"": ""Always check if the headline meaningfully relates to the image content; mismatches often indicate misleading or fake news.""
}"
/content/FakeNews/assets/content/fakeddit_images/130.jpg,people of nagasaki th after usa nuking them colorised,0,a lego turkey with a hat and a backpack,Real,Fake,Fake,"The headline claims a historical event with a colorized photo of Nagasaki after the US nuclear attack, but the image description mentions a 'lego turkey with a hat and a backpack,' which visually seems unrelated and suspicious.",Fake,No,High,"Initially, the headline and image seemed inconsistent because the headline references a serious historical event, while the image description is about a lego turkey, which is clearly unrelated. Upon checking the AI description, it was found to be inaccurate and irrelevant to the image content, making it unreliable for consistency checks. The vision tool detected unrelated visual concepts and only weakly classified the image as Real with low confidence, indicating ambiguity but no strong evidence supporting the headline. The text tool strongly flagged the headline as Fake with very high confidence, likely due to sensationalism and poor phrasing. The consistency tool showed very low semantic similarity between the headline and AI caption and only weak alignment between the image and headline, confirming the mismatch. All forensic tools support the initial intuition that this news item is Fake. Therefore, the final decision remains Fake with high confidence.","Always cross-check if the image content matches the headline and be wary of sensational or poorly phrased headlines, especially when the image description or content seems unrelated or trivial compared to the claim.","{
  ""Initial_Impression"": ""Fake"",
  ""Initial_Reasoning"": ""The headline claims a historical event with a colorized photo of Nagasaki after the US nuclear attack, but the image description mentions a 'lego turkey with a hat and a backpack,' which visually seems unrelated and suspicious."",
  ""Final_Decision"": ""Fake"",
  ""Did_Decision_Change"": ""No"",
  ""Decision_Confidence"": ""High"",
  ""Explanation"": ""Initially, the headline and image seemed inconsistent because the headline references a serious historical event, while the image description is about a lego turkey, which is clearly unrelated. Upon checking the AI description, it was found to be inaccurate and irrelevant to the image content, making it unreliable for consistency checks. The vision tool detected unrelated visual concepts and only weakly classified the image as Real with low confidence, indicating ambiguity but no strong evidence supporting the headline. The text tool strongly flagged the headline as Fake with very high confidence, likely due to sensationalism and poor phrasing. The consistency tool showed very low semantic similarity between the headline and AI caption and only weak alignment between the image and headline, confirming the mismatch. All forensic tools support the initial intuition that this news item is Fake. Therefore, the final decision remains Fake with high confidence."",
  ""Nudge"": ""Always cross-check if the image content matches the headline and be wary of sensational or poorly phrased headlines, especially when the image description or content seems unrelated or trivial compared to the claim.""
}"
/content/FakeNews/assets/content/fakeddit_images/120.jpg,ripped looking cat,1,a white cat standing on the counter in a bathroom,Real,Real,Fake,"The headline 'ripped looking cat' suggests a muscular or unusually fit cat, but the image shows a normal white cat standing on a bathroom counter without any visible 'ripped' features, creating a mismatch between the claim and the visual evidence.",Real,Yes,Medium,"Initially, the headline led me to expect a cat with a muscular or 'ripped' appearance, which the image did not visually confirm, suggesting a possible fake or misleading claim. The AI description accurately described the image as 'a white cat standing on the counter in a bathroom,' which matches the visual content well, so the description is reliable. The vision tool detected relevant visual concepts consistent with the image and classified it as Real with moderate confidence. The text tool strongly classified the headline as Real with high confidence and neutral sentiment, indicating the headline is not sensational or fabricated. The consistency tool showed low but positive alignment scores between the headline, caption, and image, indicating some semantic relation but not strong. Given the tools' strong indication that the headline and image are not fabricated or manipulated, and the headline is not overtly false or sensational, I revised my initial impression to Real. The headline might be a casual or humorous description rather than a factual claim about the cat's physique. Overall, the evidence supports the content as benign and not malicious fake news, though the headline is somewhat misleading or vague.","When encountering headlines that seem exaggerated or mismatched with images, consider whether the headline is meant humorously or casually rather than literally, and always verify with multiple tools or sources before concluding it is fake news.","{
  ""Initial_Impression"": ""Fake"",
  ""Initial_Reasoning"": ""The headline 'ripped looking cat' suggests a muscular or unusually fit cat, but the image shows a normal white cat standing on a bathroom counter without any visible 'ripped' features, creating a mismatch between the claim and the visual evidence."",
  ""Final_Decision"": ""Real"",
  ""Did_Decision_Change"": ""Yes"",
  ""Decision_Confidence"": ""Medium"",
  ""Explanation"": ""Initially, the headline led me to expect a cat with a muscular or 'ripped' appearance, which the image did not visually confirm, suggesting a possible fake or misleading claim. The AI description accurately described the image as 'a white cat standing on the counter in a bathroom,' which matches the visual content well, so the description is reliable. The vision tool detected relevant visual concepts consistent with the image and classified it as Real with moderate confidence. The text tool strongly classified the headline as Real with high confidence and neutral sentiment, indicating the headline is not sensational or fabricated. The consistency tool showed low but positive alignment scores between the headline, caption, and image, indicating some semantic relation but not strong. Given the tools' strong indication that the headline and image are not fabricated or manipulated, and the headline is not overtly false or sensational, I revised my initial impression to Real. The headline might be a casual or humorous description rather than a factual claim about the cat's physique. Overall, the evidence supports the content as benign and not malicious fake news, though the headline is somewhat misleading or vague."",
  ""Nudge"": ""When encountering headlines that seem exaggerated or mismatched with images, consider whether the headline is meant humorously or casually rather than literally, and always verify with multiple tools or sources before concluding it is fake news.""
}"
/content/FakeNews/assets/content/fakeddit_images/86.jpg,cardboard cutout of most interesting man fails as carpoollane ruse,1,a man in a car with a man in the back seat,Real,Real,Real,"The image shows a man in a car with another figure in the back seat, which visually aligns with the headline about a cardboard cutout failing as a carpool lane ruse. The headline is plausible and not overly sensational.",Real,No,High,"My initial impression was that the news item is real because the image clearly shows a man in a car with a figure in the back seat, consistent with the headline about a cardboard cutout used unsuccessfully in a carpool lane. The AI-generated image description 'a man in a car with a man in the back seat' is accurate and reliable, supporting the consistency tool's use. The vision tool detected relevant visual concepts and classified the image as real with moderate confidence. The text tool strongly classified the headline as real with very high confidence and showed a neutral sentiment score, indicating no sensationalism. The consistency tool showed moderate alignment between the headline and the AI caption and between the image and the headline, which is reasonable given the straightforward content. Overall, the forensic tools confirmed my initial intuition, so I maintain the classification as real with high confidence.","When evaluating similar news items, pay close attention to whether the image content logically supports the headline and watch for overly sensational language in the headline that might indicate fake news.","{
  ""Initial_Impression"": ""Real"",
  ""Initial_Reasoning"": ""The image shows a man in a car with another figure in the back seat, which visually aligns with the headline about a cardboard cutout failing as a carpool lane ruse. The headline is plausible and not overly sensational."",
  ""Final_Decision"": ""Real"",
  ""Did_Decision_Change"": ""No"",
  ""Decision_Confidence"": ""High"",
  ""Explanation"": ""My initial impression was that the news item is real because the image clearly shows a man in a car with a figure in the back seat, consistent with the headline about a cardboard cutout used unsuccessfully in a carpool lane. The AI-generated image description 'a man in a car with a man in the back seat' is accurate and reliable, supporting the consistency tool's use. The vision tool detected relevant visual concepts and classified the image as real with moderate confidence. The text tool strongly classified the headline as real with very high confidence and showed a neutral sentiment score, indicating no sensationalism. The consistency tool showed moderate alignment between the headline and the AI caption and between the image and the headline, which is reasonable given the straightforward content. Overall, the forensic tools confirmed my initial intuition, so I maintain the classification as real with high confidence."",
  ""Nudge"": ""When evaluating similar news items, pay close attention to whether the image content logically supports the headline and watch for overly sensational language in the headline that might indicate fake news.""
}"
/content/FakeNews/assets/content/fakeddit_images/262.jpg,this black horse,1,a horse is jumping in the air on a black background,Fake,Real,Fake,"The headline 'this black horse' is vague and the image appears to show a dark, unclear shape that does not clearly resemble a horse, raising suspicion about the authenticity or relevance of the content.",Fake,No,Medium,"Initially, the image looked suspicious because it did not clearly depict a horse as the headline suggested, and the headline itself was vague and uninformative. The AI-generated description stating 'a horse is jumping in the air on a black background' was somewhat accurate but not fully convincing due to the image's unclear content. The vision tool detected concepts unrelated to horses (like scorpion and primates) and flagged the image as Fake with moderate confidence (about 50%). The text tool classified the headline as Real but with low confidence and neutral sentiment, indicating no sensationalism but also no strong credibility. The consistency tool showed moderate semantic similarity between the headline and AI caption (0.62) but low cross-modal similarity between the image and headline (0.24), suggesting the image does not strongly support the headline. Overall, the forensic tools confirmed the initial suspicion that the image and headline do not align well and the image is likely manipulated or misleading. Therefore, the final decision remains Fake with medium confidence due to some ambiguity in the tools' outputs.","When encountering vague headlines paired with unclear or ambiguous images, critically assess whether the visual content truly supports the claim. Look for clear, direct evidence in the image that matches the headline before accepting the news as credible.","{
  ""Initial_Impression"": ""Fake"",
  ""Initial_Reasoning"": ""The headline 'this black horse' is vague and the image appears to show a dark, unclear shape that does not clearly resemble a horse, raising suspicion about the authenticity or relevance of the content."",
  ""Final_Decision"": ""Fake"",
  ""Did_Decision_Change"": ""No"",
  ""Decision_Confidence"": ""Medium"",
  ""Explanation"": ""Initially, the image looked suspicious because it did not clearly depict a horse as the headline suggested, and the headline itself was vague and uninformative. The AI-generated description stating 'a horse is jumping in the air on a black background' was somewhat accurate but not fully convincing due to the image's unclear content. The vision tool detected concepts unrelated to horses (like scorpion and primates) and flagged the image as Fake with moderate confidence (about 50%). The text tool classified the headline as Real but with low confidence and neutral sentiment, indicating no sensationalism but also no strong credibility. The consistency tool showed moderate semantic similarity between the headline and AI caption (0.62) but low cross-modal similarity between the image and headline (0.24), suggesting the image does not strongly support the headline. Overall, the forensic tools confirmed the initial suspicion that the image and headline do not align well and the image is likely manipulated or misleading. Therefore, the final decision remains Fake with medium confidence due to some ambiguity in the tools' outputs."",
  ""Nudge"": ""When encountering vague headlines paired with unclear or ambiguous images, critically assess whether the visual content truly supports the claim. Look for clear, direct evidence in the image that matches the headline before accepting the news as credible.""
}"
/content/FakeNews/assets/content/fakeddit_images/161.jpg,cranberry harvester in plymouth ma,1,a tractor is harvesting cranberries in a field,Real,Real,Real,"The image shows a field with a large machine that looks like a harvester or tractor, consistent with the headline about a cranberry harvester in Plymouth, MA. The headline is straightforward and factual without sensationalism.",Real,No,High,"My initial impression was that the news item is real because the image visually matches the headline about a cranberry harvester. The AI image description accurately describes the scene as a tractor harvesting cranberries in a field, which aligns well with the image. The vision tool detected relevant concepts such as 'harvester' and 'tractor' and classified the image as Real with moderate confidence. The text tool also classified the headline as Real with a reasonable confidence score and no sensational sentiment. The consistency tool showed moderate alignment between the headline and AI caption (0.55) and between the image and headline (0.36), supporting the coherence of the content. Overall, the forensic tools confirmed my initial intuition, and there is no evidence of manipulation or misinformation.","When evaluating similar content, pay close attention to whether the image and headline logically correspond and avoid jumping to conclusions based on vague or sensational headlines without visual or factual support.","{
  ""Initial_Impression"": ""Real"",
  ""Initial_Reasoning"": ""The image shows a field with a large machine that looks like a harvester or tractor, consistent with the headline about a cranberry harvester in Plymouth, MA. The headline is straightforward and factual without sensationalism."",
  ""Final_Decision"": ""Real"",
  ""Did_Decision_Change"": ""No"",
  ""Decision_Confidence"": ""High"",
  ""Explanation"": ""My initial impression was that the news item is real because the image visually matches the headline about a cranberry harvester. The AI image description accurately describes the scene as a tractor harvesting cranberries in a field, which aligns well with the image. The vision tool detected relevant concepts such as 'harvester' and 'tractor' and classified the image as Real with moderate confidence. The text tool also classified the headline as Real with a reasonable confidence score and no sensational sentiment. The consistency tool showed moderate alignment between the headline and AI caption (0.55) and between the image and headline (0.36), supporting the coherence of the content. Overall, the forensic tools confirmed my initial intuition, and there is no evidence of manipulation or misinformation."",
  ""Nudge"": ""When evaluating similar content, pay close attention to whether the image and headline logically correspond and avoid jumping to conclusions based on vague or sensational headlines without visual or factual support.""
}"
/content/FakeNews/assets/content/fakeddit_images/67.jpg,the post office kept returning packages mailed in beer boxes so i had to get creative,1,laurelwood robotics team,Real,Real,Fake,"The headline about packages mailed in beer boxes being returned and needing creativity seems unusual and potentially humorous or exaggerated. The image does not visually support the headline, as it shows a wooden rabbit or lumbermill-related scene, which is unrelated to the claim.",Real,Yes,Medium,"Initially, the headline and image seemed mismatched and the story sounded like a humorous or exaggerated anecdote, leading to an initial impression of fake news. The AI image description 'laurelwood robotics team' was not accurate or relevant to the image, which shows a wooden rabbit or lumbermill scene, so the description is unreliable. The vision tool classified the image as Real with moderate confidence, detecting concepts related to wood and hardware, which aligns with the image content. The text tool strongly classified the headline as Real with very high confidence and a positive sentiment score, indicating the headline is likely genuine and not sensationalized. The consistency tool showed very low semantic similarity between the headline and AI caption (0.03), confirming the AI description is not reliable, but the image-to-text similarity was low but positive (0.26), suggesting some loose alignment with the headline's theme of packages and boxes (wood-related). Overall, the forensic tools indicate the headline is likely real despite the odd mismatch with the AI caption and the image content. Therefore, I changed my decision to Real with medium confidence due to the mixed but mostly supportive evidence from the tools.","When encountering unusual or humorous headlines paired with unrelated images or vague AI descriptions, focus on verifying the headline's credibility independently and be cautious about relying on AI-generated captions, which can be inaccurate or misleading.","{
  ""Initial_Impression"": ""Fake"",
  ""Initial_Reasoning"": ""The headline about packages mailed in beer boxes being returned and needing creativity seems unusual and potentially humorous or exaggerated. The image does not visually support the headline, as it shows a wooden rabbit or lumbermill-related scene, which is unrelated to the claim."",
  ""Final_Decision"": ""Real"",
  ""Did_Decision_Change"": ""Yes"",
  ""Decision_Confidence"": ""Medium"",
  ""Explanation"": ""Initially, the headline and image seemed mismatched and the story sounded like a humorous or exaggerated anecdote, leading to an initial impression of fake news. The AI image description 'laurelwood robotics team' was not accurate or relevant to the image, which shows a wooden rabbit or lumbermill scene, so the description is unreliable. The vision tool classified the image as Real with moderate confidence, detecting concepts related to wood and hardware, which aligns with the image content. The text tool strongly classified the headline as Real with very high confidence and a positive sentiment score, indicating the headline is likely genuine and not sensationalized. The consistency tool showed very low semantic similarity between the headline and AI caption (0.03), confirming the AI description is not reliable, but the image-to-text similarity was low but positive (0.26), suggesting some loose alignment with the headline's theme of packages and boxes (wood-related). Overall, the forensic tools indicate the headline is likely real despite the odd mismatch with the AI caption and the image content. Therefore, I changed my decision to Real with medium confidence due to the mixed but mostly supportive evidence from the tools."",
  ""Nudge"": ""When encountering unusual or humorous headlines paired with unrelated images or vague AI descriptions, focus on verifying the headline's credibility independently and be cautious about relying on AI-generated captions, which can be inaccurate or misleading.""
}"
/content/FakeNews/assets/content/fakeddit_images/212.jpg,wheeeeeee tail end of a jet,0,the tail of a jet airplane on a foggy day,Real,Fake,Real,"The image visually appears to show the tail end of a jet airplane on a foggy day, which aligns with the headline and seems plausible at first glance.",Fake,Yes,Medium,"Initially, the image and headline seemed consistent and realistic, showing what looks like the tail of a jet on a foggy day. The AI description was accurate and matched the image well, so the description was reliable. However, forensic tools revealed important contradictions: the vision tool classified the image as Real but with low confidence (about 0.5), indicating uncertainty. The text tool flagged the headline as Fake with very high confidence (0.97), suggesting the headline is likely misleading or fabricated. The consistency tool showed moderate semantic similarity between the headline and AI caption (0.62), but very low cross-modal similarity between the image and headline (0.27), indicating the image and headline do not strongly align. The headline's informal and exaggerated tone ('wheeeeeee') also suggests sensationalism. Taken together, these forensic signals outweigh the initial visual impression, leading to a final classification of Fake news with medium confidence due to some ambiguity in the image classification.","When evaluating news items, pay close attention to the tone and specificity of headlines—sensational or vague language often signals misinformation. Also, cross-check if the image content truly matches the headline's claim rather than relying on surface plausibility.","{
  ""Initial_Impression"": ""Real"",
  ""Initial_Reasoning"": ""The image visually appears to show the tail end of a jet airplane on a foggy day, which aligns with the headline and seems plausible at first glance."",
  ""Final_Decision"": ""Fake"",
  ""Did_Decision_Change"": ""Yes"",
  ""Decision_Confidence"": ""Medium"",
  ""Explanation"": ""Initially, the image and headline seemed consistent and realistic, showing what looks like the tail of a jet on a foggy day. The AI description was accurate and matched the image well, so the description was reliable. However, forensic tools revealed important contradictions: the vision tool classified the image as Real but with low confidence (about 0.5), indicating uncertainty. The text tool flagged the headline as Fake with very high confidence (0.97), suggesting the headline is likely misleading or fabricated. The consistency tool showed moderate semantic similarity between the headline and AI caption (0.62), but very low cross-modal similarity between the image and headline (0.27), indicating the image and headline do not strongly align. The headline's informal and exaggerated tone ('wheeeeeee') also suggests sensationalism. Taken together, these forensic signals outweigh the initial visual impression, leading to a final classification of Fake news with medium confidence due to some ambiguity in the image classification."",
  ""Nudge"": ""When evaluating news items, pay close attention to the tone and specificity of headlines—sensational or vague language often signals misinformation. Also, cross-check if the image content truly matches the headline's claim rather than relying on surface plausibility.""
}"
/content/FakeNews/assets/content/fakeddit_images/266.jpg,found a smoothly ushaped piece of spaghetti,1,a package of spaghetti and a wooden spoon,Real,Real,Real,"The image shows a package of spaghetti and a wooden spoon, which aligns with the headline about a piece of spaghetti. There is nothing visually suspicious or contradictory in the image or headline.",Real,No,High,"My initial impression was that the news item is real because the image clearly shows spaghetti and a wooden spoon, which fits the headline about finding a smoothly U-shaped piece of spaghetti. The AI-generated image description accurately describes the image, so the consistency tool's scores are trustworthy. The vision tool detected relevant visual concepts like spaghetti and spatula and classified the image as Real with moderate confidence. The text tool strongly classified the headline as Real with high confidence and no sensational sentiment. The consistency tool showed moderate alignment between the headline and the AI caption and between the image and the headline, which is expected given the simple content. Overall, the forensic tools confirmed my initial impression, so I maintain the classification as Real with high confidence.","When evaluating similar content, focus on whether the image and headline logically correspond and avoid jumping to conclusions based on vague or minimal claims. Use multiple tools to verify alignment and authenticity before deciding.","{
  ""Initial_Impression"": ""Real"",
  ""Initial_Reasoning"": ""The image shows a package of spaghetti and a wooden spoon, which aligns with the headline about a piece of spaghetti. There is nothing visually suspicious or contradictory in the image or headline."",
  ""Final_Decision"": ""Real"",
  ""Did_Decision_Change"": ""No"",
  ""Decision_Confidence"": ""High"",
  ""Explanation"": ""My initial impression was that the news item is real because the image clearly shows spaghetti and a wooden spoon, which fits the headline about finding a smoothly U-shaped piece of spaghetti. The AI-generated image description accurately describes the image, so the consistency tool's scores are trustworthy. The vision tool detected relevant visual concepts like spaghetti and spatula and classified the image as Real with moderate confidence. The text tool strongly classified the headline as Real with high confidence and no sensational sentiment. The consistency tool showed moderate alignment between the headline and the AI caption and between the image and the headline, which is expected given the simple content. Overall, the forensic tools confirmed my initial impression, so I maintain the classification as Real with high confidence."",
  ""Nudge"": ""When evaluating similar content, focus on whether the image and headline logically correspond and avoid jumping to conclusions based on vague or minimal claims. Use multiple tools to verify alignment and authenticity before deciding.""
}"
/content/FakeNews/assets/content/fakeddit_images/112.jpg,mit surprises ahmed mohamed during live interview,1,two people in hijab sitting next to each other,Real,Real,Fake,"The headline claims 'mit surprises ahmed mohamed during live interview' which suggests a surprising or sensational event, but the image shows two people in hijab sitting next to each other, which does not visually support the headline's claim or context.",Real,Yes,Medium,"Initially, the headline seemed sensational and the image did not appear to match the claim, leading to an impression of potential fake news. The AI image description 'two people in hijab sitting next to each other' is accurate to the image, so the consistency tool's scores are somewhat trustworthy. The vision tool classified the image as Real with moderate confidence, and the text tool strongly classified the headline as Real with high confidence and only mild positive sentiment, indicating low sensationalism. The consistency scores between headline and caption (0.085) and image to headline (0.327) are low but not contradictory, suggesting weak but not opposing alignment. Overall, the forensic tools indicate the content is likely Real despite the weak alignment, and the headline is not flagged as fake. Therefore, I changed my decision to Real with medium confidence due to the mixed but mostly supportive evidence.","When encountering headlines that seem sensational or surprising, always check if the accompanying image and description truly support the claim, and use multiple tools or sources to verify alignment before concluding the content is fake.","{
  ""Initial_Impression"": ""Fake"",
  ""Initial_Reasoning"": ""The headline claims 'mit surprises ahmed mohamed during live interview' which suggests a surprising or sensational event, but the image shows two people in hijab sitting next to each other, which does not visually support the headline's claim or context."",
  ""Final_Decision"": ""Real"",
  ""Did_Decision_Change"": ""Yes"",
  ""Decision_Confidence"": ""Medium"",
  ""Explanation"": ""Initially, the headline seemed sensational and the image did not appear to match the claim, leading to an impression of potential fake news. The AI image description 'two people in hijab sitting next to each other' is accurate to the image, so the consistency tool's scores are somewhat trustworthy. The vision tool classified the image as Real with moderate confidence, and the text tool strongly classified the headline as Real with high confidence and only mild positive sentiment, indicating low sensationalism. The consistency scores between headline and caption (0.085) and image to headline (0.327) are low but not contradictory, suggesting weak but not opposing alignment. Overall, the forensic tools indicate the content is likely Real despite the weak alignment, and the headline is not flagged as fake. Therefore, I changed my decision to Real with medium confidence due to the mixed but mostly supportive evidence."",
  ""Nudge"": ""When encountering headlines that seem sensational or surprising, always check if the accompanying image and description truly support the claim, and use multiple tools or sources to verify alignment before concluding the content is fake.""
}"
/content/FakeNews/assets/content/fakeddit_images/167.jpg,tuna sushi rat,0,"armadillos are cute, but they're also deadly",Real,Fake,Fake,"The headline 'tuna sushi rat' is nonsensical and does not seem to relate logically to the image, which appears to show an armadillo-like creature. The mismatch between the headline and the image raises suspicion about the authenticity of the news item.",Fake,No,High,"My initial impression was that the news item is fake due to the bizarre and unrelated headline compared to the image content. The AI-generated image description about armadillos is accurate and matches the visual content, confirming the image shows an armadillo or similar animal. The vision tool classified the image as Real but with low confidence, detecting concepts related to armadillos and reptiles, which aligns with the image. However, the text tool strongly flagged the headline as Fake with high confidence, indicating the headline is likely misleading or fabricated. The consistency tool showed very low similarity scores between the headline and the AI caption, and between the image and the headline, confirming a semantic and cross-modal mismatch. This evidence supports the conclusion that the headline is unrelated and misleading, making the news item fake. The tools confirmed my initial intuition without contradiction, so my decision remains unchanged with high confidence.","When encountering strange or nonsensical headlines, always check if the headline logically relates to the image or content. Mismatches often indicate misinformation or fake news.","{
  ""Initial_Impression"": ""Fake"",
  ""Initial_Reasoning"": ""The headline 'tuna sushi rat' is nonsensical and does not seem to relate logically to the image, which appears to show an armadillo-like creature. The mismatch between the headline and the image raises suspicion about the authenticity of the news item."",
  ""Final_Decision"": ""Fake"",
  ""Did_Decision_Change"": ""No"",
  ""Decision_Confidence"": ""High"",
  ""Explanation"": ""My initial impression was that the news item is fake due to the bizarre and unrelated headline compared to the image content. The AI-generated image description about armadillos is accurate and matches the visual content, confirming the image shows an armadillo or similar animal. The vision tool classified the image as Real but with low confidence, detecting concepts related to armadillos and reptiles, which aligns with the image. However, the text tool strongly flagged the headline as Fake with high confidence, indicating the headline is likely misleading or fabricated. The consistency tool showed very low similarity scores between the headline and the AI caption, and between the image and the headline, confirming a semantic and cross-modal mismatch. This evidence supports the conclusion that the headline is unrelated and misleading, making the news item fake. The tools confirmed my initial intuition without contradiction, so my decision remains unchanged with high confidence."",
  ""Nudge"": ""When encountering strange or nonsensical headlines, always check if the headline logically relates to the image or content. Mismatches often indicate misinformation or fake news.""
}"
/content/FakeNews/assets/content/fakeddit_images/236.jpg,anticommunim is my duty lets protect it with my own power south korea s,0,"a poster with the words ""the north korean people's war""",Real,Fake,Fake,"The headline is poorly written with spelling errors and awkward phrasing, which is typical of fake or low-quality news. The image appears to be a poster with text that does not clearly relate to the headline, raising suspicion about the content's authenticity.",Fake,No,High,"My initial impression was that the news item is fake due to the incoherent and misspelled headline and the unclear connection between the image and the headline. The AI-generated image description was somewhat accurate, describing a poster with words related to North Korea's war, which does not align well with the headline about South Korea and anti-communism. The vision tool classified the image as Real but with low confidence (about 50%), and the visual concepts detected were generic and not strongly indicative of the headline's claim. The text tool strongly flagged the headline as Fake with very high confidence (99.8%) and detected a somewhat sensational sentiment. The consistency tool showed low similarity scores between the headline and the AI caption (0.43) and between the image and the headline (0.27), indicating poor alignment. These forensic results confirm my initial suspicion that this is malicious fake news. Therefore, I maintain the final decision as Fake with high confidence.","When encountering news with poorly written or misspelled headlines and images that don't clearly relate to the text, be skeptical and check for consistency between the image and the claim before trusting the content.","{
  ""Initial_Impression"": ""Fake"",
  ""Initial_Reasoning"": ""The headline is poorly written with spelling errors and awkward phrasing, which is typical of fake or low-quality news. The image appears to be a poster with text that does not clearly relate to the headline, raising suspicion about the content's authenticity."",
  ""Final_Decision"": ""Fake"",
  ""Did_Decision_Change"": ""No"",
  ""Decision_Confidence"": ""High"",
  ""Explanation"": ""My initial impression was that the news item is fake due to the incoherent and misspelled headline and the unclear connection between the image and the headline. The AI-generated image description was somewhat accurate, describing a poster with words related to North Korea's war, which does not align well with the headline about South Korea and anti-communism. The vision tool classified the image as Real but with low confidence (about 50%), and the visual concepts detected were generic and not strongly indicative of the headline's claim. The text tool strongly flagged the headline as Fake with very high confidence (99.8%) and detected a somewhat sensational sentiment. The consistency tool showed low similarity scores between the headline and the AI caption (0.43) and between the image and the headline (0.27), indicating poor alignment. These forensic results confirm my initial suspicion that this is malicious fake news. Therefore, I maintain the final decision as Fake with high confidence."",
  ""Nudge"": ""When encountering news with poorly written or misspelled headlines and images that don't clearly relate to the text, be skeptical and check for consistency between the image and the claim before trusting the content.""
}"
/content/FakeNews/assets/content/fakeddit_images/29.jpg,chinese village doctor overcomes amputation to make house calls on only one leg,1,a man walking down a dirt road with a cane,Real,Real,Real,"The image shows a man walking with a cane on a dirt road, which visually supports the headline about a doctor making house calls on one leg. The headline is plausible and not sensational.",Real,No,High,"My initial impression was that the news item is real because the image clearly depicts a man walking with a cane, consistent with the headline about a doctor overcoming amputation to make house calls on one leg. The AI image description accurately describes the image as 'a man walking down a dirt road with a cane,' which is reliable. The vision tool classified the image as real with moderate confidence and detected relevant visual concepts. The text tool strongly classified the headline as real with very high confidence and neutral sentiment, indicating no sensationalism. The consistency tool showed moderate but positive alignment between the headline, AI caption, and image, supporting coherence. Overall, the forensic tools confirmed my initial intuition, and there is no evidence of manipulation or misinformation.","When evaluating similar content, focus on whether the visual evidence directly supports the headline and watch out for sensational or exaggerated language that might indicate fake news.","{
  ""Initial_Impression"": ""Real"",
  ""Initial_Reasoning"": ""The image shows a man walking with a cane on a dirt road, which visually supports the headline about a doctor making house calls on one leg. The headline is plausible and not sensational."",
  ""Final_Decision"": ""Real"",
  ""Did_Decision_Change"": ""No"",
  ""Decision_Confidence"": ""High"",
  ""Explanation"": ""My initial impression was that the news item is real because the image clearly depicts a man walking with a cane, consistent with the headline about a doctor overcoming amputation to make house calls on one leg. The AI image description accurately describes the image as 'a man walking down a dirt road with a cane,' which is reliable. The vision tool classified the image as real with moderate confidence and detected relevant visual concepts. The text tool strongly classified the headline as real with very high confidence and neutral sentiment, indicating no sensationalism. The consistency tool showed moderate but positive alignment between the headline, AI caption, and image, supporting coherence. Overall, the forensic tools confirmed my initial intuition, and there is no evidence of manipulation or misinformation."",
  ""Nudge"": ""When evaluating similar content, focus on whether the visual evidence directly supports the headline and watch out for sensational or exaggerated language that might indicate fake news.""
}"
/content/FakeNews/assets/content/fakeddit_images/28.jpg,a nazi general still alive after being sentenced to death by firing squad,0,a cartoon character is hanging from a door,Real,Fake,Fake,"The headline claims a Nazi general is still alive after a death sentence, which is sensational and historically unlikely. The image appears to be a cartoonish or staged scene, not a real photo of a person, which raises suspicion about the news item's authenticity.",Fake,No,High,"My initial impression was that the news item is fake due to the sensational nature of the headline and the cartoonish appearance of the image. The AI-generated image description stating 'a cartoon character is hanging from a door' is accurate in capturing the image's content, confirming the image is not a real photo but a cartoon or illustration. The vision tool classified the image as Real but with very low confidence (around 0.51), likely because it detected unrelated visual concepts and not a real person. The text tool strongly flagged the headline as Fake with very high confidence (0.999), and the sentiment analysis showed a negative, sensational tone (-0.5859), consistent with fake news characteristics. The consistency tool showed very low similarity scores between the headline and the AI caption (0.0978) and between the image and the headline (0.231), indicating poor alignment and further supporting the conclusion that the headline and image do not correspond to a truthful news story. Overall, the forensic tools confirmed my initial skepticism, and I maintain the classification of this news item as Fake with high confidence.","Be cautious of sensational headlines that make extraordinary claims, especially when paired with images that look cartoonish or staged. Always check if the image content matches the headline and seek corroboration from reliable sources before accepting such news as true.","{
  ""Initial_Impression"": ""Fake"",
  ""Initial_Reasoning"": ""The headline claims a Nazi general is still alive after a death sentence, which is sensational and historically unlikely. The image appears to be a cartoonish or staged scene, not a real photo of a person, which raises suspicion about the news item's authenticity."",
  ""Final_Decision"": ""Fake"",
  ""Did_Decision_Change"": ""No"",
  ""Decision_Confidence"": ""High"",
  ""Explanation"": ""My initial impression was that the news item is fake due to the sensational nature of the headline and the cartoonish appearance of the image. The AI-generated image description stating 'a cartoon character is hanging from a door' is accurate in capturing the image's content, confirming the image is not a real photo but a cartoon or illustration. The vision tool classified the image as Real but with very low confidence (around 0.51), likely because it detected unrelated visual concepts and not a real person. The text tool strongly flagged the headline as Fake with very high confidence (0.999), and the sentiment analysis showed a negative, sensational tone (-0.5859), consistent with fake news characteristics. The consistency tool showed very low similarity scores between the headline and the AI caption (0.0978) and between the image and the headline (0.231), indicating poor alignment and further supporting the conclusion that the headline and image do not correspond to a truthful news story. Overall, the forensic tools confirmed my initial skepticism, and I maintain the classification of this news item as Fake with high confidence."",
  ""Nudge"": ""Be cautious of sensational headlines that make extraordinary claims, especially when paired with images that look cartoonish or staged. Always check if the image content matches the headline and seek corroboration from reliable sources before accepting such news as true.""
}"
/content/FakeNews/assets/content/fakeddit_images/129.jpg,travel agent booked a window seat,1,a man sitting on a plane,Fake,Real,Real,"The image shows a man sitting on a plane, which aligns with the headline about a travel agent booking a window seat. The scene looks plausible and not sensational.",Fake,Yes,Medium,"Initially, the image and headline seemed consistent and believable, suggesting a real news item. The AI description accurately described the image as 'a man sitting on a plane,' which matched my visual observation. However, the vision tool flagged the image as potentially fake with moderate confidence, indicating possible manipulation or inconsistency in the visual content. The text tool classified the headline as real with good confidence and neutral sentiment, which supports the headline's plausibility. The consistency tool showed low similarity scores between the headline and AI caption (0.36) and between the image and headline (0.30), indicating weak alignment and possible mismatch in the content. Given the vision tool's fake flag and the low consistency scores, I revised my decision to classify this news item as fake, though with medium confidence due to mixed signals.","When evaluating news items, pay close attention to whether the image and headline strongly align semantically and visually; low alignment can be a red flag for misinformation or manipulated content.","{
  ""Initial_Impression"": ""Real"",
  ""Initial_Reasoning"": ""The image shows a man sitting on a plane, which aligns with the headline about a travel agent booking a window seat. The scene looks plausible and not sensational."",
  ""Final_Decision"": ""Fake"",
  ""Did_Decision_Change"": ""Yes"",
  ""Decision_Confidence"": ""Medium"",
  ""Explanation"": ""Initially, the image and headline seemed consistent and believable, suggesting a real news item. The AI description accurately described the image as 'a man sitting on a plane,' which matched my visual observation. However, the vision tool flagged the image as potentially fake with moderate confidence, indicating possible manipulation or inconsistency in the visual content. The text tool classified the headline as real with good confidence and neutral sentiment, which supports the headline's plausibility. The consistency tool showed low similarity scores between the headline and AI caption (0.36) and between the image and headline (0.30), indicating weak alignment and possible mismatch in the content. Given the vision tool's fake flag and the low consistency scores, I revised my decision to classify this news item as fake, though with medium confidence due to mixed signals."",
  ""Nudge"": ""When evaluating news items, pay close attention to whether the image and headline strongly align semantically and visually; low alignment can be a red flag for misinformation or manipulated content.""
}"
/content/FakeNews/assets/content/fakeddit_images/287.jpg,katy perry singing with a parrot in the jungle,1,a woman in a bikini holding a parrot,Real,Real,Fake,"The headline claims 'katy perry singing with a parrot in the jungle,' but the image shows a woman in a bikini holding a parrot, with no clear indication that it is Katy Perry or that she is singing in a jungle setting.",Real,Yes,Medium,"Initially, the image and headline seemed inconsistent because the woman in the image does not clearly resemble Katy Perry, and the setting does not strongly suggest a jungle or singing activity. The AI description 'a woman in a bikini holding a parrot' is accurate and matches the image well, so the description is reliable. The vision tool classified the image as Real with moderate confidence, detecting relevant visual concepts such as a microphone and a parrot, which could relate to singing. The text tool strongly classified the headline as Real with very high confidence and neutral sentiment, indicating no sensationalism. The consistency tool showed moderate alignment between the headline and the AI caption (0.44) and between the image and the headline (0.32), suggesting some semantic relation but not perfect. Given the tools' evidence, especially the strong text classification and the vision tool's Real label, the content is more likely Real, possibly a genuine but loosely described event. However, the moderate alignment and the lack of explicit visual confirmation of Katy Perry or a jungle setting keep confidence at medium.","When evaluating celebrity-related news with images, look for clear visual or contextual cues that confirm the identity and setting rather than relying solely on captions or headlines, which can sometimes be vague or misleading.","{
  ""Initial_Impression"": ""Fake"",
  ""Initial_Reasoning"": ""The headline claims 'katy perry singing with a parrot in the jungle,' but the image shows a woman in a bikini holding a parrot, with no clear indication that it is Katy Perry or that she is singing in a jungle setting."",
  ""Final_Decision"": ""Real"",
  ""Did_Decision_Change"": ""Yes"",
  ""Decision_Confidence"": ""Medium"",
  ""Explanation"": ""Initially, the image and headline seemed inconsistent because the woman in the image does not clearly resemble Katy Perry, and the setting does not strongly suggest a jungle or singing activity. The AI description 'a woman in a bikini holding a parrot' is accurate and matches the image well, so the description is reliable. The vision tool classified the image as Real with moderate confidence, detecting relevant visual concepts such as a microphone and a parrot, which could relate to singing. The text tool strongly classified the headline as Real with very high confidence and neutral sentiment, indicating no sensationalism. The consistency tool showed moderate alignment between the headline and the AI caption (0.44) and between the image and the headline (0.32), suggesting some semantic relation but not perfect. Given the tools' evidence, especially the strong text classification and the vision tool's Real label, the content is more likely Real, possibly a genuine but loosely described event. However, the moderate alignment and the lack of explicit visual confirmation of Katy Perry or a jungle setting keep confidence at medium."",
  ""Nudge"": ""When evaluating celebrity-related news with images, look for clear visual or contextual cues that confirm the identity and setting rather than relying solely on captions or headlines, which can sometimes be vague or misleading.""
}"
